id,firstName,lastName,company,email,phone,status,source,industry,leadScore,sourceDetail,campaign,rawPayload,isStrategic,optedOutEmail,subject,body,budgetRange,customerId,leadNumber,categoriesData,recipientEmail,assignmentMethod,lastWhatsappAt,unreadWhatsappCount,whatsappPhone,communicationChannel,createdAt,updatedAt,assignedToId,temperature,temperatureOverride,lastInboundAt,responsivenessScore,assignmentType,nextAction,nextActionDue,qualificationData,accountId,campaignId,adId,sourceType,sourceChannel,sourceName,referringAccountId,firstTouchAttribution,lastTouchAttribution
71575133-d609-4bb5-b79f-005b6a237b56,David,Miller,Apex Robotics Systems,lead_1786949195472@apexrobotics.io,+15559876543,CONVERTED,Website,,90,,,,f,f,,,,34385301-cec9-455f-94bc-b3351b22edb8,LD-195472,,,,,0,,email,2026-08-17 06:46:35.474+00,2026-08-17 07:06:46.811+00,63fa2b66-da53-4776-811f-81daad0b4364,Hot,f,,0,AUTOMATIC,Prepare Quote,2026-08-18 06:46:36.48+00,"{""requirement"":""Turnkey Autonomous Sorting System (5 lines)"",""estimatedValue"":1800000,""budget"":""₹18L - ₹22L"",""timeline"":""Q3 Deployment"",""decisionMaker"":""David Miller (VP Operations)"",""productService"":""General Solutions"",""probability"":50,""notes"":"""",""qualifiedAt"":""2026-08-17T06:46:38.541Z"",""qualifiedBy"":""63fa2b66-da53-4776-811f-81daad0b4364"",""opportunityId"":""94a469d9-4559-416f-a4d6-05f6c4431861"",""accountId"":""74fc81fa-038d-4efc-9a07-201d9e4b21ba""}",34385301-cec9-455f-94bc-b3351b22edb8,,,,,,,,
15ab410c-3555-41b0-b7fa-a10a258e3196,David,Jackson,Horizon Energy Inc.,david.jackson@horizonenergyinc.com,+1 (254) 973-1531,NEW,G2 Crowd Lead,Food & Beverage,76,,Q1 Enterprise Tech Expo,,f,f,,,$388k,c5486868-dbea-497e-9826-ef2053152713,LD-2025-01004,,,,,0,,,2025-10-15 11:09:07.304+00,2026-08-05 11:09:07.304+00,604bb8ab-99ba-4134-8053-815900a040c0,Warm,f,,0,AUTOMATIC,Reply to Lead,,,c5486868-dbea-497e-9826-ef2053152713,,,,,,,,
e47b9143-7fc3-4d80-a33b-42dba18007ed,Michael,Hill,Titan Pharmaceuticals Group,michael.hill@titanpharmaceuticalsgroup.com,+1 (522) 956-5623,NEW,WhatsApp Inbound,Logistics,53,,LinkedIn Account Based Marketing,,f,f,,,$160k,e8aa6b7c-68c2-4a0a-ab45-f673aaf7abcc,LD-2025-01496,,,,2026-08-05 11:11:05.327+00,3,,,2025-09-08 11:11:05.327+00,2026-08-17 07:17:38.006+00,44eb7440-fb3c-48fc-80f4-4eefdcbab25e,Warm,f,,0,AUTOMATIC,Reply to Lead,2026-08-17 09:17:38.006+00,,e8aa6b7c-68c2-4a0a-ab45-f673aaf7abcc,,,,,,,,
a70852be-27f7-4e05-a103-5531471ade38,Alexander,Vance,Nexus Industrial Systems 658827,lead_658827@nexus-industrial.com,+966551234567,CONVERTED,Website,Manufacturing,100,Industrial Automation Demo Form,Automation 2026 Promo,,f,f,,Looking for complete automated PLC control packaging lines.,"₹20,00,000 - ₹50,00,000",23a9695f-9bb7-42d7-8f30-f221c746bb45,LD-001079,,,,,0,,email,2026-08-17 07:45:35.316+00,2026-08-17 07:45:58.01+00,75a47989-b9ac-4733-a4ba-d3568a7b193c,Hot,f,,0,AUTOMATIC,Follow Up on Opportunity,2026-08-18 07:45:38.693+00,"{""requirement"":""2 Industrial PLC Packaging Lines with Conveyors"",""estimatedValue"":2400000,""budget"":""Approved ₹25,00,000 CapEx"",""timeline"":""Within 60 Days"",""decisionMaker"":""Alexander Vance (Managing Director)"",""productService"":""General Solutions"",""probability"":50,""notes"":""High intent client, ready for immediate proposal."",""qualifiedAt"":""2026-08-17T07:45:41.152Z"",""qualifiedBy"":""42a679ed-ba3b-4b85-bf6a-9d83beb83b78"",""opportunityId"":""208bc056-eea9-4b25-b87b-30c3ac9ee323"",""accountId"":""23a9695f-9bb7-42d7-8f30-f221c746bb45"",""convertedAt"":""2026-08-17T07:45:41.152Z"",""convertedAccountId"":""23a9695f-9bb7-42d7-8f30-f221c746bb45"",""convertedContactId"":""aceab87c-0d23-4262-9d62-fdb5623390f8"",""convertedOpportunityId"":""208bc056-eea9-4b25-b87b-30c3ac9ee323""}",23a9695f-9bb7-42d7-8f30-f221c746bb45,,,,,,,,
a5bff11f-5672-4549-8f4c-158db4d207b3,Alexander,Vance,Nexus Industrial Systems 890419,lead_890419@nexus-industrial.com,+966551234567,NEW,Website,,100,,,,f,f,,Second enquiry for expansion.,,cad6bd3b-9cd1-46a9-b5d5-1bc10ab4b3ee,LD-001081,,,,,0,,email,2026-08-17 07:48:28.559+00,2026-08-17 09:46:15.621+00,75a47989-b9ac-4733-a4ba-d3568a7b193c,Hot,f,,0,AUTOMATIC,Reply to Lead,2026-08-17 09:48:28.559+00,,cad6bd3b-9cd1-46a9-b5d5-1bc10ab4b3ee,,,,,,,,
74bd457d-67e6-47af-8576-ce22b71db80e,Hassan,Raza,KFN Holdings,hassan.raza@kfn.com.sa,+966551122334,NEW,LinkedIn,,95,LinkedIn Lead Gen Forms Mock,Enterprise Prefab Buildings,"{""simulated"":true,""linkedin_form_id"":""li_form_993"",""profile_url"":""linkedin.com/in/hassanraza""}",f,f,,,,adc833ad-1be5-41fe-9540-6f265e97aa49,LD-001083,,,,,0,,email,2026-08-17 09:43:26.246+00,2026-08-17 09:46:15.853+00,75a47989-b9ac-4733-a4ba-d3568a7b193c,Hot,f,,0,AUTOMATIC,Reply to Lead,2026-08-17 11:43:26.246+00,,adc833ad-1be5-41fe-9540-6f265e97aa49,,,,,,,,
33a34087-81fc-407c-a078-3901d1e6fe26,Tariq,Jameel,BuildCorp LLC,tariq@buildcorp.ae,+971509876543,NEW,Facebook,,85,Meta Ads Lead Form Mock,Prefab Office Ads,"{""simulated"":true,""ad_id"":""meta_ad_prefab_101"",""lead_id"":""fb_lead_55029""}",f,f,,,,695729d5-b8d4-4caf-9188-262a2db133aa,LD-001085,,,,,0,,email,2026-08-17 09:45:24.882+00,2026-08-17 09:46:16.084+00,75a47989-b9ac-4733-a4ba-d3568a7b193c,Hot,f,,0,AUTOMATIC,Reply to Lead,2026-08-17 11:45:24.881+00,,695729d5-b8d4-4caf-9188-262a2db133aa,,,,,,,,
e22df154-6b80-4cf0-b7b2-9a6437fedbc3,Majed,Al-Otaibi,Riyadh Construction,majed@riyadhconst.com,+966501234567,NEW,Email,,85,Gmail Mock Integration,GCC Site Cabin Campaign,"{""simulated"":true,""headers"":{""from"":""majed@riyadhconst.com"",""subject"":""Quote request for site cabins""}}",f,f,,,,e36adc11-50c5-40bd-b627-2db2eb404c50,LD-001086,,,,,0,,email,2026-08-17 09:45:34.319+00,2026-08-17 09:46:16.316+00,75a47989-b9ac-4733-a4ba-d3568a7b193c,Hot,f,,0,AUTOMATIC,Reply to Lead,2026-08-17 11:45:34.318+00,,e36adc11-50c5-40bd-b627-2db2eb404c50,,,,,,,,
3e38e4c7-74bf-4833-8819-30f8e54276d9,Alexander,Vance,Nexus Industrial Systems 974189,lead_974189@nexus-industrial.com,+966551234567,CONVERTED,Website,Manufacturing,100,Industrial Automation Demo Form,Automation 2026 Promo,,f,f,,Looking for complete automated PLC control packaging lines.,"₹20,00,000 - ₹50,00,000",a8e20e35-77fe-49f3-b6bd-af070872b940,LD-2026-01087,,,,,0,,email,2026-08-17 09:46:17.668+00,2026-08-17 09:47:41.54+00,75a47989-b9ac-4733-a4ba-d3568a7b193c,Hot,f,,0,AUTOMATIC,Follow Up on Opportunity,2026-08-18 09:46:21.252+00,"{""requirement"":""2 Industrial PLC Packaging Lines with Conveyors"",""estimatedValue"":2400000,""budget"":""Approved ₹25,00,000 CapEx"",""timeline"":""Within 60 Days"",""decisionMaker"":""Alexander Vance (Managing Director)"",""productService"":""General Solutions"",""probability"":50,""notes"":""High intent client, ready for immediate proposal."",""qualifiedAt"":""2026-08-17T09:46:24.096Z"",""qualifiedBy"":""42a679ed-ba3b-4b85-bf6a-9d83beb83b78"",""opportunityId"":""e43766be-cd8a-4eaf-a628-3f2d549d43e8"",""accountId"":""a8e20e35-77fe-49f3-b6bd-af070872b940"",""convertedAt"":""2026-08-17T09:46:24.096Z"",""convertedAccountId"":""a8e20e35-77fe-49f3-b6bd-af070872b940"",""convertedContactId"":""02c3d0c0-d71a-4d0f-b9d0-ce687084b621"",""convertedOpportunityId"":""e43766be-cd8a-4eaf-a628-3f2d549d43e8""}",a8e20e35-77fe-49f3-b6bd-af070872b940,,,,,,,,
09b12554-6aab-468f-abfd-510e82a04e0a,Alexander,Vance,Nexus Industrial Systems 974189,lead_974189@nexus-industrial.com,+966551234567,NEW,Website,,100,,,,f,f,,Second enquiry for expansion.,,a8e20e35-77fe-49f3-b6bd-af070872b940,LD-2026-01088,,,,,0,,email,2026-08-17 09:46:34.485+00,2026-08-17 09:47:41.777+00,75a47989-b9ac-4733-a4ba-d3568a7b193c,Hot,f,,0,AUTOMATIC,Reply to Lead,2026-08-17 11:46:34.485+00,,a8e20e35-77fe-49f3-b6bd-af070872b940,,,,,,,,
0608fa65-f52b-4822-8b72-c2312f0f0508,Susan,White,Pinnacle Robotics Inc.,susan.white@pinnacleroboticsinc.com,+1 (769) 679-6428,NEW,Partner Referral,FMCG,59,,Q1 Enterprise Tech Expo,,f,f,,,$146k,099261bd-f4cb-4545-bf46-3b461d7707ce,LD-2025-01005,,,,,0,,,2026-02-23 11:09:07.541+00,2026-08-05 11:09:07.542+00,bfdf8c1f-fe23-4dfb-b2da-5faedf129c36,Warm,f,,0,AUTOMATIC,Reply to Lead,,,099261bd-f4cb-4545-bf46-3b461d7707ce,,,,,,,,
be760276-1baa-4088-ad9a-856dceb90df8,Alexander,Vance,Nexus Industrial Systems 890419,lead_890419@nexus-industrial.com,+966551234567,CONVERTED,Website,Manufacturing,100,Industrial Automation Demo Form,Automation 2026 Promo,,f,f,,Looking for complete automated PLC control packaging lines.,"₹20,00,000 - ₹50,00,000",cad6bd3b-9cd1-46a9-b5d5-1bc10ab4b3ee,LD-001080,,,,,0,,email,2026-08-17 07:48:13.257+00,2026-08-17 09:46:16.547+00,75a47989-b9ac-4733-a4ba-d3568a7b193c,Hot,f,,0,AUTOMATIC,Follow Up on Opportunity,2026-08-18 07:48:16.518+00,"{""requirement"":""2 Industrial PLC Packaging Lines with Conveyors"",""estimatedValue"":2400000,""budget"":""Approved ₹25,00,000 CapEx"",""timeline"":""Within 60 Days"",""decisionMaker"":""Alexander Vance (Managing Director)"",""productService"":""General Solutions"",""probability"":50,""notes"":""High intent client, ready for immediate proposal."",""qualifiedAt"":""2026-08-17T07:48:18.914Z"",""qualifiedBy"":""42a679ed-ba3b-4b85-bf6a-9d83beb83b78"",""opportunityId"":""68dede40-f7bf-46e6-a270-c44e70b012f2"",""accountId"":""cad6bd3b-9cd1-46a9-b5d5-1bc10ab4b3ee"",""convertedAt"":""2026-08-17T07:48:18.914Z"",""convertedAccountId"":""cad6bd3b-9cd1-46a9-b5d5-1bc10ab4b3ee"",""convertedContactId"":""008ef736-29e8-486a-b5c0-3cc7755a70dc"",""convertedOpportunityId"":""68dede40-f7bf-46e6-a270-c44e70b012f2""}",cad6bd3b-9cd1-46a9-b5d5-1bc10ab4b3ee,,,,,,,,
0d2ec284-e7b9-450b-a70f-04d9f56d9baa,Hassan,Raza,KFN Holdings,hassan.raza@kfn.com.sa,+966551122334,NEW,LinkedIn,,95,LinkedIn Lead Gen Forms Mock,Enterprise Prefab Buildings,"{""simulated"":true,""linkedin_form_id"":""li_form_993"",""profile_url"":""linkedin.com/in/hassanraza""}",f,f,,,,adc833ad-1be5-41fe-9540-6f265e97aa49,LD-001082,,,,,0,,email,2026-08-17 07:50:15.946+00,2026-08-17 09:46:16.778+00,75a47989-b9ac-4733-a4ba-d3568a7b193c,Hot,f,,0,AUTOMATIC,Reply to Lead,2026-08-17 09:50:15.945+00,,adc833ad-1be5-41fe-9540-6f265e97aa49,,,,,,,,
be3165ac-3cca-4785-8e91-b26d8b5cc32d,Tariq,Jameel,BuildCorp LLC,tariq@buildcorp.ae,+971509876543,NEW,Facebook,,85,Meta Ads Lead Form Mock,Prefab Office Ads,"{""simulated"":true,""ad_id"":""meta_ad_prefab_101"",""lead_id"":""fb_lead_55029""}",f,f,,,,695729d5-b8d4-4caf-9188-262a2db133aa,LD-001084,,,,,0,,email,2026-08-17 09:43:43.006+00,2026-08-17 09:46:17.01+00,75a47989-b9ac-4733-a4ba-d3568a7b193c,Hot,f,,0,AUTOMATIC,Reply to Lead,2026-08-17 11:43:43.006+00,,695729d5-b8d4-4caf-9188-262a2db133aa,,,,,,,,
9ea5876f-cb46-40b7-94fe-c3bddb9e216c,Khaled,Al-Masri,Red Sea Dev,khaled@redseadev.sa,+966501234567,NEW,Email,,85,Gmail Mock Integration,GCC Site Cabin Campaign,"{""simulated"":true,""headers"":{""from"":""khaled@redseadev.sa"",""subject"":""Quote request for site cabins""}}",f,f,,,,d495c3f1-f1ca-4a27-b225-1a3bac55381b,LD-2026-01090-2580,,,,,0,,email,2026-08-17 09:49:50.725+00,2026-08-17 09:58:35.559+00,eed70aae-cb82-42cc-a98a-d55cdf52d3b8,Hot,f,,0,AUTOMATIC,Reply to Lead,2026-08-17 11:49:50.724+00,,d495c3f1-f1ca-4a27-b225-1a3bac55381b,,,,,,,,
63a3f316-e016-4f9e-bfb9-16a4934efc12,Yasmin,Qureshi,Designers Hub,yasmin@designershub.com,+971509876543,NEW,Facebook,,85,Meta Ads Lead Form Mock,Prefab Office Ads,"{""simulated"":true,""ad_id"":""meta_ad_prefab_101"",""lead_id"":""fb_lead_55029""}",f,f,,,,c8790cac-50df-4f73-b38d-9f5ae1bf88ce,LD-2026-01092,,,,,0,,email,2026-08-17 09:51:33.648+00,2026-08-17 09:58:35.845+00,eed70aae-cb82-42cc-a98a-d55cdf52d3b8,Hot,f,,0,AUTOMATIC,Reply to Lead,2026-08-17 11:51:33.648+00,,c8790cac-50df-4f73-b38d-9f5ae1bf88ce,,,,,,,,
bf3f5483-8091-4072-865b-8ae36e245554,Hassan,Raza,KFN Holdings,hassan.raza@kfn.com.sa,+966551122334,NEW,LinkedIn,,95,LinkedIn Lead Gen Forms Mock,Enterprise Prefab Buildings,"{""simulated"":true,""linkedin_form_id"":""li_form_993"",""profile_url"":""linkedin.com/in/hassanraza""}",f,f,,,,adc833ad-1be5-41fe-9540-6f265e97aa49,LD-2026-01089,,,,,0,,email,2026-08-17 09:49:33.784+00,2026-08-17 09:58:35.041+00,75a47989-b9ac-4733-a4ba-d3568a7b193c,Hot,f,,0,AUTOMATIC,Reply to Lead,2026-08-17 11:49:33.783+00,,adc833ad-1be5-41fe-9540-6f265e97aa49,,,,,,,,
167fd06b-cba4-485f-bfbd-f0cbdfa20c1b,Yasmin,Qureshi,Designers Hub,yasmin@designershub.com,+971509876543,NEW,Facebook,,85,Meta Ads Lead Form Mock,Prefab Office Ads,"{""simulated"":true,""ad_id"":""meta_ad_prefab_101"",""lead_id"":""fb_lead_55029""}",f,f,,,,c8790cac-50df-4f73-b38d-9f5ae1bf88ce,LD-2026-01090,,,,,0,,email,2026-08-17 09:49:50.487+00,2026-08-17 09:58:35.292+00,eed70aae-cb82-42cc-a98a-d55cdf52d3b8,Hot,f,,0,AUTOMATIC,Reply to Lead,2026-08-17 11:49:50.486+00,,c8790cac-50df-4f73-b38d-9f5ae1bf88ce,,,,,,,,
8f01bb90-1c5c-4d6d-908d-c7ab21aaba73,Yasmin,Qureshi,Designers Hub,yasmin@designershub.com,+971509876543,NEW,Facebook,,85,Meta Ads Lead Form Mock,Prefab Office Ads,"{""simulated"":true,""ad_id"":""meta_ad_prefab_101"",""lead_id"":""fb_lead_55029""}",f,f,,,,c8790cac-50df-4f73-b38d-9f5ae1bf88ce,LD-2026-01093,,,,,0,,email,2026-08-17 09:53:33.714+00,2026-08-17 09:58:36.083+00,eed70aae-cb82-42cc-a98a-d55cdf52d3b8,Hot,f,,0,AUTOMATIC,Reply to Lead,2026-08-17 11:53:33.714+00,,c8790cac-50df-4f73-b38d-9f5ae1bf88ce,,,,,,,,
3f973869-4c02-4d62-8657-a43d3ec8ec6a,Tariq,Jameel,BuildCorp LLC,tariq@buildcorp.ae,+971509876543,NEW,Facebook,,85,Meta Ads Lead Form Mock,Prefab Office Ads,"{""simulated"":true,""ad_id"":""meta_ad_prefab_101"",""lead_id"":""fb_lead_55029""}",f,f,,,,695729d5-b8d4-4caf-9188-262a2db133aa,LD-2026-01095,,,,,0,,email,2026-08-17 09:57:33.976+00,2026-08-17 09:58:36.322+00,75a47989-b9ac-4733-a4ba-d3568a7b193c,Hot,f,,0,AUTOMATIC,Reply to Lead,2026-08-17 11:57:33.976+00,,695729d5-b8d4-4caf-9188-262a2db133aa,,,,,,,,
55af9445-e7a7-4001-bb56-90a74568245c,Yasmin,Qureshi,Designers Hub,yasmin@designershub.com,+971509876543,NEW,Facebook,,85,Meta Ads Lead Form Mock,Prefab Office Ads,"{""simulated"":true,""ad_id"":""meta_ad_prefab_101"",""lead_id"":""fb_lead_55029""}",f,f,,,,c8790cac-50df-4f73-b38d-9f5ae1bf88ce,LD-2026-01096-9035,,,,,0,,email,2026-08-17 09:58:51.937+00,2026-08-17 10:08:12.933+00,eed70aae-cb82-42cc-a98a-d55cdf52d3b8,Hot,f,,0,AUTOMATIC,Reply to Lead,2026-08-17 11:58:51.937+00,,c8790cac-50df-4f73-b38d-9f5ae1bf88ce,,,,,,,,
dfa49f72-93c7-4c76-9039-b53909afd032,Hassan,Raza,KFN Holdings,hassan.raza@kfn.com.sa,+966551122334,NEW,LinkedIn,,95,LinkedIn Lead Gen Forms Mock,Enterprise Prefab Buildings,"{""simulated"":true,""linkedin_form_id"":""li_form_993"",""profile_url"":""linkedin.com/in/hassanraza""}",f,f,,,,adc833ad-1be5-41fe-9540-6f265e97aa49,LD-2026-01096-4341,,,,,0,,email,2026-08-17 09:58:51.991+00,2026-08-17 10:08:13.159+00,75a47989-b9ac-4733-a4ba-d3568a7b193c,Hot,f,,0,AUTOMATIC,Reply to Lead,2026-08-17 11:58:51.991+00,,adc833ad-1be5-41fe-9540-6f265e97aa49,,,,,,,,
0066ae41-55f3-40c0-a8e4-117af43d5cf0,Khaled,Al-Masri,Red Sea Dev,khaled@redseadev.sa,+966501234567,NEW,Email,,85,Gmail Mock Integration,GCC Site Cabin Campaign,"{""simulated"":true,""headers"":{""from"":""khaled@redseadev.sa"",""subject"":""Quote request for site cabins""}}",f,f,,,,d495c3f1-f1ca-4a27-b225-1a3bac55381b,LD-2026-01096-6115,,,,,0,,email,2026-08-17 09:58:52.095+00,2026-08-17 10:08:13.381+00,eed70aae-cb82-42cc-a98a-d55cdf52d3b8,Hot,f,,0,AUTOMATIC,Reply to Lead,2026-08-17 11:58:52.095+00,,d495c3f1-f1ca-4a27-b225-1a3bac55381b,,,,,,,,
a288fa1a-ba41-4106-a458-c670631093f8,Tariq,Jameel,BuildCorp LLC,tariq@buildcorp.ae,+971509876543,NEW,Facebook,,85,Meta Ads Lead Form Mock,Prefab Office Ads,"{""simulated"":true,""ad_id"":""meta_ad_prefab_101"",""lead_id"":""fb_lead_55029""}",f,f,,,,695729d5-b8d4-4caf-9188-262a2db133aa,LD-2026-01108-7706,,,,,0,,email,2026-08-17 10:06:27.269+00,2026-08-17 10:08:13.605+00,75a47989-b9ac-4733-a4ba-d3568a7b193c,Hot,f,,0,AUTOMATIC,Reply to Lead,2026-08-17 12:06:27.269+00,,695729d5-b8d4-4caf-9188-262a2db133aa,,,,,,,,
cfb06c50-8a98-4977-87c1-eecbdc3b772b,Hassan,Raza,KFN Holdings,hassan.raza@kfn.com.sa,+966551122334,NEW,LinkedIn,,95,LinkedIn Lead Gen Forms Mock,Enterprise Prefab Buildings,"{""simulated"":true,""linkedin_form_id"":""li_form_993"",""profile_url"":""linkedin.com/in/hassanraza""}",f,f,,,,adc833ad-1be5-41fe-9540-6f265e97aa49,LD-2026-01108-1857,,,,,0,,email,2026-08-17 10:06:27.38+00,2026-08-17 10:08:13.829+00,75a47989-b9ac-4733-a4ba-d3568a7b193c,Hot,f,,0,AUTOMATIC,Reply to Lead,2026-08-17 12:06:27.379+00,,adc833ad-1be5-41fe-9540-6f265e97aa49,,,,,,,,
43024d4c-3f94-4e22-a90d-0447711b8cb7,Majed,Al-Otaibi,Riyadh Construction,majed@riyadhconst.com,+966501234567,NEW,Email,,85,Gmail Mock Integration,GCC Site Cabin Campaign,"{""simulated"":true,""headers"":{""from"":""majed@riyadhconst.com"",""subject"":""Quote request for site cabins""}}",f,f,,,,e36adc11-50c5-40bd-b627-2db2eb404c50,LD-2026-01108-5536,,,,,0,,email,2026-08-17 10:06:27.426+00,2026-08-17 10:08:14.053+00,75a47989-b9ac-4733-a4ba-d3568a7b193c,Hot,f,,0,AUTOMATIC,Reply to Lead,2026-08-17 12:06:27.426+00,,e36adc11-50c5-40bd-b627-2db2eb404c50,,,,,,,,
ed00cf90-6981-45fa-849b-5f5f0faedc17,Yasmin,Qureshi,Designers Hub,yasmin@designershub.com,+971509876543,NEW,Facebook,,85,Meta Ads Lead Form Mock,Prefab Office Ads,"{""simulated"":true,""ad_id"":""meta_ad_prefab_101"",""lead_id"":""fb_lead_55029""}",f,f,,,,c8790cac-50df-4f73-b38d-9f5ae1bf88ce,LD-2026-01111-7890,,,,,0,,email,2026-08-17 10:13:32.459+00,2026-08-17 10:14:08.106+00,eed70aae-cb82-42cc-a98a-d55cdf52d3b8,Hot,f,,0,AUTOMATIC,Reply to Lead,2026-08-17 12:13:32.448+00,,c8790cac-50df-4f73-b38d-9f5ae1bf88ce,,,,,,,,
8839710a-0f98-42fc-baff-48856c344205,Hassan,Raza,KFN Holdings,hassan.raza@kfn.com.sa,+966551122334,NEW,LinkedIn,,95,LinkedIn Lead Gen Forms Mock,Enterprise Prefab Buildings,"{""simulated"":true,""linkedin_form_id"":""li_form_993"",""profile_url"":""linkedin.com/in/hassanraza""}",f,f,,,,adc833ad-1be5-41fe-9540-6f265e97aa49,LD-2026-01111-8321,,,,,0,,email,2026-08-17 10:13:32.466+00,2026-08-17 10:14:08.342+00,75a47989-b9ac-4733-a4ba-d3568a7b193c,Hot,f,,0,AUTOMATIC,Reply to Lead,2026-08-17 12:13:32.466+00,,adc833ad-1be5-41fe-9540-6f265e97aa49,,,,,,,,
c144dfe2-3e87-4de4-95db-b7a656311f33,Khaled,Al-Masri,Red Sea Dev,khaled@redseadev.sa,+966501234567,NEW,Email,,85,Gmail Mock Integration,GCC Site Cabin Campaign,"{""simulated"":true,""headers"":{""from"":""khaled@redseadev.sa"",""subject"":""Quote request for site cabins""}}",f,f,,,,d495c3f1-f1ca-4a27-b225-1a3bac55381b,LD-2026-01111-4693,,,,,0,,email,2026-08-17 10:13:32.621+00,2026-08-17 10:14:08.577+00,eed70aae-cb82-42cc-a98a-d55cdf52d3b8,Hot,f,,0,AUTOMATIC,Reply to Lead,2026-08-17 12:13:32.621+00,,d495c3f1-f1ca-4a27-b225-1a3bac55381b,,,,,,,,
0a32cc7f-e0d0-4e9c-a739-ac97d820e36e,Tariq,Jameel,BuildCorp LLC,tariq@buildcorp.ae,+971509876543,NEW,Facebook,,85,Meta Ads Lead Form Mock,Prefab Office Ads,"{""simulated"":true,""ad_id"":""meta_ad_prefab_101"",""lead_id"":""fb_lead_55029""}",f,f,,,,695729d5-b8d4-4caf-9188-262a2db133aa,LD-2026-01114-5314,,,,,0,,email,2026-08-17 10:17:03.464+00,2026-08-17 10:29:18.03+00,75a47989-b9ac-4733-a4ba-d3568a7b193c,Hot,f,,0,AUTOMATIC,Reply to Lead,2026-08-17 12:17:03.464+00,,695729d5-b8d4-4caf-9188-262a2db133aa,,,,,,,,
505b1d5a-e6d8-4f08-8f20-6b4362ed5389,Yasmin,Qureshi,Designers Hub,yasmin@designershub.com,+971509876543,NEW,Facebook,,85,Meta Ads Lead Form Mock,Prefab Office Ads,"{""simulated"":true,""ad_id"":""meta_ad_prefab_101"",""lead_id"":""fb_lead_55029""}",f,f,,,,c8790cac-50df-4f73-b38d-9f5ae1bf88ce,LD-2026-01094,,,,,0,,email,2026-08-17 09:55:33.894+00,2026-08-17 09:58:36.563+00,eed70aae-cb82-42cc-a98a-d55cdf52d3b8,Hot,f,,0,AUTOMATIC,Reply to Lead,2026-08-17 11:55:33.893+00,,c8790cac-50df-4f73-b38d-9f5ae1bf88ce,,,,,,,,
476ac479-860b-4e8b-a08c-951c315844fc,Hassan,Raza,KFN Holdings,hassan.raza@kfn.com.sa,+966551122334,NEW,LinkedIn,,95,LinkedIn Lead Gen Forms Mock,Enterprise Prefab Buildings,"{""simulated"":true,""linkedin_form_id"":""li_form_993"",""profile_url"":""linkedin.com/in/hassanraza""}",f,f,,,,adc833ad-1be5-41fe-9540-6f265e97aa49,LD-2026-01099-5186,,,,,0,,email,2026-08-17 10:00:25.826+00,2026-08-17 10:08:14.276+00,75a47989-b9ac-4733-a4ba-d3568a7b193c,Hot,f,,0,AUTOMATIC,Reply to Lead,2026-08-17 12:00:25.825+00,,adc833ad-1be5-41fe-9540-6f265e97aa49,,,,,,,,
ac21e7d0-eecf-471a-8da3-eaa572ba9e3c,Tariq,Jameel,BuildCorp LLC,tariq@buildcorp.ae,+971509876543,NEW,Facebook,,85,Meta Ads Lead Form Mock,Prefab Office Ads,"{""simulated"":true,""ad_id"":""meta_ad_prefab_101"",""lead_id"":""fb_lead_55029""}",f,f,,,,695729d5-b8d4-4caf-9188-262a2db133aa,LD-2026-01099-9156,,,,,0,,email,2026-08-17 10:00:25.894+00,2026-08-17 10:08:14.499+00,75a47989-b9ac-4733-a4ba-d3568a7b193c,Hot,f,,0,AUTOMATIC,Reply to Lead,2026-08-17 12:00:25.893+00,,695729d5-b8d4-4caf-9188-262a2db133aa,,,,,,,,
30839925-256d-4e37-ba86-29bf058823cd,Khaled,Al-Masri,Red Sea Dev,khaled@redseadev.sa,+966501234567,NEW,Email,,85,Gmail Mock Integration,GCC Site Cabin Campaign,"{""simulated"":true,""headers"":{""from"":""khaled@redseadev.sa"",""subject"":""Quote request for site cabins""}}",f,f,,,,d495c3f1-f1ca-4a27-b225-1a3bac55381b,LD-2026-01100-1476,,,,,0,,email,2026-08-17 10:00:26.076+00,2026-08-17 10:08:14.722+00,eed70aae-cb82-42cc-a98a-d55cdf52d3b8,Hot,f,,0,AUTOMATIC,Reply to Lead,2026-08-17 12:00:26.076+00,,d495c3f1-f1ca-4a27-b225-1a3bac55381b,,,,,,,,
1e162750-ef43-4600-a871-e7d122ec8ead,Hassan,Raza,KFN Holdings,hassan.raza@kfn.com.sa,+966551122334,NEW,LinkedIn,,95,LinkedIn Lead Gen Forms Mock,Enterprise Prefab Buildings,"{""simulated"":true,""linkedin_form_id"":""li_form_993"",""profile_url"":""linkedin.com/in/hassanraza""}",f,f,,,,adc833ad-1be5-41fe-9540-6f265e97aa49,LD-2026-01102-7478,,,,,0,,email,2026-08-17 10:02:27.092+00,2026-08-17 10:08:14.95+00,75a47989-b9ac-4733-a4ba-d3568a7b193c,Hot,f,,0,AUTOMATIC,Reply to Lead,2026-08-17 12:02:27.092+00,,adc833ad-1be5-41fe-9540-6f265e97aa49,,,,,,,,
c4ac4d1d-41e8-4859-a1f3-e37e98ed95cc,Yasmin,Qureshi,Designers Hub,yasmin@designershub.com,+971509876543,NEW,Facebook,,85,Meta Ads Lead Form Mock,Prefab Office Ads,"{""simulated"":true,""ad_id"":""meta_ad_prefab_101"",""lead_id"":""fb_lead_55029""}",f,f,,,,c8790cac-50df-4f73-b38d-9f5ae1bf88ce,LD-2026-01102-8810,,,,,0,,email,2026-08-17 10:02:27.167+00,2026-08-17 10:08:15.173+00,eed70aae-cb82-42cc-a98a-d55cdf52d3b8,Hot,f,,0,AUTOMATIC,Reply to Lead,2026-08-17 12:02:27.167+00,,c8790cac-50df-4f73-b38d-9f5ae1bf88ce,,,,,,,,
9e436a71-5789-4ab1-aa69-760e60dbb679,Majed,Al-Otaibi,Riyadh Construction,majed@riyadhconst.com,+966501234567,NEW,Email,,85,Gmail Mock Integration,GCC Site Cabin Campaign,"{""simulated"":true,""headers"":{""from"":""majed@riyadhconst.com"",""subject"":""Quote request for site cabins""}}",f,f,,,,e36adc11-50c5-40bd-b627-2db2eb404c50,LD-2026-01102-4185,,,,,0,,email,2026-08-17 10:02:27.25+00,2026-08-17 10:08:15.396+00,75a47989-b9ac-4733-a4ba-d3568a7b193c,Hot,f,,0,AUTOMATIC,Reply to Lead,2026-08-17 12:02:27.25+00,,e36adc11-50c5-40bd-b627-2db2eb404c50,,,,,,,,
2ae50f58-ac52-4e5d-8182-36760ec72e53,Yasmin,Qureshi,Designers Hub,yasmin@designershub.com,+971509876543,NEW,Facebook,,85,Meta Ads Lead Form Mock,Prefab Office Ads,"{""simulated"":true,""ad_id"":""meta_ad_prefab_101"",""lead_id"":""fb_lead_55029""}",f,f,,,,c8790cac-50df-4f73-b38d-9f5ae1bf88ce,LD-2026-01105-2538,,,,,0,,email,2026-08-17 10:04:26.92+00,2026-08-17 10:08:15.619+00,eed70aae-cb82-42cc-a98a-d55cdf52d3b8,Hot,f,,0,AUTOMATIC,Reply to Lead,2026-08-17 12:04:26.92+00,,c8790cac-50df-4f73-b38d-9f5ae1bf88ce,,,,,,,,
3e81fde9-f156-43ac-9d24-3c7626342b73,Hassan,Raza,KFN Holdings,hassan.raza@kfn.com.sa,+966551122334,NEW,LinkedIn,,95,LinkedIn Lead Gen Forms Mock,Enterprise Prefab Buildings,"{""simulated"":true,""linkedin_form_id"":""li_form_993"",""profile_url"":""linkedin.com/in/hassanraza""}",f,f,,,,adc833ad-1be5-41fe-9540-6f265e97aa49,LD-2026-01105-5773,,,,,0,,email,2026-08-17 10:04:27.095+00,2026-08-17 10:08:15.842+00,75a47989-b9ac-4733-a4ba-d3568a7b193c,Hot,f,,0,AUTOMATIC,Reply to Lead,2026-08-17 12:04:27.095+00,,adc833ad-1be5-41fe-9540-6f265e97aa49,,,,,,,,
fd677d83-5da1-450f-ad14-4aac66092c80,Majed,Al-Otaibi,Riyadh Construction,majed@riyadhconst.com,+966501234567,NEW,Email,,85,Gmail Mock Integration,GCC Site Cabin Campaign,"{""simulated"":true,""headers"":{""from"":""majed@riyadhconst.com"",""subject"":""Quote request for site cabins""}}",f,f,,,,e36adc11-50c5-40bd-b627-2db2eb404c50,LD-2026-01105-8606,,,,,0,,email,2026-08-17 10:04:27.101+00,2026-08-17 10:08:16.065+00,75a47989-b9ac-4733-a4ba-d3568a7b193c,Hot,f,,0,AUTOMATIC,Reply to Lead,2026-08-17 12:04:27.101+00,,e36adc11-50c5-40bd-b627-2db2eb404c50,,,,,,,,
494f83c0-947f-4e2f-964b-37cbb8d82c72,Hassan,Raza,KFN Holdings,hassan.raza@kfn.com.sa,+966551122334,NEW,LinkedIn,,95,LinkedIn Lead Gen Forms Mock,Enterprise Prefab Buildings,"{""simulated"":true,""linkedin_form_id"":""li_form_993"",""profile_url"":""linkedin.com/in/hassanraza""}",f,f,,,,adc833ad-1be5-41fe-9540-6f265e97aa49,LD-2026-01114-7877,,,,,0,,email,2026-08-17 10:17:03.524+00,2026-08-17 10:29:18.265+00,75a47989-b9ac-4733-a4ba-d3568a7b193c,Hot,f,,0,AUTOMATIC,Reply to Lead,2026-08-17 12:17:03.524+00,,adc833ad-1be5-41fe-9540-6f265e97aa49,,,,,,,,
bbe1f8d0-effa-4da6-9b3f-5f98c1206f15,Khaled,Al-Masri,Red Sea Dev,khaled@redseadev.sa,+966501234567,NEW,Email,,85,Gmail Mock Integration,GCC Site Cabin Campaign,"{""simulated"":true,""headers"":{""from"":""khaled@redseadev.sa"",""subject"":""Quote request for site cabins""}}",f,f,,,,d495c3f1-f1ca-4a27-b225-1a3bac55381b,LD-2026-01114-5117,,,,,0,,email,2026-08-17 10:17:03.566+00,2026-08-17 10:29:18.499+00,eed70aae-cb82-42cc-a98a-d55cdf52d3b8,Hot,f,,0,AUTOMATIC,Reply to Lead,2026-08-17 12:17:03.565+00,,d495c3f1-f1ca-4a27-b225-1a3bac55381b,,,,,,,,
1ec43524-a817-47c2-bf04-157af40c6c3f,Yasmin,Qureshi,Designers Hub,yasmin@designershub.com,+971509876543,NEW,Facebook,,85,Meta Ads Lead Form Mock,Prefab Office Ads,"{""simulated"":true,""ad_id"":""meta_ad_prefab_101"",""lead_id"":""fb_lead_55029""}",f,f,,,,c8790cac-50df-4f73-b38d-9f5ae1bf88ce,LD-2026-01117-4345,,,,,0,,email,2026-08-17 10:19:03.475+00,2026-08-17 10:29:18.733+00,eed70aae-cb82-42cc-a98a-d55cdf52d3b8,Hot,f,,0,AUTOMATIC,Reply to Lead,2026-08-17 12:19:03.475+00,,c8790cac-50df-4f73-b38d-9f5ae1bf88ce,,,,,,,,
3028e74a-042c-477a-b8b4-2980737cefe5,Hassan,Raza,KFN Holdings,hassan.raza@kfn.com.sa,+966551122334,NEW,LinkedIn,,95,LinkedIn Lead Gen Forms Mock,Enterprise Prefab Buildings,"{""simulated"":true,""linkedin_form_id"":""li_form_993"",""profile_url"":""linkedin.com/in/hassanraza""}",f,f,,,,adc833ad-1be5-41fe-9540-6f265e97aa49,LD-2026-01117-5952,,,,,0,,email,2026-08-17 10:19:03.498+00,2026-08-17 10:29:18.967+00,75a47989-b9ac-4733-a4ba-d3568a7b193c,Hot,f,,0,AUTOMATIC,Reply to Lead,2026-08-17 12:19:03.497+00,,adc833ad-1be5-41fe-9540-6f265e97aa49,,,,,,,,
55ee3217-319e-4fc2-b4a7-8b11fb68ff2d,Thomas,Lewis,Titan Pharmaceuticals Inc.,thomas.lewis@titanpharmaceuticalsinc.com,+1 (775) 836-2202,NEW,WhatsApp Inbound,Logistics,50,,Cloud Transformation Webinar,,f,f,,,$422k,dad83353-9b9f-430e-8264-b7767d864bcc,LD-2025-01006,,,,2026-08-03 11:09:07.778+00,1,,,2026-03-03 11:09:07.778+00,2026-08-05 11:09:07.779+00,e7de7c5d-e62d-48de-9ef9-3791d955ebe1,Warm,f,,0,AUTOMATIC,Reply to Lead,,,dad83353-9b9f-430e-8264-b7767d864bcc,,,,,,,,
5a67572b-46f5-4171-8059-6544ec397834,Khaled,Al-Masri,Red Sea Dev,khaled@redseadev.sa,+966501234567,NEW,Email,,85,Gmail Mock Integration,GCC Site Cabin Campaign,"{""simulated"":true,""headers"":{""from"":""khaled@redseadev.sa"",""subject"":""Quote request for site cabins""}}",f,f,,,,d495c3f1-f1ca-4a27-b225-1a3bac55381b,LD-2026-01117-8774,,,,,0,,email,2026-08-17 10:19:03.622+00,2026-08-17 10:29:19.201+00,eed70aae-cb82-42cc-a98a-d55cdf52d3b8,Hot,f,,0,AUTOMATIC,Reply to Lead,2026-08-17 12:19:03.622+00,,d495c3f1-f1ca-4a27-b225-1a3bac55381b,,,,,,,,
814bcdef-7c31-4b04-a1fb-42cf0fc48297,Tariq,Jameel,BuildCorp LLC,tariq@buildcorp.ae,+971509876543,NEW,Facebook,,85,Meta Ads Lead Form Mock,Prefab Office Ads,"{""simulated"":true,""ad_id"":""meta_ad_prefab_101"",""lead_id"":""fb_lead_55029""}",f,f,,,,695729d5-b8d4-4caf-9188-262a2db133aa,LD-2026-01120-7085,,,,,0,,email,2026-08-17 10:21:03.531+00,2026-08-17 10:29:19.434+00,75a47989-b9ac-4733-a4ba-d3568a7b193c,Hot,f,,0,AUTOMATIC,Reply to Lead,2026-08-17 12:21:03.531+00,,695729d5-b8d4-4caf-9188-262a2db133aa,,,,,,,,
70b8fc7d-6042-476c-8082-abc09f42eb18,Hassan,Raza,KFN Holdings,hassan.raza@kfn.com.sa,+966551122334,NEW,LinkedIn,,95,LinkedIn Lead Gen Forms Mock,Enterprise Prefab Buildings,"{""simulated"":true,""linkedin_form_id"":""li_form_993"",""profile_url"":""linkedin.com/in/hassanraza""}",f,f,,,,adc833ad-1be5-41fe-9540-6f265e97aa49,LD-2026-01120-2531,,,,,0,,email,2026-08-17 10:21:03.686+00,2026-08-17 10:29:19.668+00,75a47989-b9ac-4733-a4ba-d3568a7b193c,Hot,f,,0,AUTOMATIC,Reply to Lead,2026-08-17 12:21:03.686+00,,adc833ad-1be5-41fe-9540-6f265e97aa49,,,,,,,,
28b6c3d5-2081-464b-bbf0-599b7dd09476,Khaled,Al-Masri,Red Sea Dev,khaled@redseadev.sa,+966501234567,NEW,Email,,85,Gmail Mock Integration,GCC Site Cabin Campaign,"{""simulated"":true,""headers"":{""from"":""khaled@redseadev.sa"",""subject"":""Quote request for site cabins""}}",f,f,,,,d495c3f1-f1ca-4a27-b225-1a3bac55381b,LD-2026-01120-5388,,,,,0,,email,2026-08-17 10:21:03.73+00,2026-08-17 10:29:19.902+00,eed70aae-cb82-42cc-a98a-d55cdf52d3b8,Hot,f,,0,AUTOMATIC,Reply to Lead,2026-08-17 12:21:03.73+00,,d495c3f1-f1ca-4a27-b225-1a3bac55381b,,,,,,,,
b8e94b74-5ba1-480b-bda2-370c03ee942c,Tariq,Jameel,BuildCorp LLC,tariq@buildcorp.ae,+971509876543,NEW,Facebook,,85,Meta Ads Lead Form Mock,Prefab Office Ads,"{""simulated"":true,""ad_id"":""meta_ad_prefab_101"",""lead_id"":""fb_lead_55029""}",f,f,,,,695729d5-b8d4-4caf-9188-262a2db133aa,LD-2026-01123-9883,,,,,0,,email,2026-08-17 10:23:03.712+00,2026-08-17 10:29:20.135+00,75a47989-b9ac-4733-a4ba-d3568a7b193c,Hot,f,,0,AUTOMATIC,Reply to Lead,2026-08-17 12:23:03.712+00,,695729d5-b8d4-4caf-9188-262a2db133aa,,,,,,,,
5b67b1c4-6aee-460e-98ad-39a8727430db,Hassan,Raza,KFN Holdings,hassan.raza@kfn.com.sa,+966551122334,NEW,LinkedIn,,95,LinkedIn Lead Gen Forms Mock,Enterprise Prefab Buildings,"{""simulated"":true,""linkedin_form_id"":""li_form_993"",""profile_url"":""linkedin.com/in/hassanraza""}",f,f,,,,adc833ad-1be5-41fe-9540-6f265e97aa49,LD-2026-01123-9094,,,,,0,,email,2026-08-17 10:23:03.841+00,2026-08-17 10:29:20.37+00,75a47989-b9ac-4733-a4ba-d3568a7b193c,Hot,f,,0,AUTOMATIC,Reply to Lead,2026-08-17 12:23:03.841+00,,adc833ad-1be5-41fe-9540-6f265e97aa49,,,,,,,,
8afa294f-e578-4e31-b8a4-361022e4883e,Majed,Al-Otaibi,Riyadh Construction,majed@riyadhconst.com,+966501234567,NEW,Email,,85,Gmail Mock Integration,GCC Site Cabin Campaign,"{""simulated"":true,""headers"":{""from"":""majed@riyadhconst.com"",""subject"":""Quote request for site cabins""}}",f,f,,,,e36adc11-50c5-40bd-b627-2db2eb404c50,LD-2026-01123-9760,,,,,0,,email,2026-08-17 10:23:03.852+00,2026-08-17 10:29:20.605+00,75a47989-b9ac-4733-a4ba-d3568a7b193c,Hot,f,,0,AUTOMATIC,Reply to Lead,2026-08-17 12:23:03.852+00,,e36adc11-50c5-40bd-b627-2db2eb404c50,,,,,,,,
eb10ed2a-fa46-44d3-8aff-2c6fb0c84d6e,Yasmin,Qureshi,Designers Hub,yasmin@designershub.com,+971509876543,NEW,Facebook,,85,Meta Ads Lead Form Mock,Prefab Office Ads,"{""simulated"":true,""ad_id"":""meta_ad_prefab_101"",""lead_id"":""fb_lead_55029""}",f,f,,,,c8790cac-50df-4f73-b38d-9f5ae1bf88ce,LD-2026-01126-3967,,,,,0,,email,2026-08-17 10:25:03.825+00,2026-08-17 10:29:20.841+00,eed70aae-cb82-42cc-a98a-d55cdf52d3b8,Hot,f,,0,AUTOMATIC,Reply to Lead,2026-08-17 12:25:03.824+00,,c8790cac-50df-4f73-b38d-9f5ae1bf88ce,,,,,,,,
2dd38612-bd97-4807-b92d-22af84a81b02,Majed,Al-Otaibi,Riyadh Construction,majed@riyadhconst.com,+966501234567,NEW,Email,,85,Gmail Mock Integration,GCC Site Cabin Campaign,"{""simulated"":true,""headers"":{""from"":""majed@riyadhconst.com"",""subject"":""Quote request for site cabins""}}",f,f,,,,e36adc11-50c5-40bd-b627-2db2eb404c50,LD-2026-01126-7252,,,,,0,,email,2026-08-17 10:25:04.023+00,2026-08-17 10:29:21.08+00,75a47989-b9ac-4733-a4ba-d3568a7b193c,Hot,f,,0,AUTOMATIC,Reply to Lead,2026-08-17 12:25:04.022+00,,e36adc11-50c5-40bd-b627-2db2eb404c50,,,,,,,,
41347f2f-3a5d-4d89-adec-45f5b58cb77e,Hassan,Raza,KFN Holdings,hassan.raza@kfn.com.sa,+966551122334,NEW,LinkedIn,,95,LinkedIn Lead Gen Forms Mock,Enterprise Prefab Buildings,"{""simulated"":true,""linkedin_form_id"":""li_form_993"",""profile_url"":""linkedin.com/in/hassanraza""}",f,f,,,,adc833ad-1be5-41fe-9540-6f265e97aa49,LD-2026-01126-1973,,,,,0,,email,2026-08-17 10:25:04.361+00,2026-08-17 10:29:21.317+00,75a47989-b9ac-4733-a4ba-d3568a7b193c,Hot,f,,0,AUTOMATIC,Reply to Lead,2026-08-17 12:25:04.361+00,,adc833ad-1be5-41fe-9540-6f265e97aa49,,,,,,,,
588dd717-0d40-4beb-aafd-5559d90e8ba0,Yasmin,Qureshi,Designers Hub,yasmin@designershub.com,+971509876543,NEW,Facebook,,85,Meta Ads Lead Form Mock,Prefab Office Ads,"{""simulated"":true,""ad_id"":""meta_ad_prefab_101"",""lead_id"":""fb_lead_55029""}",f,f,,,,c8790cac-50df-4f73-b38d-9f5ae1bf88ce,LD-2026-01129-9455,,,,,0,,email,2026-08-17 10:27:03.748+00,2026-08-17 10:29:21.551+00,eed70aae-cb82-42cc-a98a-d55cdf52d3b8,Hot,f,,0,AUTOMATIC,Reply to Lead,2026-08-17 12:27:03.748+00,,c8790cac-50df-4f73-b38d-9f5ae1bf88ce,,,,,,,,
755eb3d3-0766-45f6-bc47-7643aa4ba94f,Hassan,Raza,KFN Holdings,hassan.raza@kfn.com.sa,+966551122334,NEW,LinkedIn,,95,LinkedIn Lead Gen Forms Mock,Enterprise Prefab Buildings,"{""simulated"":true,""linkedin_form_id"":""li_form_993"",""profile_url"":""linkedin.com/in/hassanraza""}",f,f,,,,adc833ad-1be5-41fe-9540-6f265e97aa49,LD-2026-01129-8690,,,,,0,,email,2026-08-17 10:27:03.765+00,2026-08-17 10:29:21.785+00,75a47989-b9ac-4733-a4ba-d3568a7b193c,Hot,f,,0,AUTOMATIC,Reply to Lead,2026-08-17 12:27:03.764+00,,adc833ad-1be5-41fe-9540-6f265e97aa49,,,,,,,,
d739663d-d83a-4d19-a9e5-ebcc12f87527,Khaled,Al-Masri,Red Sea Dev,khaled@redseadev.sa,+966501234567,NEW,Email,,85,Gmail Mock Integration,GCC Site Cabin Campaign,"{""simulated"":true,""headers"":{""from"":""khaled@redseadev.sa"",""subject"":""Quote request for site cabins""}}",f,f,,,,d495c3f1-f1ca-4a27-b225-1a3bac55381b,LD-2026-01129-5600,,,,,0,,email,2026-08-17 10:27:03.863+00,2026-08-17 10:29:22.019+00,eed70aae-cb82-42cc-a98a-d55cdf52d3b8,Hot,f,,0,AUTOMATIC,Reply to Lead,2026-08-17 12:27:03.863+00,,d495c3f1-f1ca-4a27-b225-1a3bac55381b,,,,,,,,
2502e44e-c6f5-4214-83b4-bb36c74f83c4,Ashley,Wilson,Sterling Pharmaceuticals Inc.,ashley.wilson@sterlingpharmaceuticalsinc.com,+1 (451) 400-8012,NEW,WhatsApp Inbound,Manufacturing,56,,LinkedIn Account Based Marketing,,f,f,,,$136k,01d1bc6b-8071-4596-a764-a189494a311c,LD-2025-01011,,,,2026-08-04 11:09:09.037+00,2,,,2025-12-26 11:09:09.037+00,2026-08-05 11:09:09.037+00,42a679ed-ba3b-4b85-bf6a-9d83beb83b78,Warm,f,,0,AUTOMATIC,Reply to Lead,,,01d1bc6b-8071-4596-a764-a189494a311c,,,,,,,,
2c2d67e3-17f9-4adb-b880-5bed0dbdb6a1,Farhan,Qureshi,Dubai Power Solutions,farhan.1786963028001@dubaipower.com,,NEW,Partner,,75,,,,f,f,,,,,LD-2026-01135-2904,,,,,0,,email,2026-08-17 10:37:08.688+00,2026-08-17 10:37:09.843+00,42a679ed-ba3b-4b85-bf6a-9d83beb83b78,Warm,f,,0,AUTOMATIC,Reply to Lead,2026-08-17 12:37:08.688+00,,,,,Middleman / Agent,Partner,ABC Industrial Consultants,,"{""channel"":""Partner"",""sourceType"":""Middleman / Agent"",""sourceName"":""ABC Industrial Consultants"",""sourceEntityId"":null,""referringAccountId"":null,""campaignId"":null,""adId"":null,""landingPage"":null,""referrer"":null,""utmSource"":null,""utmMedium"":null,""utmCampaign"":null,""utmTerm"":null,""utmContent"":null,""clickId"":null,""rawPayload"":{""leadId"":""2c2d67e3-17f9-4adb-b880-5bed0dbdb6a1"",""channel"":""Partner"",""source"":""Partner"",""sourceType"":""Middleman / Agent"",""sourceName"":""ABC Industrial Consultants""}}","{""channel"":""Partner"",""sourceType"":""Middleman / Agent"",""sourceName"":""ABC Industrial Consultants"",""sourceEntityId"":null,""referringAccountId"":null,""campaignId"":null,""adId"":null,""landingPage"":null,""referrer"":null,""utmSource"":null,""utmMedium"":null,""utmCampaign"":null,""utmTerm"":null,""utmContent"":null,""clickId"":null,""rawPayload"":{""leadId"":""2c2d67e3-17f9-4adb-b880-5bed0dbdb6a1"",""channel"":""Partner"",""source"":""Partner"",""sourceType"":""Middleman / Agent"",""sourceName"":""ABC Industrial Consultants""}}"
d3a0e49d-1855-4852-b966-d8b9f31fd543,Zain,Abbas,Gulf Logistics Hub,zain.1786963030996@gulflogistics.com,,NEW,Referral,,75,,,,f,f,,,,,LD-2026-01136-9392,,,,,0,,email,2026-08-17 10:37:11.683+00,2026-08-17 10:37:12.835+00,af8f43bb-c608-4c5a-9968-fdc97c51a924,Warm,f,,0,AUTOMATIC,Reply to Lead,2026-08-17 12:37:11.683+00,,,,,Sales Rep,Referral,Rahul Verma Referral,,"{""channel"":""Referral"",""sourceType"":""Sales Rep"",""sourceName"":""Rahul Verma Referral"",""sourceEntityId"":""42a679ed-ba3b-4b85-bf6a-9d83beb83b78"",""referringAccountId"":null,""campaignId"":null,""adId"":null,""landingPage"":null,""referrer"":null,""utmSource"":null,""utmMedium"":null,""utmCampaign"":null,""utmTerm"":null,""utmContent"":null,""clickId"":null,""rawPayload"":{""leadId"":""d3a0e49d-1855-4852-b966-d8b9f31fd543"",""channel"":""Referral"",""source"":""Referral"",""sourceType"":""Sales Rep"",""sourceName"":""Rahul Verma Referral"",""sourceEntityId"":""42a679ed-ba3b-4b85-bf6a-9d83beb83b78""}}","{""channel"":""Referral"",""sourceType"":""Sales Rep"",""sourceName"":""Rahul Verma Referral"",""sourceEntityId"":""42a679ed-ba3b-4b85-bf6a-9d83beb83b78"",""referringAccountId"":null,""campaignId"":null,""adId"":null,""landingPage"":null,""referrer"":null,""utmSource"":null,""utmMedium"":null,""utmCampaign"":null,""utmTerm"":null,""utmContent"":null,""clickId"":null,""rawPayload"":{""leadId"":""d3a0e49d-1855-4852-b966-d8b9f31fd543"",""channel"":""Referral"",""source"":""Referral"",""sourceType"":""Sales Rep"",""sourceName"":""Rahul Verma Referral"",""sourceEntityId"":""42a679ed-ba3b-4b85-bf6a-9d83beb83b78""}}"
15a1dc66-84e6-415d-8f16-f440f1ba2390,Tariq,Al-Mansoor,Emirates Automation Solutions,tariq.1786962983443@emiratesautomation.com,+971501234567,CONVERTED,Website,,100,,,,f,f,,Looking for 3 units of custom PLC control panels for plant modernization.,,d4b5c893-1815-4e8c-ae4a-5de060a13a8f,LD-2026-01132-5419,,,,,0,,email,2026-08-17 10:36:35.577+00,2026-08-17 11:13:29.76+00,8fc38563-4b63-4f74-ab98-7e32e5476ef7,Hot,f,,0,AUTOMATIC,Follow Up on Opportunity,2026-08-18 10:36:38.821+00,"{""requirement"":""Turnkey Industrial Automation Panels"",""estimatedValue"":420000,""budget"":""Standard"",""timeline"":""Q3 2026"",""decisionMaker"":""Tariq Al-Mansoor"",""productService"":""General Solutions"",""probability"":50,""notes"":""High priority commercial prospect from Instagram Campaign"",""qualifiedAt"":""2026-08-17T10:36:42.416Z"",""qualifiedBy"":""42a679ed-ba3b-4b85-bf6a-9d83beb83b78"",""opportunityId"":""06431885-11d9-4c05-ace4-daa1d63f103c"",""accountId"":""d4b5c893-1815-4e8c-ae4a-5de060a13a8f"",""convertedAt"":""2026-08-17T10:36:42.416Z"",""convertedAccountId"":""d4b5c893-1815-4e8c-ae4a-5de060a13a8f"",""convertedContactId"":""d92a4212-707e-40a7-9f9e-69ee12e14fe5"",""convertedOpportunityId"":""06431885-11d9-4c05-ace4-daa1d63f103c""}",d4b5c893-1815-4e8c-ae4a-5de060a13a8f,79c2a8a9-2a3e-4976-85f6-50f0ac774390,eed0fc27-d6e8-45c8-8c3d-eafb652749cc,Advertisement,Website,Instagram Ads,,"{""channel"":""Website"",""sourceType"":""Advertisement"",""sourceName"":""Instagram Ads"",""sourceEntityId"":null,""referringAccountId"":null,""campaignId"":""79c2a8a9-2a3e-4976-85f6-50f0ac774390"",""adId"":""eed0fc27-d6e8-45c8-8c3d-eafb652749cc"",""landingPage"":""https://nexuscrm.com/industrial-automation"",""referrer"":""https://l.instagram.com/"",""utmSource"":""instagram"",""utmMedium"":""paid_social"",""utmCampaign"":""ind_auto_1786962980966"",""utmTerm"":null,""utmContent"":""ad_plc_1786962983202"",""clickId"":""ig_clk_998877"",""rawPayload"":{""leadId"":""15a1dc66-84e6-415d-8f16-f440f1ba2390"",""channel"":""Website"",""source"":""Website"",""campaignId"":""79c2a8a9-2a3e-4976-85f6-50f0ac774390"",""adId"":""eed0fc27-d6e8-45c8-8c3d-eafb652749cc"",""landingPage"":""https://nexuscrm.com/industrial-automation"",""referrer"":""https://l.instagram.com/"",""utmSource"":""instagram"",""utmMedium"":""paid_social"",""utmCampaign"":""ind_auto_1786962980966"",""utmContent"":""ad_plc_1786962983202"",""clickId"":""ig_clk_998877""}}","{""channel"":""Website"",""sourceType"":""Advertisement"",""sourceName"":""Instagram Ads"",""sourceEntityId"":null,""referringAccountId"":null,""campaignId"":""79c2a8a9-2a3e-4976-85f6-50f0ac774390"",""adId"":""eed0fc27-d6e8-45c8-8c3d-eafb652749cc"",""landingPage"":""https://nexuscrm.com/industrial-automation"",""referrer"":""https://l.instagram.com/"",""utmSource"":""instagram"",""utmMedium"":""paid_social"",""utmCampaign"":""ind_auto_1786962980966"",""utmTerm"":null,""utmContent"":""ad_plc_1786962983202"",""clickId"":""ig_clk_998877"",""rawPayload"":{""leadId"":""15a1dc66-84e6-415d-8f16-f440f1ba2390"",""channel"":""Website"",""source"":""Website"",""campaignId"":""79c2a8a9-2a3e-4976-85f6-50f0ac774390"",""adId"":""eed0fc27-d6e8-45c8-8c3d-eafb652749cc"",""landingPage"":""https://nexuscrm.com/industrial-automation"",""referrer"":""https://l.instagram.com/"",""utmSource"":""instagram"",""utmMedium"":""paid_social"",""utmCampaign"":""ind_auto_1786962980966"",""utmContent"":""ad_plc_1786962983202"",""clickId"":""ig_clk_998877""}}"
c245ce27-2c2e-4a6d-a136-345c2b6477d7,Steven,Jackson,Synergy Holdings Inc.,steven.jackson@synergyholdingsinc.com,+1 (399) 680-2747,NEW,Website Organic,Automotive,67,,Cloud Transformation Webinar,,f,f,,,$244k,7f4ab8ee-d105-4011-a8e6-6fa38fc926d7,LD-2025-01012,,,,,0,,,2026-01-12 11:09:09.306+00,2026-08-05 11:09:09.307+00,604bb8ab-99ba-4134-8053-815900a040c0,Warm,f,,0,AUTOMATIC,Reply to Lead,,,7f4ab8ee-d105-4011-a8e6-6fa38fc926d7,,,,,,,,
45c63554-5a05-497f-a110-2a03f2d423f1,Tariq,Al-Mansoor,Emirates Automation Solutions,tariq.1786963726630@emiratesautomation.com,+971501234567,CONVERTED,Website,,100,,,,f,f,,Looking for 3 units of custom PLC control panels for plant modernization.,,d4b5c893-1815-4e8c-ae4a-5de060a13a8f,LD-2026-01137-7406,,,,,0,,email,2026-08-17 10:48:49.146+00,2026-08-17 11:13:30.008+00,8fc38563-4b63-4f74-ab98-7e32e5476ef7,Hot,f,,0,AUTOMATIC,Follow Up on Opportunity,2026-08-18 10:48:53.481+00,"{""requirement"":""Turnkey Industrial Automation Panels"",""estimatedValue"":420000,""budget"":""Standard"",""timeline"":""Q3 2026"",""decisionMaker"":""Tariq Al-Mansoor"",""productService"":""General Solutions"",""probability"":50,""notes"":""High priority commercial prospect from Instagram Campaign"",""qualifiedAt"":""2026-08-17T10:48:56.819Z"",""qualifiedBy"":""42a679ed-ba3b-4b85-bf6a-9d83beb83b78"",""opportunityId"":""0444ea67-cf08-420f-beb1-b2649cad4ed3"",""accountId"":""d4b5c893-1815-4e8c-ae4a-5de060a13a8f"",""convertedAt"":""2026-08-17T10:48:56.819Z"",""convertedAccountId"":""d4b5c893-1815-4e8c-ae4a-5de060a13a8f"",""convertedContactId"":""84049dc7-ede9-430f-a669-5a3fd978ced2"",""convertedOpportunityId"":""0444ea67-cf08-420f-beb1-b2649cad4ed3""}",d4b5c893-1815-4e8c-ae4a-5de060a13a8f,46842337-1531-4a72-bf68-b8f49892dcb0,0e586301-e5f0-41d6-a99a-a347171e7f0d,Advertisement,Website,Instagram Ads,,"{""channel"":""Website"",""sourceType"":""Advertisement"",""sourceName"":""Instagram Ads"",""sourceEntityId"":null,""referringAccountId"":null,""campaignId"":""46842337-1531-4a72-bf68-b8f49892dcb0"",""adId"":""0e586301-e5f0-41d6-a99a-a347171e7f0d"",""landingPage"":""https://nexuscrm.com/industrial-automation"",""referrer"":""https://l.instagram.com/"",""utmSource"":""instagram"",""utmMedium"":""paid_social"",""utmCampaign"":""ind_auto_1786963724324"",""utmTerm"":null,""utmContent"":""ad_plc_1786963726330"",""clickId"":""ig_clk_998877"",""rawPayload"":{""leadId"":""45c63554-5a05-497f-a110-2a03f2d423f1"",""channel"":""Website"",""source"":""Website"",""campaignId"":""46842337-1531-4a72-bf68-b8f49892dcb0"",""adId"":""0e586301-e5f0-41d6-a99a-a347171e7f0d"",""landingPage"":""https://nexuscrm.com/industrial-automation"",""referrer"":""https://l.instagram.com/"",""utmSource"":""instagram"",""utmMedium"":""paid_social"",""utmCampaign"":""ind_auto_1786963724324"",""utmContent"":""ad_plc_1786963726330"",""clickId"":""ig_clk_998877""}}","{""channel"":""Website"",""sourceType"":""Advertisement"",""sourceName"":""Instagram Ads"",""sourceEntityId"":null,""referringAccountId"":null,""campaignId"":""46842337-1531-4a72-bf68-b8f49892dcb0"",""adId"":""0e586301-e5f0-41d6-a99a-a347171e7f0d"",""landingPage"":""https://nexuscrm.com/industrial-automation"",""referrer"":""https://l.instagram.com/"",""utmSource"":""instagram"",""utmMedium"":""paid_social"",""utmCampaign"":""ind_auto_1786963724324"",""utmTerm"":null,""utmContent"":""ad_plc_1786963726330"",""clickId"":""ig_clk_998877"",""rawPayload"":{""leadId"":""45c63554-5a05-497f-a110-2a03f2d423f1"",""channel"":""Website"",""source"":""Website"",""campaignId"":""46842337-1531-4a72-bf68-b8f49892dcb0"",""adId"":""0e586301-e5f0-41d6-a99a-a347171e7f0d"",""landingPage"":""https://nexuscrm.com/industrial-automation"",""referrer"":""https://l.instagram.com/"",""utmSource"":""instagram"",""utmMedium"":""paid_social"",""utmCampaign"":""ind_auto_1786963724324"",""utmContent"":""ad_plc_1786963726330"",""clickId"":""ig_clk_998877""}}"
9a4dfa99-6df3-490d-a006-1d6de81fdbf9,Vikram,Malhotra,Apex Tech Labs,vikram.1786963007786@apextech.com,,NEW,Google Ads,,75,,,,f,f,,,,,LD-2026-01133-9524,,,,,0,,email,2026-08-17 10:36:59.901+00,2026-08-17 10:37:03.369+00,8fc38563-4b63-4f74-ab98-7e32e5476ef7,Warm,f,,0,AUTOMATIC,Reply to Lead,2026-08-17 12:36:59.9+00,,,,,Advertisement,Other,Google Ads,,"{""channel"":""Other"",""sourceType"":""Advertisement"",""sourceName"":""Google Ads"",""sourceEntityId"":null,""referringAccountId"":null,""campaignId"":null,""adId"":null,""landingPage"":null,""referrer"":null,""utmSource"":""google"",""utmMedium"":""cpc"",""utmCampaign"":""search_industrial"",""utmTerm"":null,""utmContent"":null,""clickId"":null,""rawPayload"":{""leadId"":""9a4dfa99-6df3-490d-a006-1d6de81fdbf9"",""channel"":""Google Ads"",""source"":""Google Ads"",""sourceType"":""Advertisement"",""sourceName"":""Google Ads"",""utmSource"":""google"",""utmMedium"":""cpc"",""utmCampaign"":""search_industrial""}}","{""channel"":""Instagram"",""sourceType"":""Advertisement"",""sourceName"":""Instagram Sponsored Post"",""sourceEntityId"":null,""referringAccountId"":null,""campaignId"":null,""adId"":null,""landingPage"":null,""referrer"":null,""utmSource"":""instagram"",""utmMedium"":""paid_social"",""utmCampaign"":""retargeting_q3"",""utmTerm"":null,""utmContent"":null,""clickId"":null,""rawPayload"":{""leadId"":""9a4dfa99-6df3-490d-a006-1d6de81fdbf9"",""channel"":""Instagram"",""sourceType"":""Advertisement"",""sourceName"":""Instagram Sponsored Post"",""utmSource"":""instagram"",""utmMedium"":""paid_social"",""utmCampaign"":""retargeting_q3""}}"
1d78f72b-470d-44ca-bcd0-d45977824d01,Sameer,Khan,Emirates Steel Fabrication,sameer.1786963024986@emiratesfabrication.com,,NEW,Referral,,75,,,,f,f,,,,,LD-2026-01134-9388,,,,,0,,email,2026-08-17 10:37:05.673+00,2026-08-17 10:37:06.839+00,af8f43bb-c608-4c5a-9968-fdc97c51a924,Warm,f,,0,AUTOMATIC,Reply to Lead,2026-08-17 12:37:05.672+00,,,,,Company Referral,Referral,Referral,d804b2e0-61a1-4de7-b467-de650a09b826,"{""channel"":""Referral"",""sourceType"":""Company Referral"",""sourceName"":""Referral"",""sourceEntityId"":null,""referringAccountId"":""d804b2e0-61a1-4de7-b467-de650a09b826"",""campaignId"":null,""adId"":null,""landingPage"":null,""referrer"":null,""utmSource"":null,""utmMedium"":null,""utmCampaign"":null,""utmTerm"":null,""utmContent"":null,""clickId"":null,""rawPayload"":{""leadId"":""1d78f72b-470d-44ca-bcd0-d45977824d01"",""channel"":""Referral"",""source"":""Referral"",""sourceType"":""Company Referral"",""referringAccountId"":""d804b2e0-61a1-4de7-b467-de650a09b826""}}","{""channel"":""Referral"",""sourceType"":""Company Referral"",""sourceName"":""Referral"",""sourceEntityId"":null,""referringAccountId"":""d804b2e0-61a1-4de7-b467-de650a09b826"",""campaignId"":null,""adId"":null,""landingPage"":null,""referrer"":null,""utmSource"":null,""utmMedium"":null,""utmCampaign"":null,""utmTerm"":null,""utmContent"":null,""clickId"":null,""rawPayload"":{""leadId"":""1d78f72b-470d-44ca-bcd0-d45977824d01"",""channel"":""Referral"",""source"":""Referral"",""sourceType"":""Company Referral"",""referringAccountId"":""d804b2e0-61a1-4de7-b467-de650a09b826""}}"
44521cbc-1008-45e8-b626-342684ed3945,Vikram,Malhotra,Apex Tech Labs,vikram.1786963742501@apextech.com,,NEW,Google Ads,,75,,,,f,f,,,,,LD-2026-01138-5856,,,,,0,,email,2026-08-17 10:49:04.853+00,2026-08-17 10:49:08.408+00,8fc38563-4b63-4f74-ab98-7e32e5476ef7,Warm,f,,0,AUTOMATIC,Reply to Lead,2026-08-17 12:49:04.852+00,,,,,Advertisement,Other,Google Ads,,"{""channel"":""Other"",""sourceType"":""Advertisement"",""sourceName"":""Google Ads"",""sourceEntityId"":null,""referringAccountId"":null,""campaignId"":null,""adId"":null,""landingPage"":null,""referrer"":null,""utmSource"":""google"",""utmMedium"":""cpc"",""utmCampaign"":""search_industrial"",""utmTerm"":null,""utmContent"":null,""clickId"":null,""rawPayload"":{""leadId"":""44521cbc-1008-45e8-b626-342684ed3945"",""channel"":""Google Ads"",""source"":""Google Ads"",""sourceType"":""Advertisement"",""sourceName"":""Google Ads"",""utmSource"":""google"",""utmMedium"":""cpc"",""utmCampaign"":""search_industrial""}}","{""channel"":""Instagram"",""sourceType"":""Advertisement"",""sourceName"":""Instagram Sponsored Post"",""sourceEntityId"":null,""referringAccountId"":null,""campaignId"":null,""adId"":null,""landingPage"":null,""referrer"":null,""utmSource"":""instagram"",""utmMedium"":""paid_social"",""utmCampaign"":""retargeting_q3"",""utmTerm"":null,""utmContent"":null,""clickId"":null,""rawPayload"":{""leadId"":""44521cbc-1008-45e8-b626-342684ed3945"",""channel"":""Instagram"",""sourceType"":""Advertisement"",""sourceName"":""Instagram Sponsored Post"",""utmSource"":""instagram"",""utmMedium"":""paid_social"",""utmCampaign"":""retargeting_q3""}}"
309bf52d-e9e2-41c6-ae57-8429b35d9ea0,Sameer,Khan,Emirates Steel Fabrication,sameer.1786963750067@emiratesfabrication.com,,NEW,Referral,,75,,,,f,f,,,,,LD-2026-01139-5830,,,,,0,,email,2026-08-17 10:49:10.771+00,2026-08-17 10:49:11.96+00,af8f43bb-c608-4c5a-9968-fdc97c51a924,Warm,f,,0,AUTOMATIC,Reply to Lead,2026-08-17 12:49:10.77+00,,,,,Company Referral,Referral,Referral,41ba5b8a-a5b7-402f-a51c-ccbf364e575b,"{""channel"":""Referral"",""sourceType"":""Company Referral"",""sourceName"":""Referral"",""sourceEntityId"":null,""referringAccountId"":""41ba5b8a-a5b7-402f-a51c-ccbf364e575b"",""campaignId"":null,""adId"":null,""landingPage"":null,""referrer"":null,""utmSource"":null,""utmMedium"":null,""utmCampaign"":null,""utmTerm"":null,""utmContent"":null,""clickId"":null,""rawPayload"":{""leadId"":""309bf52d-e9e2-41c6-ae57-8429b35d9ea0"",""channel"":""Referral"",""source"":""Referral"",""sourceType"":""Company Referral"",""referringAccountId"":""41ba5b8a-a5b7-402f-a51c-ccbf364e575b""}}","{""channel"":""Referral"",""sourceType"":""Company Referral"",""sourceName"":""Referral"",""sourceEntityId"":null,""referringAccountId"":""41ba5b8a-a5b7-402f-a51c-ccbf364e575b"",""campaignId"":null,""adId"":null,""landingPage"":null,""referrer"":null,""utmSource"":null,""utmMedium"":null,""utmCampaign"":null,""utmTerm"":null,""utmContent"":null,""clickId"":null,""rawPayload"":{""leadId"":""309bf52d-e9e2-41c6-ae57-8429b35d9ea0"",""channel"":""Referral"",""source"":""Referral"",""sourceType"":""Company Referral"",""referringAccountId"":""41ba5b8a-a5b7-402f-a51c-ccbf364e575b""}}"
946d3ef6-6516-40c8-a03e-c5384a6d7450,Farhan,Qureshi,Dubai Power Solutions,farhan.1786963753154@dubaipower.com,,NEW,Partner,,75,,,,f,f,,,,,LD-2026-01140-2523,,,,,0,,email,2026-08-17 10:49:13.863+00,2026-08-17 10:49:15.089+00,42a679ed-ba3b-4b85-bf6a-9d83beb83b78,Warm,f,,0,AUTOMATIC,Reply to Lead,2026-08-17 12:49:13.863+00,,,,,Middleman / Agent,Partner,ABC Industrial Consultants,,"{""channel"":""Partner"",""sourceType"":""Middleman / Agent"",""sourceName"":""ABC Industrial Consultants"",""sourceEntityId"":null,""referringAccountId"":null,""campaignId"":null,""adId"":null,""landingPage"":null,""referrer"":null,""utmSource"":null,""utmMedium"":null,""utmCampaign"":null,""utmTerm"":null,""utmContent"":null,""clickId"":null,""rawPayload"":{""leadId"":""946d3ef6-6516-40c8-a03e-c5384a6d7450"",""channel"":""Partner"",""source"":""Partner"",""sourceType"":""Middleman / Agent"",""sourceName"":""ABC Industrial Consultants""}}","{""channel"":""Partner"",""sourceType"":""Middleman / Agent"",""sourceName"":""ABC Industrial Consultants"",""sourceEntityId"":null,""referringAccountId"":null,""campaignId"":null,""adId"":null,""landingPage"":null,""referrer"":null,""utmSource"":null,""utmMedium"":null,""utmCampaign"":null,""utmTerm"":null,""utmContent"":null,""clickId"":null,""rawPayload"":{""leadId"":""946d3ef6-6516-40c8-a03e-c5384a6d7450"",""channel"":""Partner"",""source"":""Partner"",""sourceType"":""Middleman / Agent"",""sourceName"":""ABC Industrial Consultants""}}"
0057aad9-4377-4595-80ed-df4f522bf4fa,James,Lewis,Omni Energy Inc.,james.lewis@omnienergyinc.com,+1 (931) 738-9572,NEW,Partner Referral,Food & Beverage,77,,Inbound Google Organic,,f,f,,,$276k,af1d1864-9b90-466d-aaba-0bfef727355c,LD-2025-01014,,,,,0,,,2025-11-14 11:09:09.806+00,2026-08-05 11:09:09.806+00,7cd4892f-38fe-4d5f-959c-14bf5029b5e6,Warm,f,,0,AUTOMATIC,Reply to Lead,,,af1d1864-9b90-466d-aaba-0bfef727355c,,,,,,,,
27db3e28-95ab-4246-bb31-f14df362e1bf,Zain,Abbas,Gulf Logistics Hub,zain.1786963756266@gulflogistics.com,,NEW,Referral,,75,,,,f,f,,,,,LD-2026-01141-6213,,,,,0,,email,2026-08-17 10:49:16.986+00,2026-08-17 10:49:18.175+00,af8f43bb-c608-4c5a-9968-fdc97c51a924,Warm,f,,0,AUTOMATIC,Reply to Lead,2026-08-17 12:49:16.986+00,,,,,Sales Rep,Referral,Rahul Verma Referral,,"{""channel"":""Referral"",""sourceType"":""Sales Rep"",""sourceName"":""Rahul Verma Referral"",""sourceEntityId"":""42a679ed-ba3b-4b85-bf6a-9d83beb83b78"",""referringAccountId"":null,""campaignId"":null,""adId"":null,""landingPage"":null,""referrer"":null,""utmSource"":null,""utmMedium"":null,""utmCampaign"":null,""utmTerm"":null,""utmContent"":null,""clickId"":null,""rawPayload"":{""leadId"":""27db3e28-95ab-4246-bb31-f14df362e1bf"",""channel"":""Referral"",""source"":""Referral"",""sourceType"":""Sales Rep"",""sourceName"":""Rahul Verma Referral"",""sourceEntityId"":""42a679ed-ba3b-4b85-bf6a-9d83beb83b78""}}","{""channel"":""Referral"",""sourceType"":""Sales Rep"",""sourceName"":""Rahul Verma Referral"",""sourceEntityId"":""42a679ed-ba3b-4b85-bf6a-9d83beb83b78"",""referringAccountId"":null,""campaignId"":null,""adId"":null,""landingPage"":null,""referrer"":null,""utmSource"":null,""utmMedium"":null,""utmCampaign"":null,""utmTerm"":null,""utmContent"":null,""clickId"":null,""rawPayload"":{""leadId"":""27db3e28-95ab-4246-bb31-f14df362e1bf"",""channel"":""Referral"",""source"":""Referral"",""sourceType"":""Sales Rep"",""sourceName"":""Rahul Verma Referral"",""sourceEntityId"":""42a679ed-ba3b-4b85-bf6a-9d83beb83b78""}}"
8d386113-09b3-49a7-bc5a-8aa5e7fc381a,Patricia,King,Prism Robotics Inc.,patricia.king@prismroboticsinc.com,+1 (905) 266-9519,NEW,Webinar Series,FMCG,69,,LinkedIn Account Based Marketing,,t,f,,,$183k,f3359005-50be-4fb9-90ab-507d7c5e7d99,LD-2025-01015,,,,,0,,,2026-03-26 11:09:10.043+00,2026-08-05 11:09:10.044+00,e7de7c5d-e62d-48de-9ef9-3791d955ebe1,Warm,f,,0,AUTOMATIC,Reply to Lead,,,f3359005-50be-4fb9-90ab-507d7c5e7d99,,,,,,,,
094e78cc-c9a2-41b4-b6d4-07151fb34ff6,Majed,Al-Otaibi,Riyadh Construction,majed@riyadhconst.com,+966501234567,NEW,Email,,85,Gmail Mock Integration,GCC Site Cabin Campaign,"{""simulated"":true,""headers"":{""from"":""majed@riyadhconst.com"",""subject"":""Quote request for site cabins""}}",f,f,,,,e36adc11-50c5-40bd-b627-2db2eb404c50,LD-2026-01142-2337,,,,,0,,email,2026-08-17 11:15:21.82+00,2026-08-17 11:23:51.622+00,75a47989-b9ac-4733-a4ba-d3568a7b193c,Hot,f,,0,AUTOMATIC,Reply to Lead,2026-08-17 13:15:21.82+00,,e36adc11-50c5-40bd-b627-2db2eb404c50,,,Campaign,Email,Gmail Mock Integration,,"{""channel"":""Email"",""sourceType"":""Campaign"",""sourceName"":""Gmail Mock Integration"",""sourceEntityId"":null,""referringAccountId"":null,""campaignId"":null,""adId"":null,""landingPage"":null,""referrer"":null,""utmSource"":null,""utmMedium"":null,""utmCampaign"":null,""utmTerm"":null,""utmContent"":null,""clickId"":null,""rawPayload"":{""simulated"":true,""headers"":{""from"":""majed@riyadhconst.com"",""subject"":""Quote request for site cabins""}}}","{""channel"":""Email"",""sourceType"":""Campaign"",""sourceName"":""Gmail Mock Integration"",""sourceEntityId"":null,""referringAccountId"":null,""campaignId"":null,""adId"":null,""landingPage"":null,""referrer"":null,""utmSource"":null,""utmMedium"":null,""utmCampaign"":null,""utmTerm"":null,""utmContent"":null,""clickId"":null,""rawPayload"":{""simulated"":true,""headers"":{""from"":""majed@riyadhconst.com"",""subject"":""Quote request for site cabins""}}}"
efccdb58-4a83-4bf0-8f2d-1ebd5c92294f,Majed,Al-Otaibi,Riyadh Construction,majed@riyadhconst.com,+966501234567,NEW,Email,,85,Gmail Mock Integration,GCC Site Cabin Campaign,"{""simulated"":true,""headers"":{""from"":""majed@riyadhconst.com"",""subject"":""Quote request for site cabins""}}",f,f,,,,e36adc11-50c5-40bd-b627-2db2eb404c50,LD-2026-01149-6945,,,,,0,,email,2026-08-17 11:19:22.131+00,2026-08-17 11:23:51.853+00,75a47989-b9ac-4733-a4ba-d3568a7b193c,Hot,f,,0,AUTOMATIC,Reply to Lead,2026-08-17 13:19:22.131+00,,e36adc11-50c5-40bd-b627-2db2eb404c50,,,Campaign,Email,Gmail Mock Integration,,"{""channel"":""Email"",""sourceType"":""Campaign"",""sourceName"":""Gmail Mock Integration"",""sourceEntityId"":null,""referringAccountId"":null,""campaignId"":null,""adId"":null,""landingPage"":null,""referrer"":null,""utmSource"":null,""utmMedium"":null,""utmCampaign"":null,""utmTerm"":null,""utmContent"":null,""clickId"":null,""rawPayload"":{""simulated"":true,""headers"":{""from"":""majed@riyadhconst.com"",""subject"":""Quote request for site cabins""}}}","{""channel"":""Email"",""sourceType"":""Campaign"",""sourceName"":""Gmail Mock Integration"",""sourceEntityId"":null,""referringAccountId"":null,""campaignId"":null,""adId"":null,""landingPage"":null,""referrer"":null,""utmSource"":null,""utmMedium"":null,""utmCampaign"":null,""utmTerm"":null,""utmContent"":null,""clickId"":null,""rawPayload"":{""simulated"":true,""headers"":{""from"":""majed@riyadhconst.com"",""subject"":""Quote request for site cabins""}}}"
0fc6a0a4-9bc3-42d3-bc0a-cfccb4d5cdc6,Yasmin,Qureshi,Designers Hub,yasmin@designershub.com,+971509876543,NEW,Facebook,,85,Meta Ads Lead Form Mock,Prefab Office Ads,"{""simulated"":true,""ad_id"":""meta_ad_prefab_101"",""lead_id"":""fb_lead_55029""}",f,f,,,,c8790cac-50df-4f73-b38d-9f5ae1bf88ce,LD-2026-01142-7354,,,,,0,,email,2026-08-17 11:15:21.61+00,2026-08-17 11:23:51.159+00,eed70aae-cb82-42cc-a98a-d55cdf52d3b8,Hot,f,,0,AUTOMATIC,Reply to Lead,2026-08-17 13:15:21.609+00,,c8790cac-50df-4f73-b38d-9f5ae1bf88ce,,,Campaign,Facebook,Meta Ads Lead Form Mock,,"{""channel"":""Facebook"",""sourceType"":""Campaign"",""sourceName"":""Meta Ads Lead Form Mock"",""sourceEntityId"":null,""referringAccountId"":null,""campaignId"":null,""adId"":null,""landingPage"":null,""referrer"":null,""utmSource"":null,""utmMedium"":null,""utmCampaign"":null,""utmTerm"":null,""utmContent"":null,""clickId"":null,""rawPayload"":{""simulated"":true,""ad_id"":""meta_ad_prefab_101"",""lead_id"":""fb_lead_55029""}}","{""channel"":""Facebook"",""sourceType"":""Campaign"",""sourceName"":""Meta Ads Lead Form Mock"",""sourceEntityId"":null,""referringAccountId"":null,""campaignId"":null,""adId"":null,""landingPage"":null,""referrer"":null,""utmSource"":null,""utmMedium"":null,""utmCampaign"":null,""utmTerm"":null,""utmContent"":null,""clickId"":null,""rawPayload"":{""simulated"":true,""ad_id"":""meta_ad_prefab_101"",""lead_id"":""fb_lead_55029""}}"
622c5bae-761d-4a38-8090-d7acc3cb9a79,Michael,Hill,Matrix Pharmaceuticals Inc.,michael.hill@matrixpharmaceuticalsinc.com,+1 (421) 136-7504,NEW,WhatsApp Inbound,Logistics,58,,Cloud Transformation Webinar,,f,f,,,$223k,4ce4b477-acdb-46b9-b7ed-e1c30cac4568,LD-2025-01016,,,,2026-08-03 11:09:10.281+00,2,,,2026-02-18 11:09:10.281+00,2026-08-05 11:09:10.281+00,aeceeffe-1a87-4ed1-82c9-5b41cc2e4c80,Warm,f,,0,AUTOMATIC,Reply to Lead,,,4ce4b477-acdb-46b9-b7ed-e1c30cac4568,,,,,,,,
588131e4-4f02-430c-9cb4-867179191e4e,Richard,Rodriguez,Aegis Systems Inc.,richard.rodriguez@aegissystemsinc.com,+1 (588) 809-5939,NEW,Partner Referral,Technology,65,,LinkedIn Account Based Marketing,,f,f,,,$302k,d1684f4a-9158-4049-9d4d-a1a06b5e5ffa,LD-2025-01018,,,,,0,,,2026-04-14 11:09:10.755+00,2026-08-05 11:09:10.755+00,5590f73f-33da-422a-98ed-8fd0fb6917f2,Warm,f,,0,AUTOMATIC,Reply to Lead,,,d1684f4a-9158-4049-9d4d-a1a06b5e5ffa,,,,,,,,
74709846-ef92-47de-a7aa-f214ed658ab6,Hassan,Raza,KFN Holdings,hassan.raza@kfn.com.sa,+966551122334,NEW,LinkedIn,,95,LinkedIn Lead Gen Forms Mock,Enterprise Prefab Buildings,"{""simulated"":true,""linkedin_form_id"":""li_form_993"",""profile_url"":""linkedin.com/in/hassanraza""}",f,f,,,,adc833ad-1be5-41fe-9540-6f265e97aa49,LD-2026-01145-5186,,,,,0,,email,2026-08-17 11:17:21.93+00,2026-08-17 11:23:52.314+00,75a47989-b9ac-4733-a4ba-d3568a7b193c,Hot,f,,0,AUTOMATIC,Reply to Lead,2026-08-17 13:17:21.929+00,,adc833ad-1be5-41fe-9540-6f265e97aa49,,,Campaign,LinkedIn,LinkedIn Lead Gen Forms Mock,,"{""channel"":""LinkedIn"",""sourceType"":""Campaign"",""sourceName"":""LinkedIn Lead Gen Forms Mock"",""sourceEntityId"":null,""referringAccountId"":null,""campaignId"":null,""adId"":null,""landingPage"":null,""referrer"":null,""utmSource"":null,""utmMedium"":null,""utmCampaign"":null,""utmTerm"":null,""utmContent"":null,""clickId"":null,""rawPayload"":{""simulated"":true,""linkedin_form_id"":""li_form_993"",""profile_url"":""linkedin.com/in/hassanraza""}}","{""channel"":""LinkedIn"",""sourceType"":""Campaign"",""sourceName"":""LinkedIn Lead Gen Forms Mock"",""sourceEntityId"":null,""referringAccountId"":null,""campaignId"":null,""adId"":null,""landingPage"":null,""referrer"":null,""utmSource"":null,""utmMedium"":null,""utmCampaign"":null,""utmTerm"":null,""utmContent"":null,""clickId"":null,""rawPayload"":{""simulated"":true,""linkedin_form_id"":""li_form_993"",""profile_url"":""linkedin.com/in/hassanraza""}}"
8be94149-9f69-4ea2-96a6-cb204f5991bc,Tariq,Jameel,BuildCorp LLC,tariq@buildcorp.ae,+971509876543,NEW,Facebook,,85,Meta Ads Lead Form Mock,Prefab Office Ads,"{""simulated"":true,""ad_id"":""meta_ad_prefab_101"",""lead_id"":""fb_lead_55029""}",f,f,,,,695729d5-b8d4-4caf-9188-262a2db133aa,LD-2026-01148-3240,,,,,0,,email,2026-08-17 11:19:21.896+00,2026-08-17 11:23:52.774+00,75a47989-b9ac-4733-a4ba-d3568a7b193c,Hot,f,,0,AUTOMATIC,Reply to Lead,2026-08-17 13:19:21.896+00,,695729d5-b8d4-4caf-9188-262a2db133aa,,,Campaign,Facebook,Meta Ads Lead Form Mock,,"{""channel"":""Facebook"",""sourceType"":""Campaign"",""sourceName"":""Meta Ads Lead Form Mock"",""sourceEntityId"":null,""referringAccountId"":null,""campaignId"":null,""adId"":null,""landingPage"":null,""referrer"":null,""utmSource"":null,""utmMedium"":null,""utmCampaign"":null,""utmTerm"":null,""utmContent"":null,""clickId"":null,""rawPayload"":{""simulated"":true,""ad_id"":""meta_ad_prefab_101"",""lead_id"":""fb_lead_55029""}}","{""channel"":""Facebook"",""sourceType"":""Campaign"",""sourceName"":""Meta Ads Lead Form Mock"",""sourceEntityId"":null,""referringAccountId"":null,""campaignId"":null,""adId"":null,""landingPage"":null,""referrer"":null,""utmSource"":null,""utmMedium"":null,""utmCampaign"":null,""utmTerm"":null,""utmContent"":null,""clickId"":null,""rawPayload"":{""simulated"":true,""ad_id"":""meta_ad_prefab_101"",""lead_id"":""fb_lead_55029""}}"
77ae8218-587f-4f0b-bba5-ad8902edae86,Hassan,Raza,KFN Holdings,hassan.raza@kfn.com.sa,+966551122334,NEW,LinkedIn,,95,LinkedIn Lead Gen Forms Mock,Enterprise Prefab Buildings,"{""simulated"":true,""linkedin_form_id"":""li_form_993"",""profile_url"":""linkedin.com/in/hassanraza""}",f,f,,,,adc833ad-1be5-41fe-9540-6f265e97aa49,LD-2026-01148-7860,,,,,0,,email,2026-08-17 11:19:22.125+00,2026-08-17 11:23:53.004+00,75a47989-b9ac-4733-a4ba-d3568a7b193c,Hot,f,,0,AUTOMATIC,Reply to Lead,2026-08-17 13:19:22.125+00,,adc833ad-1be5-41fe-9540-6f265e97aa49,,,Campaign,LinkedIn,LinkedIn Lead Gen Forms Mock,,"{""channel"":""LinkedIn"",""sourceType"":""Campaign"",""sourceName"":""LinkedIn Lead Gen Forms Mock"",""sourceEntityId"":null,""referringAccountId"":null,""campaignId"":null,""adId"":null,""landingPage"":null,""referrer"":null,""utmSource"":null,""utmMedium"":null,""utmCampaign"":null,""utmTerm"":null,""utmContent"":null,""clickId"":null,""rawPayload"":{""simulated"":true,""linkedin_form_id"":""li_form_993"",""profile_url"":""linkedin.com/in/hassanraza""}}","{""channel"":""LinkedIn"",""sourceType"":""Campaign"",""sourceName"":""LinkedIn Lead Gen Forms Mock"",""sourceEntityId"":null,""referringAccountId"":null,""campaignId"":null,""adId"":null,""landingPage"":null,""referrer"":null,""utmSource"":null,""utmMedium"":null,""utmCampaign"":null,""utmTerm"":null,""utmContent"":null,""clickId"":null,""rawPayload"":{""simulated"":true,""linkedin_form_id"":""li_form_993"",""profile_url"":""linkedin.com/in/hassanraza""}}"
bd163782-7798-4a0b-b2d8-3c4b042a24ef,Khaled,Al-Masri,Red Sea Dev,khaled@redseadev.sa,+966501234567,NEW,Email,,85,Gmail Mock Integration,GCC Site Cabin Campaign,"{""simulated"":true,""headers"":{""from"":""khaled@redseadev.sa"",""subject"":""Quote request for site cabins""}}",f,f,,,,d495c3f1-f1ca-4a27-b225-1a3bac55381b,LD-2026-01145-7665,,,,,0,,email,2026-08-17 11:17:22.086+00,2026-08-17 11:23:52.544+00,eed70aae-cb82-42cc-a98a-d55cdf52d3b8,Hot,f,,0,AUTOMATIC,Reply to Lead,2026-08-17 13:17:22.086+00,,d495c3f1-f1ca-4a27-b225-1a3bac55381b,,,Campaign,Email,Gmail Mock Integration,,"{""channel"":""Email"",""sourceType"":""Campaign"",""sourceName"":""Gmail Mock Integration"",""sourceEntityId"":null,""referringAccountId"":null,""campaignId"":null,""adId"":null,""landingPage"":null,""referrer"":null,""utmSource"":null,""utmMedium"":null,""utmCampaign"":null,""utmTerm"":null,""utmContent"":null,""clickId"":null,""rawPayload"":{""simulated"":true,""headers"":{""from"":""khaled@redseadev.sa"",""subject"":""Quote request for site cabins""}}}","{""channel"":""Email"",""sourceType"":""Campaign"",""sourceName"":""Gmail Mock Integration"",""sourceEntityId"":null,""referringAccountId"":null,""campaignId"":null,""adId"":null,""landingPage"":null,""referrer"":null,""utmSource"":null,""utmMedium"":null,""utmCampaign"":null,""utmTerm"":null,""utmContent"":null,""clickId"":null,""rawPayload"":{""simulated"":true,""headers"":{""from"":""khaled@redseadev.sa"",""subject"":""Quote request for site cabins""}}}"
ab8dff1b-3ae9-4608-9b4e-ee9a98aa156f,Hassan,Raza,KFN Holdings,hassan.raza@kfn.com.sa,+966551122334,NEW,LinkedIn,,95,LinkedIn Lead Gen Forms Mock,Enterprise Prefab Buildings,"{""simulated"":true,""linkedin_form_id"":""li_form_993"",""profile_url"":""linkedin.com/in/hassanraza""}",f,f,,,,adc833ad-1be5-41fe-9540-6f265e97aa49,LD-2026-01142-7903,,,,,0,,email,2026-08-17 11:15:21.694+00,2026-08-17 11:23:51.392+00,75a47989-b9ac-4733-a4ba-d3568a7b193c,Hot,f,,0,AUTOMATIC,Reply to Lead,2026-08-17 13:15:21.694+00,,adc833ad-1be5-41fe-9540-6f265e97aa49,,,Campaign,LinkedIn,LinkedIn Lead Gen Forms Mock,,"{""channel"":""LinkedIn"",""sourceType"":""Campaign"",""sourceName"":""LinkedIn Lead Gen Forms Mock"",""sourceEntityId"":null,""referringAccountId"":null,""campaignId"":null,""adId"":null,""landingPage"":null,""referrer"":null,""utmSource"":null,""utmMedium"":null,""utmCampaign"":null,""utmTerm"":null,""utmContent"":null,""clickId"":null,""rawPayload"":{""simulated"":true,""linkedin_form_id"":""li_form_993"",""profile_url"":""linkedin.com/in/hassanraza""}}","{""channel"":""LinkedIn"",""sourceType"":""Campaign"",""sourceName"":""LinkedIn Lead Gen Forms Mock"",""sourceEntityId"":null,""referringAccountId"":null,""campaignId"":null,""adId"":null,""landingPage"":null,""referrer"":null,""utmSource"":null,""utmMedium"":null,""utmCampaign"":null,""utmTerm"":null,""utmContent"":null,""clickId"":null,""rawPayload"":{""simulated"":true,""linkedin_form_id"":""li_form_993"",""profile_url"":""linkedin.com/in/hassanraza""}}"
6540bdbc-c330-4e29-8282-76a00e7fe40d,Jessica,Wilson,Dynamic Energy Inc.,jessica.wilson@dynamicenergyinc.com,+1 (516) 656-1106,NEW,Website Organic,Retail,75,,LinkedIn Account Based Marketing,,f,f,,,$106k,45880b56-5d45-41a6-8fdb-7cf7d415fee9,LD-2025-01019,,,,,0,,,2025-10-07 11:09:10.991+00,2026-08-05 11:09:10.991+00,6623fa17-a8cc-4aa2-a9ff-0f08a8c7e6f2,Warm,f,,0,AUTOMATIC,Reply to Lead,,,45880b56-5d45-41a6-8fdb-7cf7d415fee9,,,,,,,,
980a48e8-74be-4bfc-adde-d65a43bb50ea,Yasmin,Qureshi,Designers Hub,yasmin@designershub.com,+971509876543,NEW,Facebook,,85,Meta Ads Lead Form Mock,Prefab Office Ads,"{""simulated"":true,""ad_id"":""meta_ad_prefab_101"",""lead_id"":""fb_lead_55029""}",f,f,,,,c8790cac-50df-4f73-b38d-9f5ae1bf88ce,LD-2026-01145-9548,,,,,0,,email,2026-08-17 11:17:21.908+00,2026-08-17 11:23:52.084+00,eed70aae-cb82-42cc-a98a-d55cdf52d3b8,Hot,f,,0,AUTOMATIC,Reply to Lead,2026-08-17 13:17:21.908+00,,c8790cac-50df-4f73-b38d-9f5ae1bf88ce,,,Campaign,Facebook,Meta Ads Lead Form Mock,,"{""channel"":""Facebook"",""sourceType"":""Campaign"",""sourceName"":""Meta Ads Lead Form Mock"",""sourceEntityId"":null,""referringAccountId"":null,""campaignId"":null,""adId"":null,""landingPage"":null,""referrer"":null,""utmSource"":null,""utmMedium"":null,""utmCampaign"":null,""utmTerm"":null,""utmContent"":null,""clickId"":null,""rawPayload"":{""simulated"":true,""ad_id"":""meta_ad_prefab_101"",""lead_id"":""fb_lead_55029""}}","{""channel"":""Facebook"",""sourceType"":""Campaign"",""sourceName"":""Meta Ads Lead Form Mock"",""sourceEntityId"":null,""referringAccountId"":null,""campaignId"":null,""adId"":null,""landingPage"":null,""referrer"":null,""utmSource"":null,""utmMedium"":null,""utmCampaign"":null,""utmTerm"":null,""utmContent"":null,""clickId"":null,""rawPayload"":{""simulated"":true,""ad_id"":""meta_ad_prefab_101"",""lead_id"":""fb_lead_55029""}}"
a44ca108-7390-454f-9d75-5002ec34d410,Majed,Al-Otaibi,Riyadh Construction,majed@riyadhconst.com,+966501234567,NEW,Email,,85,Gmail Mock Integration,GCC Site Cabin Campaign,"{""simulated"":true,""headers"":{""from"":""majed@riyadhconst.com"",""subject"":""Quote request for site cabins""}}",f,f,,,,e36adc11-50c5-40bd-b627-2db2eb404c50,LD-2026-01151-9061,,,,,0,,email,2026-08-17 11:25:43.844+00,2026-08-17 11:28:47.824+00,75a47989-b9ac-4733-a4ba-d3568a7b193c,Hot,f,,0,AUTOMATIC,Reply to Lead,2026-08-17 13:25:43.844+00,,e36adc11-50c5-40bd-b627-2db2eb404c50,,,Campaign,Email,Gmail Mock Integration,,"{""channel"":""Email"",""sourceType"":""Campaign"",""sourceName"":""Gmail Mock Integration"",""sourceEntityId"":null,""referringAccountId"":null,""campaignId"":null,""adId"":null,""landingPage"":null,""referrer"":null,""utmSource"":null,""utmMedium"":null,""utmCampaign"":null,""utmTerm"":null,""utmContent"":null,""clickId"":null,""rawPayload"":{""simulated"":true,""headers"":{""from"":""majed@riyadhconst.com"",""subject"":""Quote request for site cabins""}}}","{""channel"":""Email"",""sourceType"":""Campaign"",""sourceName"":""Gmail Mock Integration"",""sourceEntityId"":null,""referringAccountId"":null,""campaignId"":null,""adId"":null,""landingPage"":null,""referrer"":null,""utmSource"":null,""utmMedium"":null,""utmCampaign"":null,""utmTerm"":null,""utmContent"":null,""clickId"":null,""rawPayload"":{""simulated"":true,""headers"":{""from"":""majed@riyadhconst.com"",""subject"":""Quote request for site cabins""}}}"
50b500fc-e024-460b-bec6-eec2c554923c,Hassan,Raza,KFN Holdings,hassan.raza@kfn.com.sa,+966551122334,NEW,LinkedIn,,95,LinkedIn Lead Gen Forms Mock,Enterprise Prefab Buildings,"{""simulated"":true,""linkedin_form_id"":""li_form_993"",""profile_url"":""linkedin.com/in/hassanraza""}",f,f,,,,adc833ad-1be5-41fe-9540-6f265e97aa49,LD-2026-01151-8179,,,,,0,,email,2026-08-17 11:25:43.726+00,2026-08-17 11:28:47.673+00,75a47989-b9ac-4733-a4ba-d3568a7b193c,Hot,f,,0,AUTOMATIC,Reply to Lead,2026-08-17 13:25:43.726+00,,adc833ad-1be5-41fe-9540-6f265e97aa49,,,Campaign,LinkedIn,LinkedIn Lead Gen Forms Mock,,"{""channel"":""LinkedIn"",""sourceType"":""Campaign"",""sourceName"":""LinkedIn Lead Gen Forms Mock"",""sourceEntityId"":null,""referringAccountId"":null,""campaignId"":null,""adId"":null,""landingPage"":null,""referrer"":null,""utmSource"":null,""utmMedium"":null,""utmCampaign"":null,""utmTerm"":null,""utmContent"":null,""clickId"":null,""rawPayload"":{""simulated"":true,""linkedin_form_id"":""li_form_993"",""profile_url"":""linkedin.com/in/hassanraza""}}","{""channel"":""LinkedIn"",""sourceType"":""Campaign"",""sourceName"":""LinkedIn Lead Gen Forms Mock"",""sourceEntityId"":null,""referringAccountId"":null,""campaignId"":null,""adId"":null,""landingPage"":null,""referrer"":null,""utmSource"":null,""utmMedium"":null,""utmCampaign"":null,""utmTerm"":null,""utmContent"":null,""clickId"":null,""rawPayload"":{""simulated"":true,""linkedin_form_id"":""li_form_993"",""profile_url"":""linkedin.com/in/hassanraza""}}"
30a43943-9c55-4b52-bd34-20e2ecd2f943,Majed,Al-Otaibi,Riyadh Construction,majed@riyadhconst.com,+966501234567,NEW,Email,,85,Gmail Mock Integration,GCC Site Cabin Campaign,"{""simulated"":true,""headers"":{""from"":""majed@riyadhconst.com"",""subject"":""Quote request for site cabins""}}",f,f,,,,e36adc11-50c5-40bd-b627-2db2eb404c50,LD-2026-01154-9058,,,,,0,,email,2026-08-17 11:27:43.816+00,2026-08-17 11:28:47.883+00,75a47989-b9ac-4733-a4ba-d3568a7b193c,Hot,f,,0,AUTOMATIC,Reply to Lead,2026-08-17 13:27:43.815+00,,e36adc11-50c5-40bd-b627-2db2eb404c50,,,Campaign,Email,Gmail Mock Integration,,"{""channel"":""Email"",""sourceType"":""Campaign"",""sourceName"":""Gmail Mock Integration"",""sourceEntityId"":null,""referringAccountId"":null,""campaignId"":null,""adId"":null,""landingPage"":null,""referrer"":null,""utmSource"":null,""utmMedium"":null,""utmCampaign"":null,""utmTerm"":null,""utmContent"":null,""clickId"":null,""rawPayload"":{""simulated"":true,""headers"":{""from"":""majed@riyadhconst.com"",""subject"":""Quote request for site cabins""}}}","{""channel"":""Email"",""sourceType"":""Campaign"",""sourceName"":""Gmail Mock Integration"",""sourceEntityId"":null,""referringAccountId"":null,""campaignId"":null,""adId"":null,""landingPage"":null,""referrer"":null,""utmSource"":null,""utmMedium"":null,""utmCampaign"":null,""utmTerm"":null,""utmContent"":null,""clickId"":null,""rawPayload"":{""simulated"":true,""headers"":{""from"":""majed@riyadhconst.com"",""subject"":""Quote request for site cabins""}}}"
6e1f3877-1da6-42e2-b5e7-763211e24d31,Tariq,Jameel,BuildCorp LLC,tariq@buildcorp.ae,+971509876543,NEW,Facebook,,85,Meta Ads Lead Form Mock,Prefab Office Ads,"{""simulated"":true,""ad_id"":""meta_ad_prefab_101"",""lead_id"":""fb_lead_55029""}",f,f,,,,695729d5-b8d4-4caf-9188-262a2db133aa,LD-2026-01154-7511,,,,,0,,email,2026-08-17 11:27:43.61+00,2026-08-17 11:28:47.942+00,75a47989-b9ac-4733-a4ba-d3568a7b193c,Hot,f,,0,AUTOMATIC,Reply to Lead,2026-08-17 13:27:43.609+00,,695729d5-b8d4-4caf-9188-262a2db133aa,,,Campaign,Facebook,Meta Ads Lead Form Mock,,"{""channel"":""Facebook"",""sourceType"":""Campaign"",""sourceName"":""Meta Ads Lead Form Mock"",""sourceEntityId"":null,""referringAccountId"":null,""campaignId"":null,""adId"":null,""landingPage"":null,""referrer"":null,""utmSource"":null,""utmMedium"":null,""utmCampaign"":null,""utmTerm"":null,""utmContent"":null,""clickId"":null,""rawPayload"":{""simulated"":true,""ad_id"":""meta_ad_prefab_101"",""lead_id"":""fb_lead_55029""}}","{""channel"":""Facebook"",""sourceType"":""Campaign"",""sourceName"":""Meta Ads Lead Form Mock"",""sourceEntityId"":null,""referringAccountId"":null,""campaignId"":null,""adId"":null,""landingPage"":null,""referrer"":null,""utmSource"":null,""utmMedium"":null,""utmCampaign"":null,""utmTerm"":null,""utmContent"":null,""clickId"":null,""rawPayload"":{""simulated"":true,""ad_id"":""meta_ad_prefab_101"",""lead_id"":""fb_lead_55029""}}"
fd5e2c00-33e3-4142-8d2d-bf91db857c07,Nancy,White,Infinitum Pharmaceuticals Inc.,nancy.white@infinitumpharmaceuticalsinc.com,+1 (387) 408-1210,NEW,WhatsApp Inbound,Manufacturing,79,,Cloud Transformation Webinar,,f,f,,,$289k,d0153f05-406c-4e7b-a7fe-b3f98cf3f4b2,LD-2025-01021,,,,2026-08-05 11:09:11.465+00,2,,,2025-09-15 11:09:11.465+00,2026-08-05 11:09:11.465+00,483561ee-4978-4ec5-bc44-6274d0dba919,Warm,f,,0,AUTOMATIC,Reply to Lead,,,d0153f05-406c-4e7b-a7fe-b3f98cf3f4b2,,,,,,,,
6ea4daff-186d-4f39-b965-4f2400d7f19d,Hassan,Raza,KFN Holdings,hassan.raza@kfn.com.sa,+966551122334,NEW,LinkedIn,,95,LinkedIn Lead Gen Forms Mock,Enterprise Prefab Buildings,"{""simulated"":true,""linkedin_form_id"":""li_form_993"",""profile_url"":""linkedin.com/in/hassanraza""}",f,f,,,,adc833ad-1be5-41fe-9540-6f265e97aa49,LD-2026-01163-9070,,,,,0,,email,2026-08-17 11:31:43.777+00,2026-08-17 11:47:40.943+00,75a47989-b9ac-4733-a4ba-d3568a7b193c,Hot,f,,0,AUTOMATIC,Reply to Lead,2026-08-17 13:31:43.776+00,,adc833ad-1be5-41fe-9540-6f265e97aa49,,,Campaign,LinkedIn,LinkedIn Lead Gen Forms Mock,,"{""channel"":""LinkedIn"",""sourceType"":""Campaign"",""sourceName"":""LinkedIn Lead Gen Forms Mock"",""sourceEntityId"":null,""referringAccountId"":null,""campaignId"":null,""adId"":null,""landingPage"":null,""referrer"":null,""utmSource"":null,""utmMedium"":null,""utmCampaign"":null,""utmTerm"":null,""utmContent"":null,""clickId"":null,""rawPayload"":{""simulated"":true,""linkedin_form_id"":""li_form_993"",""profile_url"":""linkedin.com/in/hassanraza""}}","{""channel"":""LinkedIn"",""sourceType"":""Campaign"",""sourceName"":""LinkedIn Lead Gen Forms Mock"",""sourceEntityId"":null,""referringAccountId"":null,""campaignId"":null,""adId"":null,""landingPage"":null,""referrer"":null,""utmSource"":null,""utmMedium"":null,""utmCampaign"":null,""utmTerm"":null,""utmContent"":null,""clickId"":null,""rawPayload"":{""simulated"":true,""linkedin_form_id"":""li_form_993"",""profile_url"":""linkedin.com/in/hassanraza""}}"
d56a9f8d-02b2-4779-a03c-84f945ae8f75,Majed,Al-Otaibi,Riyadh Construction,majed@riyadhconst.com,+966501234567,NEW,Email,,85,Gmail Mock Integration,GCC Site Cabin Campaign,"{""simulated"":true,""headers"":{""from"":""majed@riyadhconst.com"",""subject"":""Quote request for site cabins""}}",f,f,,,,e36adc11-50c5-40bd-b627-2db2eb404c50,LD-2026-01165-8750,,,,,0,,email,2026-08-17 11:31:44.101+00,2026-08-17 11:47:41.006+00,75a47989-b9ac-4733-a4ba-d3568a7b193c,Hot,f,,0,AUTOMATIC,Reply to Lead,2026-08-17 13:31:44.101+00,,e36adc11-50c5-40bd-b627-2db2eb404c50,,,Campaign,Email,Gmail Mock Integration,,"{""channel"":""Email"",""sourceType"":""Campaign"",""sourceName"":""Gmail Mock Integration"",""sourceEntityId"":null,""referringAccountId"":null,""campaignId"":null,""adId"":null,""landingPage"":null,""referrer"":null,""utmSource"":null,""utmMedium"":null,""utmCampaign"":null,""utmTerm"":null,""utmContent"":null,""clickId"":null,""rawPayload"":{""simulated"":true,""headers"":{""from"":""majed@riyadhconst.com"",""subject"":""Quote request for site cabins""}}}","{""channel"":""Email"",""sourceType"":""Campaign"",""sourceName"":""Gmail Mock Integration"",""sourceEntityId"":null,""referringAccountId"":null,""campaignId"":null,""adId"":null,""landingPage"":null,""referrer"":null,""utmSource"":null,""utmMedium"":null,""utmCampaign"":null,""utmTerm"":null,""utmContent"":null,""clickId"":null,""rawPayload"":{""simulated"":true,""headers"":{""from"":""majed@riyadhconst.com"",""subject"":""Quote request for site cabins""}}}"
3fd50c3b-37d6-4602-875c-0fb5fd978336,Tariq,Jameel,BuildCorp LLC,tariq@buildcorp.ae,+971509876543,NEW,Facebook,,85,Meta Ads Lead Form Mock,Prefab Office Ads,"{""simulated"":true,""ad_id"":""meta_ad_prefab_101"",""lead_id"":""fb_lead_55029""}",f,f,,,,695729d5-b8d4-4caf-9188-262a2db133aa,LD-2026-01166-8990,,,,,0,,email,2026-08-17 11:32:37.939+00,2026-08-17 11:47:41.069+00,75a47989-b9ac-4733-a4ba-d3568a7b193c,Hot,f,,0,AUTOMATIC,Reply to Lead,2026-08-17 13:32:37.938+00,,,,,,,,,,
8a573c2c-1266-4c3c-90a1-46e9aceb4fc2,Robert,Rodriguez,Vanguard Holdings Inc.,robert.rodriguez@vanguardholdingsinc.com,+1 (540) 851-1611,NEW,Direct Mail Campaign,Automotive,80,,Direct Executive Outreach,,f,f,,,$265k,978a5ab6-71e7-4d40-8cf8-d1c3ee2ecb5f,LD-2025-01002,,,,,0,,,2025-09-20 11:09:06.824+00,2026-08-11 11:18:35.075+00,aeceeffe-1a87-4ed1-82c9-5b41cc2e4c80,Hot,f,,0,AUTOMATIC,Reply to Lead,,,978a5ab6-71e7-4d40-8cf8-d1c3ee2ecb5f,,,,,,,,
4d934363-229b-40b7-9eb0-db99750a5cfd,Yasmin,Qureshi,Designers Hub,yasmin@designershub.com,+971509876543,NEW,Facebook,,85,Meta Ads Lead Form Mock,Prefab Office Ads,"{""simulated"":true,""ad_id"":""meta_ad_prefab_101"",""lead_id"":""fb_lead_55029""}",f,f,,,,c8790cac-50df-4f73-b38d-9f5ae1bf88ce,LD-2026-01151-2700,,,,,0,,email,2026-08-17 11:25:43.725+00,2026-08-17 11:28:47.765+00,eed70aae-cb82-42cc-a98a-d55cdf52d3b8,Hot,f,,0,AUTOMATIC,Reply to Lead,2026-08-17 13:25:43.715+00,,c8790cac-50df-4f73-b38d-9f5ae1bf88ce,,,Campaign,Facebook,Meta Ads Lead Form Mock,,"{""channel"":""Facebook"",""sourceType"":""Campaign"",""sourceName"":""Meta Ads Lead Form Mock"",""sourceEntityId"":null,""referringAccountId"":null,""campaignId"":null,""adId"":null,""landingPage"":null,""referrer"":null,""utmSource"":null,""utmMedium"":null,""utmCampaign"":null,""utmTerm"":null,""utmContent"":null,""clickId"":null,""rawPayload"":{""simulated"":true,""ad_id"":""meta_ad_prefab_101"",""lead_id"":""fb_lead_55029""}}","{""channel"":""Facebook"",""sourceType"":""Campaign"",""sourceName"":""Meta Ads Lead Form Mock"",""sourceEntityId"":null,""referringAccountId"":null,""campaignId"":null,""adId"":null,""landingPage"":null,""referrer"":null,""utmSource"":null,""utmMedium"":null,""utmCampaign"":null,""utmTerm"":null,""utmContent"":null,""clickId"":null,""rawPayload"":{""simulated"":true,""ad_id"":""meta_ad_prefab_101"",""lead_id"":""fb_lead_55029""}}"
f7e2b656-4cba-40b4-a89f-26385578b350,Linda,Wilson,Genesis Systems Inc.,linda.wilson@genesissystemsinc.com,+1 (470) 668-9401,NEW,Trade Show Expo 2025,Pharmaceutical,38,,Inbound Google Organic,,f,f,,,$213k,9ffa2ead-622b-404c-b159-5c4c8488e79e,LD-2025-01003,,,,,0,,,2026-01-14 11:09:07.064+00,2026-08-11 11:18:35.136+00,aba0e0a8-5ab3-4f71-aa3f-84a3aab4d97a,Cold,f,,0,AUTOMATIC,Reply to Lead,,,9ffa2ead-622b-404c-b159-5c4c8488e79e,,,,,,,,
fd3e9381-3c4d-4559-aae4-130941473ae1,Betty,Brown,Starlight Energy Inc.,betty.brown@starlightenergyinc.com,+1 (358) 257-5506,NEW,Website Organic,Retail,46,,Executive CXO Summit,,f,f,,,$180k,44eade90-d415-431d-9fad-7547702781a3,LD-2025-01009,,,,,0,,,2026-01-05 11:09:08.547+00,2026-08-11 11:18:35.197+00,957794e0-b1d0-41f9-844a-a7637166bdb2,Cold,f,,0,AUTOMATIC,Reply to Lead,,,44eade90-d415-431d-9fad-7547702781a3,,,,,,,,
b1090269-5484-4aa1-a24f-934b5c9c8d7c,Hassan,Raza,KFN Holdings,hassan.raza@kfn.com.sa,+966551122334,NEW,LinkedIn,,95,LinkedIn Lead Gen Forms Mock,Enterprise Prefab Buildings,"{""simulated"":true,""linkedin_form_id"":""li_form_993"",""profile_url"":""linkedin.com/in/hassanraza""}",f,f,,,,adc833ad-1be5-41fe-9540-6f265e97aa49,LD-2026-01154-3887,,,,,0,,email,2026-08-17 11:27:43.718+00,2026-08-17 11:28:48.001+00,75a47989-b9ac-4733-a4ba-d3568a7b193c,Hot,f,,0,AUTOMATIC,Reply to Lead,2026-08-17 13:27:43.718+00,,adc833ad-1be5-41fe-9540-6f265e97aa49,,,Campaign,LinkedIn,LinkedIn Lead Gen Forms Mock,,"{""channel"":""LinkedIn"",""sourceType"":""Campaign"",""sourceName"":""LinkedIn Lead Gen Forms Mock"",""sourceEntityId"":null,""referringAccountId"":null,""campaignId"":null,""adId"":null,""landingPage"":null,""referrer"":null,""utmSource"":null,""utmMedium"":null,""utmCampaign"":null,""utmTerm"":null,""utmContent"":null,""clickId"":null,""rawPayload"":{""simulated"":true,""linkedin_form_id"":""li_form_993"",""profile_url"":""linkedin.com/in/hassanraza""}}","{""channel"":""LinkedIn"",""sourceType"":""Campaign"",""sourceName"":""LinkedIn Lead Gen Forms Mock"",""sourceEntityId"":null,""referringAccountId"":null,""campaignId"":null,""adId"":null,""landingPage"":null,""referrer"":null,""utmSource"":null,""utmMedium"":null,""utmCampaign"":null,""utmTerm"":null,""utmContent"":null,""clickId"":null,""rawPayload"":{""simulated"":true,""linkedin_form_id"":""li_form_993"",""profile_url"":""linkedin.com/in/hassanraza""}}"
de606efe-f188-4088-807a-e3473cf77bf0,Tariq,Jameel,BuildCorp LLC,tariq@buildcorp.ae,+971509876543,NEW,Facebook,,85,Meta Ads Lead Form Mock,Prefab Office Ads,"{""simulated"":true,""ad_id"":""meta_ad_prefab_101"",""lead_id"":""fb_lead_55029""}",f,f,,,,695729d5-b8d4-4caf-9188-262a2db133aa,LD-2026-01157-1417,,,,,0,,email,2026-08-17 11:29:43.602+00,2026-08-17 11:47:41.131+00,75a47989-b9ac-4733-a4ba-d3568a7b193c,Hot,f,,0,AUTOMATIC,Reply to Lead,2026-08-17 13:29:43.602+00,,695729d5-b8d4-4caf-9188-262a2db133aa,,,Campaign,Facebook,Meta Ads Lead Form Mock,,"{""channel"":""Facebook"",""sourceType"":""Campaign"",""sourceName"":""Meta Ads Lead Form Mock"",""sourceEntityId"":null,""referringAccountId"":null,""campaignId"":null,""adId"":null,""landingPage"":null,""referrer"":null,""utmSource"":null,""utmMedium"":null,""utmCampaign"":null,""utmTerm"":null,""utmContent"":null,""clickId"":null,""rawPayload"":{""simulated"":true,""ad_id"":""meta_ad_prefab_101"",""lead_id"":""fb_lead_55029""}}","{""channel"":""Facebook"",""sourceType"":""Campaign"",""sourceName"":""Meta Ads Lead Form Mock"",""sourceEntityId"":null,""referringAccountId"":null,""campaignId"":null,""adId"":null,""landingPage"":null,""referrer"":null,""utmSource"":null,""utmMedium"":null,""utmCampaign"":null,""utmTerm"":null,""utmContent"":null,""clickId"":null,""rawPayload"":{""simulated"":true,""ad_id"":""meta_ad_prefab_101"",""lead_id"":""fb_lead_55029""}}"
c1543982-a02c-4280-b536-a2560618616e,Hassan,Raza,KFN Holdings,hassan.raza@kfn.com.sa,+966551122334,NEW,LinkedIn,,95,LinkedIn Lead Gen Forms Mock,Enterprise Prefab Buildings,"{""simulated"":true,""linkedin_form_id"":""li_form_993"",""profile_url"":""linkedin.com/in/hassanraza""}",f,f,,,,adc833ad-1be5-41fe-9540-6f265e97aa49,LD-2026-01169-4345,,,,,0,,email,2026-08-17 11:33:43.8+00,2026-08-17 11:47:41.633+00,75a47989-b9ac-4733-a4ba-d3568a7b193c,Hot,f,,0,AUTOMATIC,Reply to Lead,2026-08-17 13:33:43.8+00,,adc833ad-1be5-41fe-9540-6f265e97aa49,,,Campaign,LinkedIn,LinkedIn Lead Gen Forms Mock,,"{""channel"":""LinkedIn"",""sourceType"":""Campaign"",""sourceName"":""LinkedIn Lead Gen Forms Mock"",""sourceEntityId"":null,""referringAccountId"":null,""campaignId"":null,""adId"":null,""landingPage"":null,""referrer"":null,""utmSource"":null,""utmMedium"":null,""utmCampaign"":null,""utmTerm"":null,""utmContent"":null,""clickId"":null,""rawPayload"":{""simulated"":true,""linkedin_form_id"":""li_form_993"",""profile_url"":""linkedin.com/in/hassanraza""}}","{""channel"":""LinkedIn"",""sourceType"":""Campaign"",""sourceName"":""LinkedIn Lead Gen Forms Mock"",""sourceEntityId"":null,""referringAccountId"":null,""campaignId"":null,""adId"":null,""landingPage"":null,""referrer"":null,""utmSource"":null,""utmMedium"":null,""utmCampaign"":null,""utmTerm"":null,""utmContent"":null,""clickId"":null,""rawPayload"":{""simulated"":true,""linkedin_form_id"":""li_form_993"",""profile_url"":""linkedin.com/in/hassanraza""}}"
fc414108-c25c-4a9e-8a3c-35e2b4643bb1,Majed,Al-Otaibi,Riyadh Construction,majed@riyadhconst.com,+966501234567,NEW,Email,,85,Gmail Mock Integration,GCC Site Cabin Campaign,"{""simulated"":true,""headers"":{""from"":""majed@riyadhconst.com"",""subject"":""Quote request for site cabins""}}",f,f,,,,e36adc11-50c5-40bd-b627-2db2eb404c50,LD-2026-01169-1441,,,,,0,,email,2026-08-17 11:33:43.88+00,2026-08-17 11:47:41.696+00,75a47989-b9ac-4733-a4ba-d3568a7b193c,Hot,f,,0,AUTOMATIC,Reply to Lead,2026-08-17 13:33:43.879+00,,e36adc11-50c5-40bd-b627-2db2eb404c50,,,Campaign,Email,Gmail Mock Integration,,"{""channel"":""Email"",""sourceType"":""Campaign"",""sourceName"":""Gmail Mock Integration"",""sourceEntityId"":null,""referringAccountId"":null,""campaignId"":null,""adId"":null,""landingPage"":null,""referrer"":null,""utmSource"":null,""utmMedium"":null,""utmCampaign"":null,""utmTerm"":null,""utmContent"":null,""clickId"":null,""rawPayload"":{""simulated"":true,""headers"":{""from"":""majed@riyadhconst.com"",""subject"":""Quote request for site cabins""}}}","{""channel"":""Email"",""sourceType"":""Campaign"",""sourceName"":""Gmail Mock Integration"",""sourceEntityId"":null,""referringAccountId"":null,""campaignId"":null,""adId"":null,""landingPage"":null,""referrer"":null,""utmSource"":null,""utmMedium"":null,""utmCampaign"":null,""utmTerm"":null,""utmContent"":null,""clickId"":null,""rawPayload"":{""simulated"":true,""headers"":{""from"":""majed@riyadhconst.com"",""subject"":""Quote request for site cabins""}}}"
c98442a7-6c24-4f33-8114-fc0da29bba1a,Khaled,Al-Masri,Red Sea Dev,khaled@redseadev.sa,+966501234567,NEW,Email,,85,Gmail Mock Integration,GCC Site Cabin Campaign,"{""simulated"":true,""headers"":{""from"":""khaled@redseadev.sa"",""subject"":""Quote request for site cabins""}}",f,f,,,,d495c3f1-f1ca-4a27-b225-1a3bac55381b,LD-2026-01172-1295,,,,,0,,email,2026-08-17 11:34:37.946+00,2026-08-17 11:47:41.758+00,eed70aae-cb82-42cc-a98a-d55cdf52d3b8,Hot,f,,0,AUTOMATIC,Reply to Lead,2026-08-17 13:34:37.946+00,,,,,,,,,,
3a1f0fa5-ea88-46f9-bf31-12b0efc00dc2,Hassan,Raza,KFN Holdings,hassan.raza@kfn.com.sa,+966551122334,NEW,LinkedIn,,95,LinkedIn Lead Gen Forms Mock,Enterprise Prefab Buildings,"{""simulated"":true,""linkedin_form_id"":""li_form_993"",""profile_url"":""linkedin.com/in/hassanraza""}",f,f,,,,adc833ad-1be5-41fe-9540-6f265e97aa49,LD-2026-01160-4610,,,,,0,,email,2026-08-17 11:30:37.946+00,2026-08-17 11:47:41.32+00,75a47989-b9ac-4733-a4ba-d3568a7b193c,Hot,f,,0,AUTOMATIC,Reply to Lead,2026-08-17 13:30:37.946+00,,,,,,,,,,
4888db14-22f7-471d-a02c-dba70f1be5f1,Khaled,Al-Masri,Red Sea Dev,khaled@redseadev.sa,+966501234567,NEW,Email,,85,Gmail Mock Integration,GCC Site Cabin Campaign,"{""simulated"":true,""headers"":{""from"":""khaled@redseadev.sa"",""subject"":""Quote request for site cabins""}}",f,f,,,,d495c3f1-f1ca-4a27-b225-1a3bac55381b,LD-2026-01160-4586,,,,,0,,email,2026-08-17 11:30:37.948+00,2026-08-17 11:47:41.383+00,eed70aae-cb82-42cc-a98a-d55cdf52d3b8,Hot,f,,0,AUTOMATIC,Reply to Lead,2026-08-17 13:30:37.948+00,,,,,,,,,,
cdfa22b5-4013-4c0a-8599-89b50ba39b67,Khaled,Al-Masri,Red Sea Dev,khaled@redseadev.sa,+966501234567,NEW,Email,,85,Gmail Mock Integration,GCC Site Cabin Campaign,"{""simulated"":true,""headers"":{""from"":""khaled@redseadev.sa"",""subject"":""Quote request for site cabins""}}",f,f,,,,d495c3f1-f1ca-4a27-b225-1a3bac55381b,LD-2026-01166-7990,,,,,0,,email,2026-08-17 11:32:37.943+00,2026-08-17 11:47:41.446+00,eed70aae-cb82-42cc-a98a-d55cdf52d3b8,Hot,f,,0,AUTOMATIC,Reply to Lead,2026-08-17 13:32:37.943+00,,,,,,,,,,
8017d8d9-b3d9-4fa8-aff7-6571ddd8cd01,Hassan,Raza,KFN Holdings,hassan.raza@kfn.com.sa,+966551122334,NEW,LinkedIn,,95,LinkedIn Lead Gen Forms Mock,Enterprise Prefab Buildings,"{""simulated"":true,""linkedin_form_id"":""li_form_993"",""profile_url"":""linkedin.com/in/hassanraza""}",f,f,,,,adc833ad-1be5-41fe-9540-6f265e97aa49,LD-2026-01168-2630,,,,,0,,email,2026-08-17 11:32:38.009+00,2026-08-17 11:47:41.508+00,75a47989-b9ac-4733-a4ba-d3568a7b193c,Hot,f,,0,AUTOMATIC,Reply to Lead,2026-08-17 13:32:38.009+00,,,,,,,,,,
611e32ad-4361-499b-8cee-ad93e93eee95,Tariq,Jameel,BuildCorp LLC,tariq@buildcorp.ae,+971509876543,NEW,Facebook,,85,Meta Ads Lead Form Mock,Prefab Office Ads,"{""simulated"":true,""ad_id"":""meta_ad_prefab_101"",""lead_id"":""fb_lead_55029""}",f,f,,,,695729d5-b8d4-4caf-9188-262a2db133aa,LD-2026-01169-4574,,,,,0,,email,2026-08-17 11:33:43.683+00,2026-08-17 11:47:41.57+00,75a47989-b9ac-4733-a4ba-d3568a7b193c,Hot,f,,0,AUTOMATIC,Reply to Lead,2026-08-17 13:33:43.682+00,,695729d5-b8d4-4caf-9188-262a2db133aa,,,Campaign,Facebook,Meta Ads Lead Form Mock,,"{""channel"":""Facebook"",""sourceType"":""Campaign"",""sourceName"":""Meta Ads Lead Form Mock"",""sourceEntityId"":null,""referringAccountId"":null,""campaignId"":null,""adId"":null,""landingPage"":null,""referrer"":null,""utmSource"":null,""utmMedium"":null,""utmCampaign"":null,""utmTerm"":null,""utmContent"":null,""clickId"":null,""rawPayload"":{""simulated"":true,""ad_id"":""meta_ad_prefab_101"",""lead_id"":""fb_lead_55029""}}","{""channel"":""Facebook"",""sourceType"":""Campaign"",""sourceName"":""Meta Ads Lead Form Mock"",""sourceEntityId"":null,""referringAccountId"":null,""campaignId"":null,""adId"":null,""landingPage"":null,""referrer"":null,""utmSource"":null,""utmMedium"":null,""utmCampaign"":null,""utmTerm"":null,""utmContent"":null,""clickId"":null,""rawPayload"":{""simulated"":true,""ad_id"":""meta_ad_prefab_101"",""lead_id"":""fb_lead_55029""}}"
1a427964-fb5c-42a3-a1a3-645e71057156,Yasmin,Qureshi,Designers Hub,yasmin@designershub.com,+971509876543,NEW,Facebook,,85,Meta Ads Lead Form Mock,Prefab Office Ads,"{""simulated"":true,""ad_id"":""meta_ad_prefab_101"",""lead_id"":""fb_lead_55029""}",f,f,,,,c8790cac-50df-4f73-b38d-9f5ae1bf88ce,LD-2026-01178-1490,,,,,0,,email,2026-08-17 11:36:37.985+00,2026-08-17 11:47:41.82+00,eed70aae-cb82-42cc-a98a-d55cdf52d3b8,Hot,f,,0,AUTOMATIC,Reply to Lead,2026-08-17 13:36:37.985+00,,,,,,,,,,
659f94bc-87fd-4244-840b-3112ceb6e4ec,Khaled,Al-Masri,Red Sea Dev,khaled@redseadev.sa,+966501234567,NEW,Email,,85,Gmail Mock Integration,GCC Site Cabin Campaign,"{""simulated"":true,""headers"":{""from"":""khaled@redseadev.sa"",""subject"":""Quote request for site cabins""}}",f,f,,,,d495c3f1-f1ca-4a27-b225-1a3bac55381b,LD-2026-01178-3107,,,,,0,,email,2026-08-17 11:36:38.048+00,2026-08-17 11:47:41.883+00,eed70aae-cb82-42cc-a98a-d55cdf52d3b8,Hot,f,,0,AUTOMATIC,Reply to Lead,2026-08-17 13:36:38.048+00,,,,,,,,,,
c7746785-c675-4c77-8725-7a5d6e13e30b,Donald,Rodriguez,Beacon Robotics Inc.,donald.rodriguez@beaconroboticsinc.com,+1 (651) 378-9854,NEW,LinkedIn Outreach,Healthcare,93,,Inbound Google Organic,,f,f,,,$175k,7880754e-f21c-406b-a503-8ab3fe85a6dc,LD-2025-01010,,,,,0,,,2026-03-31 11:09:08.796+00,2026-08-11 11:18:35.258+00,604bb8ab-99ba-4134-8053-815900a040c0,Hot,f,,0,AUTOMATIC,Reply to Lead,,,7880754e-f21c-406b-a503-8ab3fe85a6dc,,,,,,,,
b3a8539e-5f0a-4b50-a067-c79186b7744a,Tariq,Jameel,BuildCorp LLC,tariq@buildcorp.ae,+971509876543,NEW,Facebook,,85,Meta Ads Lead Form Mock,Prefab Office Ads,"{""simulated"":true,""ad_id"":""meta_ad_prefab_101"",""lead_id"":""fb_lead_55029""}",f,f,,,,695729d5-b8d4-4caf-9188-262a2db133aa,LD-2026-01175-1161,,,,,0,,email,2026-08-17 11:36:08.04+00,2026-08-17 11:47:42.132+00,7df2b1eb-287b-4790-bc51-271d444a3d4e,Hot,f,,0,AUTOMATIC,Reply to Lead,2026-08-17 13:36:08.04+00,,695729d5-b8d4-4caf-9188-262a2db133aa,,,Campaign,Facebook,Meta Ads Lead Form Mock,,"{""channel"":""Facebook"",""sourceType"":""Campaign"",""sourceName"":""Meta Ads Lead Form Mock"",""sourceEntityId"":null,""referringAccountId"":null,""campaignId"":null,""adId"":null,""landingPage"":null,""referrer"":null,""utmSource"":null,""utmMedium"":null,""utmCampaign"":null,""utmTerm"":null,""utmContent"":null,""clickId"":null,""rawPayload"":{""simulated"":true,""ad_id"":""meta_ad_prefab_101"",""lead_id"":""fb_lead_55029""}}","{""channel"":""Facebook"",""sourceType"":""Campaign"",""sourceName"":""Meta Ads Lead Form Mock"",""sourceEntityId"":null,""referringAccountId"":null,""campaignId"":null,""adId"":null,""landingPage"":null,""referrer"":null,""utmSource"":null,""utmMedium"":null,""utmCampaign"":null,""utmTerm"":null,""utmContent"":null,""clickId"":null,""rawPayload"":{""simulated"":true,""ad_id"":""meta_ad_prefab_101"",""lead_id"":""fb_lead_55029""}}"
c66e4e88-9346-45ca-925e-4bc56523b153,Majed,Al-Otaibi,Riyadh Construction,majed@riyadhconst.com,+966501234567,NEW,Email,,85,Gmail Mock Integration,GCC Site Cabin Campaign,"{""simulated"":true,""headers"":{""from"":""majed@riyadhconst.com"",""subject"":""Quote request for site cabins""}}",f,f,,,,e36adc11-50c5-40bd-b627-2db2eb404c50,LD-2026-01175-1907,,,,,0,,email,2026-08-17 11:36:08.254+00,2026-08-17 11:47:42.195+00,7df2b1eb-287b-4790-bc51-271d444a3d4e,Hot,f,,0,AUTOMATIC,Reply to Lead,2026-08-17 13:36:08.254+00,,e36adc11-50c5-40bd-b627-2db2eb404c50,,,Campaign,Email,Gmail Mock Integration,,"{""channel"":""Email"",""sourceType"":""Campaign"",""sourceName"":""Gmail Mock Integration"",""sourceEntityId"":null,""referringAccountId"":null,""campaignId"":null,""adId"":null,""landingPage"":null,""referrer"":null,""utmSource"":null,""utmMedium"":null,""utmCampaign"":null,""utmTerm"":null,""utmContent"":null,""clickId"":null,""rawPayload"":{""simulated"":true,""headers"":{""from"":""majed@riyadhconst.com"",""subject"":""Quote request for site cabins""}}}","{""channel"":""Email"",""sourceType"":""Campaign"",""sourceName"":""Gmail Mock Integration"",""sourceEntityId"":null,""referringAccountId"":null,""campaignId"":null,""adId"":null,""landingPage"":null,""referrer"":null,""utmSource"":null,""utmMedium"":null,""utmCampaign"":null,""utmTerm"":null,""utmContent"":null,""clickId"":null,""rawPayload"":{""simulated"":true,""headers"":{""from"":""majed@riyadhconst.com"",""subject"":""Quote request for site cabins""}}}"
a8647aac-6dbb-45e0-8806-25fc6ded7df2,Hassan,Raza,KFN Holdings,hassan.raza@kfn.com.sa,+966551122334,NEW,LinkedIn,,95,LinkedIn Lead Gen Forms Mock,Enterprise Prefab Buildings,"{""simulated"":true,""linkedin_form_id"":""li_form_993"",""profile_url"":""linkedin.com/in/hassanraza""}",f,f,,,,adc833ad-1be5-41fe-9540-6f265e97aa49,LD-2026-01185-9134,,,,,0,,email,2026-08-17 11:38:43.246+00,2026-08-17 11:47:42.257+00,a6b3cb0c-bce8-41fe-8eef-03e0c5490a6f,Hot,f,,0,AUTOMATIC,Reply to Lead,2026-08-17 13:38:43.246+00,,,,,,,,,,
acdbc4b3-f9b3-4292-ab9a-b4a106c514f9,Tariq,Jameel,BuildCorp LLC,tariq@buildcorp.ae,+971509876543,NEW,Facebook,,85,Meta Ads Lead Form Mock,Prefab Office Ads,"{""simulated"":true,""ad_id"":""meta_ad_prefab_101"",""lead_id"":""fb_lead_55029""}",f,f,,,,695729d5-b8d4-4caf-9188-262a2db133aa,LD-2026-01173-1491,,,,,0,,email,2026-08-17 11:34:43.248+00,2026-08-17 11:47:41.945+00,8fc38563-4b63-4f74-ab98-7e32e5476ef7,Hot,f,,0,AUTOMATIC,Reply to Lead,2026-08-17 13:34:43.248+00,,,,,,,,,,
866549a5-33e5-456e-8016-3929ab104516,Hassan,Raza,KFN Holdings,hassan.raza@kfn.com.sa,+966551122334,NEW,LinkedIn,,95,LinkedIn Lead Gen Forms Mock,Enterprise Prefab Buildings,"{""simulated"":true,""linkedin_form_id"":""li_form_993"",""profile_url"":""linkedin.com/in/hassanraza""}",f,f,,,,adc833ad-1be5-41fe-9540-6f265e97aa49,LD-2026-01173-2841,,,,,0,,email,2026-08-17 11:34:43.299+00,2026-08-17 11:47:42.007+00,8fc38563-4b63-4f74-ab98-7e32e5476ef7,Hot,f,,0,AUTOMATIC,Reply to Lead,2026-08-17 13:34:43.299+00,,,,,,,,,,
c5ca6e2f-4bfc-467c-b482-d8a999aa4f47,Hassan,Raza,KFN Holdings,hassan.raza@kfn.com.sa,+966551122334,NEW,LinkedIn,,95,LinkedIn Lead Gen Forms Mock,Enterprise Prefab Buildings,"{""simulated"":true,""linkedin_form_id"":""li_form_993"",""profile_url"":""linkedin.com/in/hassanraza""}",f,f,,,,adc833ad-1be5-41fe-9540-6f265e97aa49,LD-2026-01175-1873,,,,,0,,email,2026-08-17 11:36:08.065+00,2026-08-17 11:47:42.07+00,7df2b1eb-287b-4790-bc51-271d444a3d4e,Hot,f,,0,AUTOMATIC,Reply to Lead,2026-08-17 13:36:08.065+00,,adc833ad-1be5-41fe-9540-6f265e97aa49,,,Campaign,LinkedIn,LinkedIn Lead Gen Forms Mock,,"{""channel"":""LinkedIn"",""sourceType"":""Campaign"",""sourceName"":""LinkedIn Lead Gen Forms Mock"",""sourceEntityId"":null,""referringAccountId"":null,""campaignId"":null,""adId"":null,""landingPage"":null,""referrer"":null,""utmSource"":null,""utmMedium"":null,""utmCampaign"":null,""utmTerm"":null,""utmContent"":null,""clickId"":null,""rawPayload"":{""simulated"":true,""linkedin_form_id"":""li_form_993"",""profile_url"":""linkedin.com/in/hassanraza""}}","{""channel"":""LinkedIn"",""sourceType"":""Campaign"",""sourceName"":""LinkedIn Lead Gen Forms Mock"",""sourceEntityId"":null,""referringAccountId"":null,""campaignId"":null,""adId"":null,""landingPage"":null,""referrer"":null,""utmSource"":null,""utmMedium"":null,""utmCampaign"":null,""utmTerm"":null,""utmContent"":null,""clickId"":null,""rawPayload"":{""simulated"":true,""linkedin_form_id"":""li_form_993"",""profile_url"":""linkedin.com/in/hassanraza""}}"
ecbe2b81-233d-484e-b81b-2e3409e66b2f,Tariq,Jameel,BuildCorp LLC,tariq@buildcorp.ae,+971509876543,NEW,Facebook,,85,Meta Ads Lead Form Mock,Prefab Office Ads,"{""simulated"":true,""ad_id"":""meta_ad_prefab_101"",""lead_id"":""fb_lead_55029""}",f,f,,,,695729d5-b8d4-4caf-9188-262a2db133aa,LD-2026-01186-8523,,,,,0,,email,2026-08-17 11:38:43.354+00,2026-08-17 11:47:42.32+00,a6b3cb0c-bce8-41fe-8eef-03e0c5490a6f,Hot,f,,0,AUTOMATIC,Reply to Lead,2026-08-17 13:38:43.354+00,,,,,,,,,,
0403484d-7615-443e-81a1-bc196e0ac076,Yasmin,Qureshi,Designers Hub,yasmin@designershub.com,+971509876543,NEW,Facebook,,85,Meta Ads Lead Form Mock,Prefab Office Ads,"{""simulated"":true,""ad_id"":""meta_ad_prefab_101"",""lead_id"":""fb_lead_55029""}",f,f,,,,c8790cac-50df-4f73-b38d-9f5ae1bf88ce,LD-2026-01190-6769,,,,,0,,email,2026-08-17 11:40:37.95+00,2026-08-17 11:47:42.382+00,eed70aae-cb82-42cc-a98a-d55cdf52d3b8,Hot,f,,0,AUTOMATIC,Reply to Lead,2026-08-17 13:40:37.95+00,,,,,,,,,,
c8e1f6f6-6fb0-481b-8991-0a78acc66ccb,Khaled,Al-Masri,Red Sea Dev,khaled@redseadev.sa,+966501234567,NEW,Email,,85,Gmail Mock Integration,GCC Site Cabin Campaign,"{""simulated"":true,""headers"":{""from"":""khaled@redseadev.sa"",""subject"":""Quote request for site cabins""}}",f,f,,,,d495c3f1-f1ca-4a27-b225-1a3bac55381b,LD-2026-01191-6603,,,,,0,,email,2026-08-17 11:40:38.049+00,2026-08-17 11:47:42.445+00,eed70aae-cb82-42cc-a98a-d55cdf52d3b8,Hot,f,,0,AUTOMATIC,Reply to Lead,2026-08-17 13:40:38.049+00,,,,,,,,,,
907464f9-7c07-4f50-ace9-b2a0dd684b91,Donna,White,Velocity Systems Inc.,donna.white@velocitysystemsinc.com,+1 (483) 222-1341,NEW,G2 Crowd Lead,Pharmaceutical,94,,Cloud Transformation Webinar,,f,f,,,$453k,636bbea6-be8d-4785-afa1-d606dc9b4ca7,LD-2025-01013,,,,,0,,,2026-06-09 11:09:09.568+00,2026-08-11 11:18:35.319+00,42a679ed-ba3b-4b85-bf6a-9d83beb83b78,Hot,f,,0,AUTOMATIC,Reply to Lead,,,636bbea6-be8d-4785-afa1-d606dc9b4ca7,,,,,,,,
d9ca0dbe-abd9-4a2e-9f03-e59fb6b63c8a,Tariq,Jameel,BuildCorp LLC,tariq@buildcorp.ae,+971509876543,NEW,Facebook,,85,Meta Ads Lead Form Mock,Prefab Office Ads,"{""simulated"":true,""ad_id"":""meta_ad_prefab_101"",""lead_id"":""fb_lead_55029""}",f,f,,,,695729d5-b8d4-4caf-9188-262a2db133aa,LD-2026-01181-5906,,,,,0,,email,2026-08-17 11:38:06.709+00,2026-08-17 11:47:42.632+00,0d006baa-e2d4-4c4b-989e-9d8bbfe60dc1,Hot,f,,0,AUTOMATIC,Reply to Lead,2026-08-17 13:38:06.708+00,,695729d5-b8d4-4caf-9188-262a2db133aa,,,Campaign,Facebook,Meta Ads Lead Form Mock,,"{""channel"":""Facebook"",""sourceType"":""Campaign"",""sourceName"":""Meta Ads Lead Form Mock"",""sourceEntityId"":null,""referringAccountId"":null,""campaignId"":null,""adId"":null,""landingPage"":null,""referrer"":null,""utmSource"":null,""utmMedium"":null,""utmCampaign"":null,""utmTerm"":null,""utmContent"":null,""clickId"":null,""rawPayload"":{""simulated"":true,""ad_id"":""meta_ad_prefab_101"",""lead_id"":""fb_lead_55029""}}","{""channel"":""Facebook"",""sourceType"":""Campaign"",""sourceName"":""Meta Ads Lead Form Mock"",""sourceEntityId"":null,""referringAccountId"":null,""campaignId"":null,""adId"":null,""landingPage"":null,""referrer"":null,""utmSource"":null,""utmMedium"":null,""utmCampaign"":null,""utmTerm"":null,""utmContent"":null,""clickId"":null,""rawPayload"":{""simulated"":true,""ad_id"":""meta_ad_prefab_101"",""lead_id"":""fb_lead_55029""}}"
a78e557b-fb48-45e9-b803-787e94907d06,Hassan,Raza,KFN Holdings,hassan.raza@kfn.com.sa,+966551122334,NEW,LinkedIn,,95,LinkedIn Lead Gen Forms Mock,Enterprise Prefab Buildings,"{""simulated"":true,""linkedin_form_id"":""li_form_993"",""profile_url"":""linkedin.com/in/hassanraza""}",f,f,,,,adc833ad-1be5-41fe-9540-6f265e97aa49,LD-2026-01181-8365,,,,,0,,email,2026-08-17 11:38:06.893+00,2026-08-17 11:47:42.694+00,0d006baa-e2d4-4c4b-989e-9d8bbfe60dc1,Hot,f,,0,AUTOMATIC,Reply to Lead,2026-08-17 13:38:06.892+00,,adc833ad-1be5-41fe-9540-6f265e97aa49,,,Campaign,LinkedIn,LinkedIn Lead Gen Forms Mock,,"{""channel"":""LinkedIn"",""sourceType"":""Campaign"",""sourceName"":""LinkedIn Lead Gen Forms Mock"",""sourceEntityId"":null,""referringAccountId"":null,""campaignId"":null,""adId"":null,""landingPage"":null,""referrer"":null,""utmSource"":null,""utmMedium"":null,""utmCampaign"":null,""utmTerm"":null,""utmContent"":null,""clickId"":null,""rawPayload"":{""simulated"":true,""linkedin_form_id"":""li_form_993"",""profile_url"":""linkedin.com/in/hassanraza""}}","{""channel"":""LinkedIn"",""sourceType"":""Campaign"",""sourceName"":""LinkedIn Lead Gen Forms Mock"",""sourceEntityId"":null,""referringAccountId"":null,""campaignId"":null,""adId"":null,""landingPage"":null,""referrer"":null,""utmSource"":null,""utmMedium"":null,""utmCampaign"":null,""utmTerm"":null,""utmContent"":null,""clickId"":null,""rawPayload"":{""simulated"":true,""linkedin_form_id"":""li_form_993"",""profile_url"":""linkedin.com/in/hassanraza""}}"
5eacd868-70c3-414a-b0b2-7ed73b943e6b,Khaled,Al-Masri,Red Sea Dev,khaled@redseadev.sa,+966501234567,NEW,Email,,85,Gmail Mock Integration,GCC Site Cabin Campaign,"{""simulated"":true,""headers"":{""from"":""khaled@redseadev.sa"",""subject"":""Quote request for site cabins""}}",f,f,,,,d495c3f1-f1ca-4a27-b225-1a3bac55381b,LD-2026-01184-8634,,,,,0,,email,2026-08-17 11:38:38.026+00,2026-08-17 11:47:42.757+00,eed70aae-cb82-42cc-a98a-d55cdf52d3b8,Hot,f,,0,AUTOMATIC,Reply to Lead,2026-08-17 13:38:38.025+00,,,,,,,,,,
d7e4526e-bd78-46e5-aeb6-80df2d64ba2b,Hassan,Raza,KFN Holdings,hassan.raza@kfn.com.sa,+966551122334,NEW,LinkedIn,,95,LinkedIn Lead Gen Forms Mock,Enterprise Prefab Buildings,"{""simulated"":true,""linkedin_form_id"":""li_form_993"",""profile_url"":""linkedin.com/in/hassanraza""}",f,f,,,,adc833ad-1be5-41fe-9540-6f265e97aa49,LD-2026-01188-5335,,,,,0,,email,2026-08-17 11:40:00.773+00,2026-08-17 11:47:42.884+00,d71890f9-1f96-4d1d-be3b-bdd6832be466,Hot,f,,0,AUTOMATIC,Reply to Lead,2026-08-17 13:40:00.772+00,,adc833ad-1be5-41fe-9540-6f265e97aa49,,,Campaign,LinkedIn,LinkedIn Lead Gen Forms Mock,,"{""channel"":""LinkedIn"",""sourceType"":""Campaign"",""sourceName"":""LinkedIn Lead Gen Forms Mock"",""sourceEntityId"":null,""referringAccountId"":null,""campaignId"":null,""adId"":null,""landingPage"":null,""referrer"":null,""utmSource"":null,""utmMedium"":null,""utmCampaign"":null,""utmTerm"":null,""utmContent"":null,""clickId"":null,""rawPayload"":{""simulated"":true,""linkedin_form_id"":""li_form_993"",""profile_url"":""linkedin.com/in/hassanraza""}}","{""channel"":""LinkedIn"",""sourceType"":""Campaign"",""sourceName"":""LinkedIn Lead Gen Forms Mock"",""sourceEntityId"":null,""referringAccountId"":null,""campaignId"":null,""adId"":null,""landingPage"":null,""referrer"":null,""utmSource"":null,""utmMedium"":null,""utmCampaign"":null,""utmTerm"":null,""utmContent"":null,""clickId"":null,""rawPayload"":{""simulated"":true,""linkedin_form_id"":""li_form_993"",""profile_url"":""linkedin.com/in/hassanraza""}}"
a9601340-ef2e-4e44-825a-9c2d4383b02b,Hassan,Raza,KFN Holdings,hassan.raza@kfn.com.sa,+966551122334,NEW,LinkedIn,,95,LinkedIn Lead Gen Forms Mock,Enterprise Prefab Buildings,"{""simulated"":true,""linkedin_form_id"":""li_form_993"",""profile_url"":""linkedin.com/in/hassanraza""}",f,f,,,,adc833ad-1be5-41fe-9540-6f265e97aa49,LD-2026-01180-5574,,,,,0,,email,2026-08-17 11:36:40.939+00,2026-08-17 11:47:42.507+00,a7059642-3c33-42b6-9307-4860753ba1cc,Hot,f,,0,AUTOMATIC,Reply to Lead,2026-08-17 13:36:40.939+00,,,,,,,,,,
f1ab5800-6ea1-4ee4-9a81-bc00340cd623,Khaled,Al-Masri,Red Sea Dev,khaled@redseadev.sa,+966501234567,NEW,Email,,85,Gmail Mock Integration,GCC Site Cabin Campaign,"{""simulated"":true,""headers"":{""from"":""khaled@redseadev.sa"",""subject"":""Quote request for site cabins""}}",f,f,,,,d495c3f1-f1ca-4a27-b225-1a3bac55381b,LD-2026-01187-1487,,,,,0,,email,2026-08-17 11:39:43.839+00,2026-08-17 11:47:42.821+00,eed70aae-cb82-42cc-a98a-d55cdf52d3b8,Hot,f,,0,AUTOMATIC,Reply to Lead,2026-08-17 13:39:43.839+00,,d495c3f1-f1ca-4a27-b225-1a3bac55381b,,,Campaign,Email,Gmail Mock Integration,,"{""channel"":""Email"",""sourceType"":""Campaign"",""sourceName"":""Gmail Mock Integration"",""sourceEntityId"":null,""referringAccountId"":null,""campaignId"":null,""adId"":null,""landingPage"":null,""referrer"":null,""utmSource"":null,""utmMedium"":null,""utmCampaign"":null,""utmTerm"":null,""utmContent"":null,""clickId"":null,""rawPayload"":{""simulated"":true,""headers"":{""from"":""khaled@redseadev.sa"",""subject"":""Quote request for site cabins""}}}","{""channel"":""Email"",""sourceType"":""Campaign"",""sourceName"":""Gmail Mock Integration"",""sourceEntityId"":null,""referringAccountId"":null,""campaignId"":null,""adId"":null,""landingPage"":null,""referrer"":null,""utmSource"":null,""utmMedium"":null,""utmCampaign"":null,""utmTerm"":null,""utmContent"":null,""clickId"":null,""rawPayload"":{""simulated"":true,""headers"":{""from"":""khaled@redseadev.sa"",""subject"":""Quote request for site cabins""}}}"
4b17513b-7fc5-47c0-b1df-6a5054442e5a,Tariq,Jameel,BuildCorp LLC,tariq@buildcorp.ae,+971509876543,NEW,Facebook,,85,Meta Ads Lead Form Mock,Prefab Office Ads,"{""simulated"":true,""ad_id"":""meta_ad_prefab_101"",""lead_id"":""fb_lead_55029""}",f,f,,,,695729d5-b8d4-4caf-9188-262a2db133aa,LD-2026-01188-3732,,,,,0,,email,2026-08-17 11:40:00.689+00,2026-08-17 11:47:42.946+00,d71890f9-1f96-4d1d-be3b-bdd6832be466,Hot,f,,0,AUTOMATIC,Reply to Lead,2026-08-17 13:40:00.689+00,,695729d5-b8d4-4caf-9188-262a2db133aa,,,Campaign,Facebook,Meta Ads Lead Form Mock,,"{""channel"":""Facebook"",""sourceType"":""Campaign"",""sourceName"":""Meta Ads Lead Form Mock"",""sourceEntityId"":null,""referringAccountId"":null,""campaignId"":null,""adId"":null,""landingPage"":null,""referrer"":null,""utmSource"":null,""utmMedium"":null,""utmCampaign"":null,""utmTerm"":null,""utmContent"":null,""clickId"":null,""rawPayload"":{""simulated"":true,""ad_id"":""meta_ad_prefab_101"",""lead_id"":""fb_lead_55029""}}","{""channel"":""Facebook"",""sourceType"":""Campaign"",""sourceName"":""Meta Ads Lead Form Mock"",""sourceEntityId"":null,""referringAccountId"":null,""campaignId"":null,""adId"":null,""landingPage"":null,""referrer"":null,""utmSource"":null,""utmMedium"":null,""utmCampaign"":null,""utmTerm"":null,""utmContent"":null,""clickId"":null,""rawPayload"":{""simulated"":true,""ad_id"":""meta_ad_prefab_101"",""lead_id"":""fb_lead_55029""}}"
2e264912-a4a2-4c97-a5aa-b6b27f8f4e77,Yasmin,Qureshi,Designers Hub,yasmin@designershub.com,+971509876543,NEW,Facebook,,85,Meta Ads Lead Form Mock,Prefab Office Ads,"{""simulated"":true,""ad_id"":""meta_ad_prefab_101"",""lead_id"":""fb_lead_55029""}",f,f,,,,c8790cac-50df-4f73-b38d-9f5ae1bf88ce,LD-2026-01202-8622,,,,,0,,email,2026-08-17 11:45:43.627+00,2026-08-17 11:47:43.009+00,eed70aae-cb82-42cc-a98a-d55cdf52d3b8,Hot,f,,0,AUTOMATIC,Reply to Lead,2026-08-17 13:45:43.626+00,,c8790cac-50df-4f73-b38d-9f5ae1bf88ce,,,Campaign,Facebook,Meta Ads Lead Form Mock,,"{""channel"":""Facebook"",""sourceType"":""Campaign"",""sourceName"":""Meta Ads Lead Form Mock"",""sourceEntityId"":null,""referringAccountId"":null,""campaignId"":null,""adId"":null,""landingPage"":null,""referrer"":null,""utmSource"":null,""utmMedium"":null,""utmCampaign"":null,""utmTerm"":null,""utmContent"":null,""clickId"":null,""rawPayload"":{""simulated"":true,""ad_id"":""meta_ad_prefab_101"",""lead_id"":""fb_lead_55029""}}","{""channel"":""Facebook"",""sourceType"":""Campaign"",""sourceName"":""Meta Ads Lead Form Mock"",""sourceEntityId"":null,""referringAccountId"":null,""campaignId"":null,""adId"":null,""landingPage"":null,""referrer"":null,""utmSource"":null,""utmMedium"":null,""utmCampaign"":null,""utmTerm"":null,""utmContent"":null,""clickId"":null,""rawPayload"":{""simulated"":true,""ad_id"":""meta_ad_prefab_101"",""lead_id"":""fb_lead_55029""}}"
b82145e4-44ff-479a-938c-3d4e01242759,Elizabeth,Brown,Helios Holdings Inc.,elizabeth.brown@heliosholdingsinc.com,+1 (514) 920-5572,NEW,Cold Inbound,Construction,45,,Cloud Transformation Webinar,,f,f,,,$376k,50b659ee-8449-4854-8c7d-a2704c56e320,LD-2025-01017,,,,,0,,,2026-05-03 11:09:10.518+00,2026-08-11 11:18:35.38+00,483561ee-4978-4ec5-bc44-6274d0dba919,Cold,f,,0,AUTOMATIC,Reply to Lead,,,50b659ee-8449-4854-8c7d-a2704c56e320,,,,,,,,
18587f55-3ea1-4cd2-a00c-78a5722df11e,Charles,Jackson,Global Robotics Inc.,charles.jackson@globalroboticsinc.com,+1 (645) 108-1471,NEW,Partner Referral,Healthcare,98,,Cloud Transformation Webinar,,f,f,,,$380k,d968ffca-de67-45e0-9f70-e3e506e21219,LD-2025-01020,,,,,0,,,2025-09-02 11:09:11.228+00,2026-08-11 11:18:35.441+00,483561ee-4978-4ec5-bc44-6274d0dba919,Hot,f,,0,AUTOMATIC,Reply to Lead,,,d968ffca-de67-45e0-9f70-e3e506e21219,,,,,,,,
a739fd66-0b0c-4ff8-b2d5-ddabee68af49,David,Miller,Apex Robotics Systems,lead_1786948888960@apexrobotics.io,+15559876543,NEW,Website,,90,,,,f,f,,,,,LD-888960,,,,,0,,email,2026-08-17 06:41:28.96+00,2026-08-17 07:06:47.053+00,63fa2b66-da53-4776-811f-81daad0b4364,Hot,f,,0,AUTOMATIC,Reply to Lead,,,,,,,,,,,
4c91213a-84c7-4461-9567-13238903cb36,David,Miller,Apex Robotics Systems,lead_1786948938112@apexrobotics.io,+15559876543,NEW,Website,,90,,,,f,f,,,,,LD-938112,,,,,0,,email,2026-08-17 06:42:18.113+00,2026-08-17 07:06:47.291+00,63fa2b66-da53-4776-811f-81daad0b4364,Hot,f,,0,AUTOMATIC,Reply to Lead,,,,,,,,,,,
ea248074-8754-4bdd-8392-5a8a61dc918e,Matthew,Lewis,Orion Holdings Inc.,matthew.lewis@orionholdingsinc.com,+1 (807) 878-5170,NEW,Trade Show Expo 2025,Automotive,47,,Direct Executive Outreach,,t,f,,,$326k,a7df6bd2-a1c8-4647-a278-7207c58c805c,LD-2025-01022,,,,,0,,,2025-12-03 11:09:11.702+00,2026-08-11 11:18:35.501+00,af8f43bb-c608-4c5a-9968-fdc97c51a924,Cold,f,,0,AUTOMATIC,Reply to Lead,,,a7df6bd2-a1c8-4647-a278-7207c58c805c,,,,,,,,
9b49728a-16f6-4cde-b930-c074a420b820,Mark,Hill,Paramount Energy Inc.,mark.hill@paramountenergyinc.com,+1 (269) 478-8581,NEW,Google Search Ads,Food & Beverage,56,,Executive CXO Summit,,f,f,,,$282k,2ab7e5c9-35f0-4480-ad52-c852f50f0211,LD-2025-01024,,,,,0,,,2025-12-18 11:09:12.177+00,2026-08-05 11:09:12.177+00,e7de7c5d-e62d-48de-9ef9-3791d955ebe1,Warm,f,,0,AUTOMATIC,Reply to Lead,,,2ab7e5c9-35f0-4480-ad52-c852f50f0211,,,,,,,,
c3451116-b1db-4504-bba0-70db06b7f915,David,Miller,Apex Robotics Systems,lead_1786949129371@apexrobotics.io,+15559876543,NEW,Website,,65,,,,f,f,,,,,LD-129371,,,,,0,,email,2026-08-17 06:45:29.373+00,2026-08-17 06:45:29.628+00,63fa2b66-da53-4776-811f-81daad0b4364,Warm,f,,0,AUTOMATIC,Qualify Lead,2026-08-18 06:45:29.626+00,,,,,,,,,,
481ba039-1b9d-4e37-9763-103d584dfc9c,Majed,Al-Otaibi,Riyadh Construction,majed@riyadhconst.com,+966501234567,NEW,Email,,85,Gmail Mock Integration,GCC Site Cabin Campaign,"{""simulated"":true,""headers"":{""from"":""majed@riyadhconst.com"",""subject"":""Quote request for site cabins""}}",f,f,,,,e36adc11-50c5-40bd-b627-2db2eb404c50,LD-2026-01194-8950,,,,,0,,email,2026-08-17 11:42:00.081+00,2026-08-17 11:47:43.261+00,255f20c1-f5f7-4cfc-b3c4-0c60e657b640,Hot,f,,0,AUTOMATIC,Reply to Lead,2026-08-17 13:42:00.08+00,,e36adc11-50c5-40bd-b627-2db2eb404c50,,,Campaign,Email,Gmail Mock Integration,,"{""channel"":""Email"",""sourceType"":""Campaign"",""sourceName"":""Gmail Mock Integration"",""sourceEntityId"":null,""referringAccountId"":null,""campaignId"":null,""adId"":null,""landingPage"":null,""referrer"":null,""utmSource"":null,""utmMedium"":null,""utmCampaign"":null,""utmTerm"":null,""utmContent"":null,""clickId"":null,""rawPayload"":{""simulated"":true,""headers"":{""from"":""majed@riyadhconst.com"",""subject"":""Quote request for site cabins""}}}","{""channel"":""Email"",""sourceType"":""Campaign"",""sourceName"":""Gmail Mock Integration"",""sourceEntityId"":null,""referringAccountId"":null,""campaignId"":null,""adId"":null,""landingPage"":null,""referrer"":null,""utmSource"":null,""utmMedium"":null,""utmCampaign"":null,""utmTerm"":null,""utmContent"":null,""clickId"":null,""rawPayload"":{""simulated"":true,""headers"":{""from"":""majed@riyadhconst.com"",""subject"":""Quote request for site cabins""}}}"
b53de184-f0a5-42d0-9312-bd23292f473f,Hassan,Raza,KFN Holdings,hassan.raza@kfn.com.sa,+966551122334,NEW,LinkedIn,,95,LinkedIn Lead Gen Forms Mock,Enterprise Prefab Buildings,"{""simulated"":true,""linkedin_form_id"":""li_form_993"",""profile_url"":""linkedin.com/in/hassanraza""}",f,f,,,,adc833ad-1be5-41fe-9540-6f265e97aa49,LD-2026-01192-8348,,,,,0,,email,2026-08-17 11:40:41.772+00,2026-08-17 11:47:43.072+00,ef8cd2d6-7fc3-43cc-adbc-a972880998af,Hot,f,,0,AUTOMATIC,Reply to Lead,2026-08-17 13:40:41.772+00,,,,,,,,,,
4fd79845-754d-42ed-891b-785f7f5c771f,Yasmin,Qureshi,Designers Hub,yasmin@designershub.com,+971509876543,NEW,Facebook,,85,Meta Ads Lead Form Mock,Prefab Office Ads,"{""simulated"":true,""ad_id"":""meta_ad_prefab_101"",""lead_id"":""fb_lead_55029""}",f,f,,,,c8790cac-50df-4f73-b38d-9f5ae1bf88ce,LD-2026-01193-2450,,,,,0,,email,2026-08-17 11:41:43.578+00,2026-08-17 11:47:43.134+00,eed70aae-cb82-42cc-a98a-d55cdf52d3b8,Hot,f,,0,AUTOMATIC,Reply to Lead,2026-08-17 13:41:43.577+00,,c8790cac-50df-4f73-b38d-9f5ae1bf88ce,,,Campaign,Facebook,Meta Ads Lead Form Mock,,"{""channel"":""Facebook"",""sourceType"":""Campaign"",""sourceName"":""Meta Ads Lead Form Mock"",""sourceEntityId"":null,""referringAccountId"":null,""campaignId"":null,""adId"":null,""landingPage"":null,""referrer"":null,""utmSource"":null,""utmMedium"":null,""utmCampaign"":null,""utmTerm"":null,""utmContent"":null,""clickId"":null,""rawPayload"":{""simulated"":true,""ad_id"":""meta_ad_prefab_101"",""lead_id"":""fb_lead_55029""}}","{""channel"":""Facebook"",""sourceType"":""Campaign"",""sourceName"":""Meta Ads Lead Form Mock"",""sourceEntityId"":null,""referringAccountId"":null,""campaignId"":null,""adId"":null,""landingPage"":null,""referrer"":null,""utmSource"":null,""utmMedium"":null,""utmCampaign"":null,""utmTerm"":null,""utmContent"":null,""clickId"":null,""rawPayload"":{""simulated"":true,""ad_id"":""meta_ad_prefab_101"",""lead_id"":""fb_lead_55029""}}"
96964bfb-27e9-4a6a-8df9-5dc6e669bdb5,Margaret,King,Equinox Systems Inc.,margaret.king@equinoxsystemsinc.com,+1 (778) 976-1990,NEW,LinkedIn Outreach,Pharmaceutical,72,,Inbound Google Organic,,f,f,,,$96k,78f00908-7fd8-4961-b413-2eb561ea6a21,LD-2025-01023,,,,,0,,,2025-12-19 11:09:11.939+00,2026-08-05 11:09:11.94+00,483561ee-4978-4ec5-bc44-6274d0dba919,Warm,f,,0,AUTOMATIC,Reply to Lead,,,78f00908-7fd8-4961-b413-2eb561ea6a21,,,,,,,,
4cd27d11-c6c6-4542-ab02-9cf3682249f2,Kimberly,Brown,Crestview Robotics Inc.,kimberly.brown@crestviewroboticsinc.com,+1 (402) 872-6007,NEW,Cold Inbound,FMCG,67,,Direct Executive Outreach,,f,f,,,$446k,dbb62477-9e5e-4401-b018-24659ced5447,LD-2025-01025,,,,,0,,,2025-08-18 11:09:12.414+00,2026-08-05 11:09:12.414+00,bb643de2-92dc-4e74-8a56-a275688b3f0e,Warm,f,,0,AUTOMATIC,Reply to Lead,,,dbb62477-9e5e-4401-b018-24659ced5447,,,,,,,,
5bf584ea-885d-41bd-a515-fb3712b4ac44,Michelle,Wilson,Astral Holdings Inc.,michelle.wilson@astralholdingsinc.com,+1 (328) 900-9347,NEW,G2 Crowd Lead,Construction,66,,Inbound Google Organic,,f,f,,,$205k,e77f034c-3351-43e4-b06c-0466d38e2da5,LD-2025-01027,,,,,0,,,2026-07-26 11:09:12.892+00,2026-08-05 11:09:12.893+00,af8f43bb-c608-4c5a-9968-fdc97c51a924,Warm,f,,0,AUTOMATIC,Reply to Lead,,,e77f034c-3351-43e4-b06c-0466d38e2da5,,,,,,,,
2cef324e-95a6-428a-a167-4016f4f41c1a,Jennifer,White,Ironclad Energy Inc.,jennifer.white@ironcladenergyinc.com,+1 (950) 518-3994,NEW,Direct Mail Campaign,Retail,78,,Direct Executive Outreach,,t,f,,,$214k,2f694078-1b63-43a2-bd36-9661faa5afbc,LD-2025-01029,,,,,0,,,2025-09-18 11:09:13.363+00,2026-08-05 11:09:13.363+00,23ed5e20-b1a5-47fc-ba66-f316a7583f6e,Warm,f,,0,AUTOMATIC,Reply to Lead,,,2f694078-1b63-43a2-bd36-9661faa5afbc,,,,,,,,
3279a9ac-c1f6-490b-adbd-9bd74e1462dd,Barbara,King,Apex Pharmaceuticals Inc.,barbara.king@apexpharmaceuticalsinc.com,+1 (544) 526-6774,NEW,WhatsApp Inbound,Manufacturing,51,,Inbound Google Organic,,f,f,,,$127k,78572ffd-b2af-47e3-bcea-e2c18c1f368c,LD-2025-01031,,,,2026-08-04 11:09:13.837+00,2,,,2026-06-04 11:09:13.837+00,2026-08-05 11:09:13.837+00,957794e0-b1d0-41f9-844a-a7637166bdb2,Warm,f,,0,AUTOMATIC,Reply to Lead,,,78572ffd-b2af-47e3-bcea-e2c18c1f368c,,,,,,,,
3767a59b-1f18-4984-982e-664eb464df5e,Hassan,Raza,KFN Holdings,hassan.raza@kfn.com.sa,+966551122334,NEW,LinkedIn,,95,LinkedIn Lead Gen Forms Mock,Enterprise Prefab Buildings,"{""simulated"":true,""linkedin_form_id"":""li_form_993"",""profile_url"":""linkedin.com/in/hassanraza""}",f,f,,,,adc833ad-1be5-41fe-9540-6f265e97aa49,LD-2026-01200-3064,,,,,0,,email,2026-08-17 11:44:06.478+00,2026-08-17 11:47:43.573+00,a6b3cb0c-bce8-41fe-8eef-03e0c5490a6f,Hot,f,,0,AUTOMATIC,Reply to Lead,2026-08-17 13:44:06.478+00,,adc833ad-1be5-41fe-9540-6f265e97aa49,,,Campaign,LinkedIn,LinkedIn Lead Gen Forms Mock,,"{""channel"":""LinkedIn"",""sourceType"":""Campaign"",""sourceName"":""LinkedIn Lead Gen Forms Mock"",""sourceEntityId"":null,""referringAccountId"":null,""campaignId"":null,""adId"":null,""landingPage"":null,""referrer"":null,""utmSource"":null,""utmMedium"":null,""utmCampaign"":null,""utmTerm"":null,""utmContent"":null,""clickId"":null,""rawPayload"":{""simulated"":true,""linkedin_form_id"":""li_form_993"",""profile_url"":""linkedin.com/in/hassanraza""}}","{""channel"":""LinkedIn"",""sourceType"":""Campaign"",""sourceName"":""LinkedIn Lead Gen Forms Mock"",""sourceEntityId"":null,""referringAccountId"":null,""campaignId"":null,""adId"":null,""landingPage"":null,""referrer"":null,""utmSource"":null,""utmMedium"":null,""utmCampaign"":null,""utmTerm"":null,""utmContent"":null,""clickId"":null,""rawPayload"":{""simulated"":true,""linkedin_form_id"":""li_form_993"",""profile_url"":""linkedin.com/in/hassanraza""}}"
ce68616f-7407-4a48-8808-2be4d0120525,Tariq,Jameel,BuildCorp LLC,tariq@buildcorp.ae,+971509876543,NEW,Facebook,,85,Meta Ads Lead Form Mock,Prefab Office Ads,"{""simulated"":true,""ad_id"":""meta_ad_prefab_101"",""lead_id"":""fb_lead_55029""}",f,f,,,,695729d5-b8d4-4caf-9188-262a2db133aa,LD-2026-01199-3310,,,,,0,,email,2026-08-17 11:44:06.256+00,2026-08-17 11:47:43.635+00,a6b3cb0c-bce8-41fe-8eef-03e0c5490a6f,Hot,f,,0,AUTOMATIC,Reply to Lead,2026-08-17 13:44:06.256+00,,695729d5-b8d4-4caf-9188-262a2db133aa,,,Campaign,Facebook,Meta Ads Lead Form Mock,,"{""channel"":""Facebook"",""sourceType"":""Campaign"",""sourceName"":""Meta Ads Lead Form Mock"",""sourceEntityId"":null,""referringAccountId"":null,""campaignId"":null,""adId"":null,""landingPage"":null,""referrer"":null,""utmSource"":null,""utmMedium"":null,""utmCampaign"":null,""utmTerm"":null,""utmContent"":null,""clickId"":null,""rawPayload"":{""simulated"":true,""ad_id"":""meta_ad_prefab_101"",""lead_id"":""fb_lead_55029""}}","{""channel"":""Facebook"",""sourceType"":""Campaign"",""sourceName"":""Meta Ads Lead Form Mock"",""sourceEntityId"":null,""referringAccountId"":null,""campaignId"":null,""adId"":null,""landingPage"":null,""referrer"":null,""utmSource"":null,""utmMedium"":null,""utmCampaign"":null,""utmTerm"":null,""utmContent"":null,""clickId"":null,""rawPayload"":{""simulated"":true,""ad_id"":""meta_ad_prefab_101"",""lead_id"":""fb_lead_55029""}}"
967f3540-0c89-418a-bbd3-8e3dd93cbfda,Khaled,Al-Masri,Red Sea Dev,khaled@redseadev.sa,+966501234567,NEW,Email,,85,Gmail Mock Integration,GCC Site Cabin Campaign,"{""simulated"":true,""headers"":{""from"":""khaled@redseadev.sa"",""subject"":""Quote request for site cabins""}}",f,f,,,,d495c3f1-f1ca-4a27-b225-1a3bac55381b,LD-2026-01202-6018,,,,,0,,email,2026-08-17 11:45:43.773+00,2026-08-17 11:47:43.697+00,eed70aae-cb82-42cc-a98a-d55cdf52d3b8,Hot,f,,0,AUTOMATIC,Reply to Lead,2026-08-17 13:45:43.773+00,,d495c3f1-f1ca-4a27-b225-1a3bac55381b,,,Campaign,Email,Gmail Mock Integration,,"{""channel"":""Email"",""sourceType"":""Campaign"",""sourceName"":""Gmail Mock Integration"",""sourceEntityId"":null,""referringAccountId"":null,""campaignId"":null,""adId"":null,""landingPage"":null,""referrer"":null,""utmSource"":null,""utmMedium"":null,""utmCampaign"":null,""utmTerm"":null,""utmContent"":null,""clickId"":null,""rawPayload"":{""simulated"":true,""headers"":{""from"":""khaled@redseadev.sa"",""subject"":""Quote request for site cabins""}}}","{""channel"":""Email"",""sourceType"":""Campaign"",""sourceName"":""Gmail Mock Integration"",""sourceEntityId"":null,""referringAccountId"":null,""campaignId"":null,""adId"":null,""landingPage"":null,""referrer"":null,""utmSource"":null,""utmMedium"":null,""utmCampaign"":null,""utmTerm"":null,""utmContent"":null,""clickId"":null,""rawPayload"":{""simulated"":true,""headers"":{""from"":""khaled@redseadev.sa"",""subject"":""Quote request for site cabins""}}}"
93551f14-9b39-4de0-a523-894df008282d,Khaled,Al-Masri,Red Sea Dev,khaled@redseadev.sa,+966501234567,NEW,Email,,85,Gmail Mock Integration,GCC Site Cabin Campaign,"{""simulated"":true,""headers"":{""from"":""khaled@redseadev.sa"",""subject"":""Quote request for site cabins""}}",f,f,,,,d495c3f1-f1ca-4a27-b225-1a3bac55381b,LD-2026-01196-6783,,,,,0,,email,2026-08-17 11:42:37.992+00,2026-08-17 11:47:43.323+00,eed70aae-cb82-42cc-a98a-d55cdf52d3b8,Hot,f,,0,AUTOMATIC,Reply to Lead,2026-08-17 13:42:37.992+00,,,,,,,,,,
6b3f9c67-2dc0-4572-9c52-e4d86476b19e,Tariq,Jameel,BuildCorp LLC,tariq@buildcorp.ae,+971509876543,NEW,Facebook,,85,Meta Ads Lead Form Mock,Prefab Office Ads,"{""simulated"":true,""ad_id"":""meta_ad_prefab_101"",""lead_id"":""fb_lead_55029""}",f,f,,,,695729d5-b8d4-4caf-9188-262a2db133aa,LD-2026-01197-2586,,,,,0,,email,2026-08-17 11:42:43.361+00,2026-08-17 11:47:43.386+00,8fc38563-4b63-4f74-ab98-7e32e5476ef7,Hot,f,,0,AUTOMATIC,Reply to Lead,2026-08-17 13:42:43.36+00,,,,,,,,,,
05afaf1e-de40-4f35-b006-1c032c43ea54,Hassan,Raza,KFN Holdings,hassan.raza@kfn.com.sa,+966551122334,NEW,LinkedIn,,95,LinkedIn Lead Gen Forms Mock,Enterprise Prefab Buildings,"{""simulated"":true,""linkedin_form_id"":""li_form_993"",""profile_url"":""linkedin.com/in/hassanraza""}",f,f,,,,adc833ad-1be5-41fe-9540-6f265e97aa49,LD-2026-01198-4382,,,,,0,,email,2026-08-17 11:42:43.428+00,2026-08-17 11:47:43.448+00,8fc38563-4b63-4f74-ab98-7e32e5476ef7,Hot,f,,0,AUTOMATIC,Reply to Lead,2026-08-17 13:42:43.428+00,,,,,,,,,,
3d4f2439-dfd2-474e-88e2-6210b2c9e12c,Majed,Al-Otaibi,Riyadh Construction,majed@riyadhconst.com,+966501234567,NEW,Email,,85,Gmail Mock Integration,GCC Site Cabin Campaign,"{""simulated"":true,""headers"":{""from"":""majed@riyadhconst.com"",""subject"":""Quote request for site cabins""}}",f,f,,,,e36adc11-50c5-40bd-b627-2db2eb404c50,LD-2026-01199-9555,,,,,0,,email,2026-08-17 11:44:06.241+00,2026-08-17 11:47:43.51+00,a6b3cb0c-bce8-41fe-8eef-03e0c5490a6f,Hot,f,,0,AUTOMATIC,Reply to Lead,2026-08-17 13:44:06.241+00,,e36adc11-50c5-40bd-b627-2db2eb404c50,,,Campaign,Email,Gmail Mock Integration,,"{""channel"":""Email"",""sourceType"":""Campaign"",""sourceName"":""Gmail Mock Integration"",""sourceEntityId"":null,""referringAccountId"":null,""campaignId"":null,""adId"":null,""landingPage"":null,""referrer"":null,""utmSource"":null,""utmMedium"":null,""utmCampaign"":null,""utmTerm"":null,""utmContent"":null,""clickId"":null,""rawPayload"":{""simulated"":true,""headers"":{""from"":""majed@riyadhconst.com"",""subject"":""Quote request for site cabins""}}}","{""channel"":""Email"",""sourceType"":""Campaign"",""sourceName"":""Gmail Mock Integration"",""sourceEntityId"":null,""referringAccountId"":null,""campaignId"":null,""adId"":null,""landingPage"":null,""referrer"":null,""utmSource"":null,""utmMedium"":null,""utmCampaign"":null,""utmTerm"":null,""utmContent"":null,""clickId"":null,""rawPayload"":{""simulated"":true,""headers"":{""from"":""majed@riyadhconst.com"",""subject"":""Quote request for site cabins""}}}"
2e5aa5d9-f3d4-474a-9b8d-6b6131213588,Sarah,Brown,Genesis Systems Group,sarah.brown@genesissystemsgroup.com,+1 (281) 492-6801,NEW,Direct Mail Campaign,Pharmaceutical,52,,Q1 Enterprise Tech Expo,,f,f,,,$144k,5155fef9-3722-4f5b-9b9a-3e392bf31623,LD-2025-01033,,,,,0,,,2026-01-17 11:09:14.305+00,2026-08-05 11:09:14.306+00,aeceeffe-1a87-4ed1-82c9-5b41cc2e4c80,Warm,f,,0,AUTOMATIC,Reply to Lead,,,5155fef9-3722-4f5b-9b9a-3e392bf31623,,,,,,,,
1c34cfc6-ce26-4259-8747-b712a0773daa,Christopher,Rodriguez,Horizon Energy Group,christopher.rodriguez@horizonenergygroup.com,+1 (506) 121-5817,NEW,LinkedIn Outreach,Food & Beverage,58,,LinkedIn Account Based Marketing,,f,f,,,$462k,efd9e626-374e-419f-9ea4-36fd12bde3b1,LD-2025-01034,,,,,0,,,2026-02-03 11:09:14.54+00,2026-08-05 11:09:14.54+00,bfdf8c1f-fe23-4dfb-b2da-5faedf129c36,Warm,f,,0,AUTOMATIC,Reply to Lead,,,efd9e626-374e-419f-9ea4-36fd12bde3b1,,,,,,,,
6c47966a-8cb8-4e8b-98e6-989fa6ce5d4e,Paul,Lewis,Nexus Systems Group,paul.lewis@nexussystemsgroup.com,+1 (286) 458-1913,NEW,Cold Inbound,Technology,60,,Direct Executive Outreach,,f,f,,,$423k,79643362-51d0-4a00-b203-91ebe70703d6,LD-2025-01038,,,,,0,,,2026-04-07 11:09:15.481+00,2026-08-05 11:09:15.481+00,604bb8ab-99ba-4134-8053-815900a040c0,Warm,f,,0,AUTOMATIC,Reply to Lead,,,79643362-51d0-4a00-b203-91ebe70703d6,,,,,,,,
b528c8f8-c53d-45c3-a477-8a201ee1f7cc,Linda,Wilson,Velocity Systems Group,linda.wilson@velocitysystemsgroup.com,+1 (759) 443-7708,NEW,G2 Crowd Lead,Pharmaceutical,68,,Q1 Enterprise Tech Expo,,t,f,,,$372k,09b18443-1d83-4a99-9f36-95786daaf988,LD-2025-01043,,,,,0,,,2025-10-22 11:09:16.654+00,2026-08-05 11:09:16.654+00,aeceeffe-1a87-4ed1-82c9-5b41cc2e4c80,Warm,f,,0,AUTOMATIC,Reply to Lead,,,09b18443-1d83-4a99-9f36-95786daaf988,,,,,,,,
f0ee51e4-2afe-4a23-88d6-16af95825a5a,David,Jackson,Omni Energy Group,david.jackson@omnienergygroup.com,+1 (934) 343-3056,NEW,WhatsApp Inbound,Food & Beverage,56,,Direct Executive Outreach,,f,f,,,$68k,12f4a62d-92cf-4e29-93b9-126d9828178c,LD-2025-01044,,,,,0,,,2025-12-25 11:09:16.888+00,2026-08-05 11:09:16.888+00,4760f22f-427c-460d-8bab-17f36ae27f98,Warm,f,,0,AUTOMATIC,Reply to Lead,,,12f4a62d-92cf-4e29-93b9-126d9828178c,,,,,,,,
8a2964e8-d688-441b-b9eb-8a7c3567c7f4,Thomas,Lewis,Matrix Pharmaceuticals Group,thomas.lewis@matrixpharmaceuticalsgroup.com,+1 (787) 818-9449,NEW,WhatsApp Inbound,Logistics,72,,Cloud Transformation Webinar,,f,f,,,$302k,ec16e03f-6fae-4344-9199-a873a592e170,LD-2025-01046,,,,2026-08-03 11:09:17.358+00,2,,,2025-10-28 11:09:17.358+00,2026-08-05 11:09:17.358+00,73dd3a5d-5d54-4be3-bc58-f685204bd378,Warm,f,,0,AUTOMATIC,Reply to Lead,,,ec16e03f-6fae-4344-9199-a873a592e170,,,,,,,,
8bf2d424-2b6d-4e97-a8d5-a495be5f1c66,Yasmin,Qureshi,Designers Hub,yasmin@designershub.com,+971509876543,NEW,Facebook,,85,Meta Ads Lead Form Mock,Prefab Office Ads,"{""simulated"":true,""ad_id"":""meta_ad_prefab_101"",""lead_id"":""fb_lead_55029""}",f,f,,,,c8790cac-50df-4f73-b38d-9f5ae1bf88ce,LD-2026-01160-8602,,,,,0,,email,2026-08-17 11:30:37.945+00,2026-08-17 11:47:40.816+00,eed70aae-cb82-42cc-a98a-d55cdf52d3b8,Hot,f,,0,AUTOMATIC,Reply to Lead,2026-08-17 13:30:37.944+00,,,,,,,,,,
5ab2b2af-9e72-4cd4-b80f-91efefdcdc5d,Tariq,Jameel,BuildCorp LLC,tariq@buildcorp.ae,+971509876543,NEW,Facebook,,85,Meta Ads Lead Form Mock,Prefab Office Ads,"{""simulated"":true,""ad_id"":""meta_ad_prefab_101"",""lead_id"":""fb_lead_55029""}",f,f,,,,695729d5-b8d4-4caf-9188-262a2db133aa,LD-2026-01163-9934,,,,,0,,email,2026-08-17 11:31:43.622+00,2026-08-17 11:47:40.88+00,75a47989-b9ac-4733-a4ba-d3568a7b193c,Hot,f,,0,AUTOMATIC,Reply to Lead,2026-08-17 13:31:43.622+00,,695729d5-b8d4-4caf-9188-262a2db133aa,,,Campaign,Facebook,Meta Ads Lead Form Mock,,"{""channel"":""Facebook"",""sourceType"":""Campaign"",""sourceName"":""Meta Ads Lead Form Mock"",""sourceEntityId"":null,""referringAccountId"":null,""campaignId"":null,""adId"":null,""landingPage"":null,""referrer"":null,""utmSource"":null,""utmMedium"":null,""utmCampaign"":null,""utmTerm"":null,""utmContent"":null,""clickId"":null,""rawPayload"":{""simulated"":true,""ad_id"":""meta_ad_prefab_101"",""lead_id"":""fb_lead_55029""}}","{""channel"":""Facebook"",""sourceType"":""Campaign"",""sourceName"":""Meta Ads Lead Form Mock"",""sourceEntityId"":null,""referringAccountId"":null,""campaignId"":null,""adId"":null,""landingPage"":null,""referrer"":null,""utmSource"":null,""utmMedium"":null,""utmCampaign"":null,""utmTerm"":null,""utmContent"":null,""clickId"":null,""rawPayload"":{""simulated"":true,""ad_id"":""meta_ad_prefab_101"",""lead_id"":""fb_lead_55029""}}"
5f4cf982-739b-469d-aae0-b30ecdb56a60,Hassan,Raza,KFN Holdings,hassan.raza@kfn.com.sa,+966551122334,NEW,LinkedIn,,95,LinkedIn Lead Gen Forms Mock,Enterprise Prefab Buildings,"{""simulated"":true,""linkedin_form_id"":""li_form_993"",""profile_url"":""linkedin.com/in/hassanraza""}",f,f,,,,adc833ad-1be5-41fe-9540-6f265e97aa49,LD-2026-01157-5582,,,,,0,,email,2026-08-17 11:29:43.645+00,2026-08-17 11:47:41.194+00,75a47989-b9ac-4733-a4ba-d3568a7b193c,Hot,f,,0,AUTOMATIC,Reply to Lead,2026-08-17 13:29:43.644+00,,adc833ad-1be5-41fe-9540-6f265e97aa49,,,Campaign,LinkedIn,LinkedIn Lead Gen Forms Mock,,"{""channel"":""LinkedIn"",""sourceType"":""Campaign"",""sourceName"":""LinkedIn Lead Gen Forms Mock"",""sourceEntityId"":null,""referringAccountId"":null,""campaignId"":null,""adId"":null,""landingPage"":null,""referrer"":null,""utmSource"":null,""utmMedium"":null,""utmCampaign"":null,""utmTerm"":null,""utmContent"":null,""clickId"":null,""rawPayload"":{""simulated"":true,""linkedin_form_id"":""li_form_993"",""profile_url"":""linkedin.com/in/hassanraza""}}","{""channel"":""LinkedIn"",""sourceType"":""Campaign"",""sourceName"":""LinkedIn Lead Gen Forms Mock"",""sourceEntityId"":null,""referringAccountId"":null,""campaignId"":null,""adId"":null,""landingPage"":null,""referrer"":null,""utmSource"":null,""utmMedium"":null,""utmCampaign"":null,""utmTerm"":null,""utmContent"":null,""clickId"":null,""rawPayload"":{""simulated"":true,""linkedin_form_id"":""li_form_993"",""profile_url"":""linkedin.com/in/hassanraza""}}"
1640344d-6eb6-492a-bec4-c5dce7e4b3fc,Karen,King,Helios Holdings Group,karen.king@heliosholdingsgroup.com,+1 (821) 959-2903,NEW,Executive Referral,Construction,74,,LinkedIn Account Based Marketing,,f,f,,,$165k,d06533e1-c4d3-4dc6-9570-892696133cf1,LD-2025-01047,,,,,0,,,2026-06-01 11:09:17.592+00,2026-08-05 11:09:17.592+00,483561ee-4978-4ec5-bc44-6274d0dba919,Warm,f,,0,AUTOMATIC,Reply to Lead,,,d06533e1-c4d3-4dc6-9570-892696133cf1,,,,,,,,
9ce4a7d0-e357-433e-9503-03305058273b,Daniel,Hill,Aegis Systems Group,daniel.hill@aegissystemsgroup.com,+1 (803) 237-1178,NEW,Google Search Ads,Technology,59,,Cloud Transformation Webinar,,f,f,,,$224k,89f6a116-5a31-4ee1-9dec-f734088cd09f,LD-2025-01048,,,,,0,,,2026-07-18 11:09:17.826+00,2026-08-05 11:09:17.826+00,bb643de2-92dc-4e74-8a56-a275688b3f0e,Warm,f,,0,AUTOMATIC,Reply to Lead,,,89f6a116-5a31-4ee1-9dec-f734088cd09f,,,,,,,,
8a0d9882-bcab-4e91-8626-679601e7f08e,Betty,Brown,Dynamic Energy Group,betty.brown@dynamicenergygroup.com,+1 (898) 338-1091,NEW,Google Search Ads,Retail,65,,Inbound Google Organic,,f,f,,,$228k,108f4a8a-e7cd-4edf-833c-e94e9aca3c33,LD-2025-01049,,,,,0,,,2026-05-19 11:09:18.06+00,2026-08-05 11:09:18.061+00,ee399d9c-d933-48d5-b401-306ec7bdc22e,Warm,f,,0,AUTOMATIC,Reply to Lead,,,108f4a8a-e7cd-4edf-833c-e94e9aca3c33,,,,,,,,
bafa0a77-a4b6-44fd-9e25-a37633a00eba,Existing,Contact,PepsiCo Global 1786515882418,pepsico_contact_1786515882418@pepsico.com,,NEW,,,50,,,,f,f,,,,,,,,,,0,,,2026-08-12 06:24:43.647+00,2026-08-12 06:24:43.647+00,1b707b38-8218-4114-a7a7-1000fdc3408c,Warm,f,,0,AUTOMATIC,Reply to Lead,,,,,,,,,,,
543f7257-6173-426e-8914-1a231b5c6ce5,Khaled,Al-Masri,Red Sea Dev,khaled@redseadev.sa,+966501234567,NEW,Email,,85,Gmail Mock Integration,GCC Site Cabin Campaign,"{""simulated"":true,""headers"":{""from"":""khaled@redseadev.sa"",""subject"":""Quote request for site cabins""}}",f,f,,,,d495c3f1-f1ca-4a27-b225-1a3bac55381b,LD-2026-01157-6529,,,,,0,,email,2026-08-17 11:29:43.776+00,2026-08-17 11:47:41.257+00,eed70aae-cb82-42cc-a98a-d55cdf52d3b8,Hot,f,,0,AUTOMATIC,Reply to Lead,2026-08-17 13:29:43.776+00,,d495c3f1-f1ca-4a27-b225-1a3bac55381b,,,Campaign,Email,Gmail Mock Integration,,"{""channel"":""Email"",""sourceType"":""Campaign"",""sourceName"":""Gmail Mock Integration"",""sourceEntityId"":null,""referringAccountId"":null,""campaignId"":null,""adId"":null,""landingPage"":null,""referrer"":null,""utmSource"":null,""utmMedium"":null,""utmCampaign"":null,""utmTerm"":null,""utmContent"":null,""clickId"":null,""rawPayload"":{""simulated"":true,""headers"":{""from"":""khaled@redseadev.sa"",""subject"":""Quote request for site cabins""}}}","{""channel"":""Email"",""sourceType"":""Campaign"",""sourceName"":""Gmail Mock Integration"",""sourceEntityId"":null,""referringAccountId"":null,""campaignId"":null,""adId"":null,""landingPage"":null,""referrer"":null,""utmSource"":null,""utmMedium"":null,""utmCampaign"":null,""utmTerm"":null,""utmContent"":null,""clickId"":null,""rawPayload"":{""simulated"":true,""headers"":{""from"":""khaled@redseadev.sa"",""subject"":""Quote request for site cabins""}}}"
9d055903-8930-4ee9-aa12-828dab29a289,John,Jackson,Veritas Systems Inc.,john.jackson@veritassystemsinc.com,+1 (684) 889-7081,NEW,Direct Mail Campaign,Technology,49,,Executive CXO Summit,,f,f,,,$63k,688e39a3-e9b4-46e6-ab8e-a6806bc6730c,LD-2025-01028,,,,,0,,,2025-12-22 11:09:13.128+00,2026-08-11 11:18:35.627+00,604bb8ab-99ba-4134-8053-815900a040c0,Cold,f,,0,AUTOMATIC,Reply to Lead,,,688e39a3-e9b4-46e6-ab8e-a6806bc6730c,,,,,,,,
dce0cdd4-b21c-46cf-b167-9e0028628387,William,Lewis,Catalyst Robotics Inc.,william.lewis@catalystroboticsinc.com,+1 (346) 432-9052,NEW,G2 Crowd Lead,Healthcare,44,,Executive CXO Summit,,f,f,,,$336k,478a3057-5be6-45b8-a53b-f6e8f200c029,LD-2025-01030,,,,,0,,,2026-03-26 11:09:13.602+00,2026-08-11 11:18:35.688+00,e7de7c5d-e62d-48de-9ef9-3791d955ebe1,Cold,f,,0,AUTOMATIC,Reply to Lead,,,478a3057-5be6-45b8-a53b-f6e8f200c029,,,,,,,,
8e6e7e7c-d152-44d0-9e36-99dfd39b8650,Majed,Al-Otaibi,Riyadh Construction,majed@riyadhconst.com,+966501234567,NEW,Email,,85,Gmail Mock Integration,GCC Site Cabin Campaign,"{""simulated"":true,""headers"":{""from"":""majed@riyadhconst.com"",""subject"":""Quote request for site cabins""}}",f,f,,,,e36adc11-50c5-40bd-b627-2db2eb404c50,LD-2026-01181-7452,,,,,0,,email,2026-08-17 11:38:06.742+00,2026-08-17 11:47:42.57+00,0d006baa-e2d4-4c4b-989e-9d8bbfe60dc1,Hot,f,,0,AUTOMATIC,Reply to Lead,2026-08-17 13:38:06.741+00,,e36adc11-50c5-40bd-b627-2db2eb404c50,,,Campaign,Email,Gmail Mock Integration,,"{""channel"":""Email"",""sourceType"":""Campaign"",""sourceName"":""Gmail Mock Integration"",""sourceEntityId"":null,""referringAccountId"":null,""campaignId"":null,""adId"":null,""landingPage"":null,""referrer"":null,""utmSource"":null,""utmMedium"":null,""utmCampaign"":null,""utmTerm"":null,""utmContent"":null,""clickId"":null,""rawPayload"":{""simulated"":true,""headers"":{""from"":""majed@riyadhconst.com"",""subject"":""Quote request for site cabins""}}}","{""channel"":""Email"",""sourceType"":""Campaign"",""sourceName"":""Gmail Mock Integration"",""sourceEntityId"":null,""referringAccountId"":null,""campaignId"":null,""adId"":null,""landingPage"":null,""referrer"":null,""utmSource"":null,""utmMedium"":null,""utmCampaign"":null,""utmTerm"":null,""utmContent"":null,""clickId"":null,""rawPayload"":{""simulated"":true,""headers"":{""from"":""majed@riyadhconst.com"",""subject"":""Quote request for site cabins""}}}"
1fc3a83f-2ffa-4fd5-af32-b3cf08f933c0,Hassan,Raza,KFN Holdings,hassan.raza@kfn.com.sa,+966551122334,NEW,LinkedIn,,95,LinkedIn Lead Gen Forms Mock,Enterprise Prefab Buildings,"{""simulated"":true,""linkedin_form_id"":""li_form_993"",""profile_url"":""linkedin.com/in/hassanraza""}",f,f,,,,adc833ad-1be5-41fe-9540-6f265e97aa49,LD-2026-01194-9303,,,,,0,,email,2026-08-17 11:41:59.978+00,2026-08-17 11:47:43.198+00,255f20c1-f5f7-4cfc-b3c4-0c60e657b640,Hot,f,,0,AUTOMATIC,Reply to Lead,2026-08-17 13:41:59.977+00,,adc833ad-1be5-41fe-9540-6f265e97aa49,,,Campaign,LinkedIn,LinkedIn Lead Gen Forms Mock,,"{""channel"":""LinkedIn"",""sourceType"":""Campaign"",""sourceName"":""LinkedIn Lead Gen Forms Mock"",""sourceEntityId"":null,""referringAccountId"":null,""campaignId"":null,""adId"":null,""landingPage"":null,""referrer"":null,""utmSource"":null,""utmMedium"":null,""utmCampaign"":null,""utmTerm"":null,""utmContent"":null,""clickId"":null,""rawPayload"":{""simulated"":true,""linkedin_form_id"":""li_form_993"",""profile_url"":""linkedin.com/in/hassanraza""}}","{""channel"":""LinkedIn"",""sourceType"":""Campaign"",""sourceName"":""LinkedIn Lead Gen Forms Mock"",""sourceEntityId"":null,""referringAccountId"":null,""campaignId"":null,""adId"":null,""landingPage"":null,""referrer"":null,""utmSource"":null,""utmMedium"":null,""utmCampaign"":null,""utmTerm"":null,""utmContent"":null,""clickId"":null,""rawPayload"":{""simulated"":true,""linkedin_form_id"":""li_form_993"",""profile_url"":""linkedin.com/in/hassanraza""}}"
45622e35-3407-496e-ba08-d22d84561b12,Lisa,Wilson,Pinnacle Robotics Group,lisa.wilson@pinnacleroboticsgroup.com,+1 (284) 880-5177,NEW,Webinar Series,FMCG,40,,Executive CXO Summit,,f,f,,,$122k,a5dd3d6d-64ec-4106-85a6-11e3e5a6309f,LD-2025-01035,,,,,0,,,2025-12-29 11:09:14.776+00,2026-08-11 11:18:35.81+00,af8f43bb-c608-4c5a-9968-fdc97c51a924,Cold,f,,0,AUTOMATIC,Reply to Lead,,,a5dd3d6d-64ec-4106-85a6-11e3e5a6309f,,,,,,,,
e2b2cd5c-0fb6-4eef-98db-97d9008f8493,Hassan,Raza,KFN Holdings,hassan.raza@kfn.com.sa,+966551122334,NEW,LinkedIn,,95,LinkedIn Lead Gen Forms Mock,Enterprise Prefab Buildings,"{""simulated"":true,""linkedin_form_id"":""li_form_993"",""profile_url"":""linkedin.com/in/hassanraza""}",f,f,,,,adc833ad-1be5-41fe-9540-6f265e97aa49,LD-2026-01204-1374,,,,,0,,email,2026-08-17 11:45:54.23+00,2026-08-17 11:47:43.76+00,7df2b1eb-287b-4790-bc51-271d444a3d4e,Hot,f,,0,AUTOMATIC,Reply to Lead,2026-08-17 13:45:54.23+00,,adc833ad-1be5-41fe-9540-6f265e97aa49,,,Campaign,LinkedIn,LinkedIn Lead Gen Forms Mock,,"{""channel"":""LinkedIn"",""sourceType"":""Campaign"",""sourceName"":""LinkedIn Lead Gen Forms Mock"",""sourceEntityId"":null,""referringAccountId"":null,""campaignId"":null,""adId"":null,""landingPage"":null,""referrer"":null,""utmSource"":null,""utmMedium"":null,""utmCampaign"":null,""utmTerm"":null,""utmContent"":null,""clickId"":null,""rawPayload"":{""simulated"":true,""linkedin_form_id"":""li_form_993"",""profile_url"":""linkedin.com/in/hassanraza""}}","{""channel"":""LinkedIn"",""sourceType"":""Campaign"",""sourceName"":""LinkedIn Lead Gen Forms Mock"",""sourceEntityId"":null,""referringAccountId"":null,""campaignId"":null,""adId"":null,""landingPage"":null,""referrer"":null,""utmSource"":null,""utmMedium"":null,""utmCampaign"":null,""utmTerm"":null,""utmContent"":null,""clickId"":null,""rawPayload"":{""simulated"":true,""linkedin_form_id"":""li_form_993"",""profile_url"":""linkedin.com/in/hassanraza""}}"
617b38a7-2cdb-4bd5-972e-25dfed569328,Anthony,Jackson,Titan Pharmaceuticals Group,anthony.jackson@titanpharmaceuticalsgroup.com,+1 (724) 756-1017,NEW,WhatsApp Inbound,Logistics,84,,Direct Executive Outreach,,t,f,,,$119k,2aee8d1f-c2a1-47af-84d5-41b6427ecf4c,LD-2025-01036,,,,2026-08-03 11:09:15.01+00,2,,,2026-06-26 11:09:15.01+00,2026-08-11 11:18:35.871+00,483561ee-4978-4ec5-bc44-6274d0dba919,Hot,f,,0,AUTOMATIC,Reply to Lead,,,2aee8d1f-c2a1-47af-84d5-41b6427ecf4c,,,,,,,,
e8cd4b17-87fc-4e90-8abe-c1d22945a801,Sandra,White,Quantum Holdings Group,sandra.white@quantumholdingsgroup.com,+1 (720) 816-6034,NEW,G2 Crowd Lead,Construction,93,,Q1 Enterprise Tech Expo,,f,f,,,$220k,1dbfd97b-1edd-480c-a2ff-f95162216b35,LD-2025-01037,,,,,0,,,2026-05-20 11:09:15.244+00,2026-08-11 11:18:35.932+00,73dd3a5d-5d54-4be3-bc58-f685204bd378,Hot,f,,0,AUTOMATIC,Reply to Lead,,,1dbfd97b-1edd-480c-a2ff-f95162216b35,,,,,,,,
e35f7595-7880-48e9-99b9-5fdde1ce71ee,Khaled,Al-Masri,Red Sea Dev,khaled@redseadev.sa,+966501234567,NEW,Email,,85,Gmail Mock Integration,GCC Site Cabin Campaign,"{""simulated"":true,""headers"":{""from"":""khaled@redseadev.sa"",""subject"":""Quote request for site cabins""}}",f,f,,,,d495c3f1-f1ca-4a27-b225-1a3bac55381b,LD-2026-01205-9193,,,,,0,,email,2026-08-17 11:49:31.005+00,2026-08-18 04:53:29.582+00,eed70aae-cb82-42cc-a98a-d55cdf52d3b8,Hot,f,,0,AUTOMATIC,Reply to Lead,2026-08-17 13:49:31.005+00,,,,,,,,,,
1684823c-9d91-455f-ac55-a9f9877ece2e,Yasmin,Qureshi,Designers Hub,yasmin@designershub.com,+971509876543,NEW,Facebook,,85,Meta Ads Lead Form Mock,Prefab Office Ads,"{""simulated"":true,""ad_id"":""meta_ad_prefab_101"",""lead_id"":""fb_lead_55029""}",f,f,,,,c8790cac-50df-4f73-b38d-9f5ae1bf88ce,LD-2026-01205-1170,,,,,0,,email,2026-08-17 11:49:31.068+00,2026-08-18 04:53:29.734+00,eed70aae-cb82-42cc-a98a-d55cdf52d3b8,Hot,f,,0,AUTOMATIC,Reply to Lead,2026-08-17 13:49:31.068+00,,,,,,,,,,
9ef69ee6-8085-40c7-b0db-b1cbf975e137,Emily,King,Starlight Energy Group,emily.king@starlightenergygroup.com,+1 (544) 796-8728,NEW,WhatsApp Inbound,Retail,42,,Cloud Transformation Webinar,,f,f,,,$306k,4ba0473e-5b49-4921-8443-2397f9c6eb4b,LD-2025-01039,,,,,0,,,2026-01-06 11:09:15.715+00,2026-08-11 11:18:35.993+00,ee399d9c-d933-48d5-b401-306ec7bdc22e,Cold,f,,0,AUTOMATIC,Reply to Lead,,,4ba0473e-5b49-4921-8443-2397f9c6eb4b,,,,,,,,
151cbf0f-46fb-4764-976e-ce023de2c244,Tariq,Jameel,BuildCorp LLC,tariq@buildcorp.ae,+971509876543,NEW,Facebook,,85,Meta Ads Lead Form Mock,Prefab Office Ads,"{""simulated"":true,""ad_id"":""meta_ad_prefab_101"",""lead_id"":""fb_lead_55029""}",f,f,,,,695729d5-b8d4-4caf-9188-262a2db133aa,LD-2026-01215-5661,,,,,0,,email,2026-08-17 11:55:36.163+00,2026-08-18 04:53:29.794+00,a7059642-3c33-42b6-9307-4860753ba1cc,Hot,f,,0,AUTOMATIC,Reply to Lead,2026-08-17 13:55:36.163+00,,,,,,,,,,
c7ad5bea-6245-4eac-8095-13c2c1c32481,Kenneth,Hill,Beacon Robotics Group,kenneth.hill@beaconroboticsgroup.com,+1 (746) 260-2496,NEW,G2 Crowd Lead,Healthcare,80,,Direct Executive Outreach,,f,f,,,$378k,dcc85dfc-9e1f-4d7d-af81-c507949b4ade,LD-2025-01040,,,,,0,,,2026-05-24 11:09:15.95+00,2026-08-11 11:18:36.053+00,aba0e0a8-5ab3-4f71-aa3f-84a3aab4d97a,Hot,f,,0,AUTOMATIC,Reply to Lead,,,dcc85dfc-9e1f-4d7d-af81-c507949b4ade,,,,,,,,
5fa5477d-cbcb-45c9-a34d-d742c4366c5b,Hassan,Raza,KFN Holdings,hassan.raza@kfn.com.sa,+966551122334,NEW,LinkedIn,,95,LinkedIn Lead Gen Forms Mock,Enterprise Prefab Buildings,"{""simulated"":true,""linkedin_form_id"":""li_form_993"",""profile_url"":""linkedin.com/in/hassanraza""}",f,f,,,,adc833ad-1be5-41fe-9540-6f265e97aa49,LD-2026-01216-2771,,,,,0,,email,2026-08-17 11:55:36.242+00,2026-08-18 04:53:29.853+00,a7059642-3c33-42b6-9307-4860753ba1cc,Hot,f,,0,AUTOMATIC,Reply to Lead,2026-08-17 13:55:36.241+00,,,,,,,,,,
c6be6c65-abbe-4493-964c-eb506b1dcf71,Majed,Al-Otaibi,Riyadh Construction,majed@riyadhconst.com,+966501234567,NEW,Email,,85,Gmail Mock Integration,GCC Site Cabin Campaign,"{""simulated"":true,""headers"":{""from"":""majed@riyadhconst.com"",""subject"":""Quote request for site cabins""}}",f,f,,,,e36adc11-50c5-40bd-b627-2db2eb404c50,LD-2026-01217-8819,,,,,0,,email,2026-08-17 11:57:38.412+00,2026-08-18 04:53:29.912+00,d71890f9-1f96-4d1d-be3b-bdd6832be466,Hot,f,,0,AUTOMATIC,Reply to Lead,2026-08-17 13:57:38.412+00,,,,,,,,,,
222cb828-39cb-4c79-81bb-a1d41780eb37,Hassan,Raza,KFN Holdings,hassan.raza@kfn.com.sa,+966551122334,NEW,LinkedIn,,95,LinkedIn Lead Gen Forms Mock,Enterprise Prefab Buildings,"{""simulated"":true,""linkedin_form_id"":""li_form_993"",""profile_url"":""linkedin.com/in/hassanraza""}",f,f,,,,adc833ad-1be5-41fe-9540-6f265e97aa49,LD-2026-01217-3867,,,,,0,,email,2026-08-17 11:57:38.416+00,2026-08-18 04:53:29.972+00,d71890f9-1f96-4d1d-be3b-bdd6832be466,Hot,f,,0,AUTOMATIC,Reply to Lead,2026-08-17 13:57:38.415+00,,,,,,,,,,
2be02139-760b-4990-9bb2-001d249f7182,Mary,Brown,Sterling Pharmaceuticals Group,mary.brown@sterlingpharmaceuticalsgroup.com,+1 (732) 717-8676,NEW,WhatsApp Inbound,Manufacturing,43,,Direct Executive Outreach,,f,f,,,$484k,e3e41a3b-c324-4b7d-a84b-514156c3c2a5,LD-2025-01041,,,,2026-08-05 11:09:16.185+00,3,,,2025-08-20 11:09:16.185+00,2026-08-11 11:18:36.114+00,5579bbef-b890-4d99-91e2-e017decbd26e,Cold,f,,0,AUTOMATIC,Reply to Lead,,,e3e41a3b-c324-4b7d-a84b-514156c3c2a5,,,,,,,,
70ec0fa4-e504-43f2-b2e7-e5ced2720793,Steven,Jackson,Orion Holdings Group,steven.jackson@orionholdingsgroup.com,+1 (665) 780-8651,NEW,Executive Referral,Automotive,70,,Q1 Enterprise Tech Expo,,f,f,,,$256k,172f10bc-55dd-4489-a682-f84a75d2ead1,LD-2025-01052,,,,,0,,,2025-09-26 11:09:18.764+00,2026-08-05 11:09:18.764+00,ee399d9c-d933-48d5-b401-306ec7bdc22e,Warm,f,,0,AUTOMATIC,Reply to Lead,,,172f10bc-55dd-4489-a682-f84a75d2ead1,,,,,,,,
40d86773-72ee-4f63-afb1-0d4c97280df0,Tariq,Jameel,BuildCorp LLC,tariq@buildcorp.ae,+971509876543,NEW,Facebook,,85,Meta Ads Lead Form Mock,Prefab Office Ads,"{""simulated"":true,""ad_id"":""meta_ad_prefab_101"",""lead_id"":""fb_lead_55029""}",f,f,,,,695729d5-b8d4-4caf-9188-262a2db133aa,LD-2026-01219-9764,,,,,0,,email,2026-08-17 11:57:38.609+00,2026-08-18 04:53:30.032+00,d71890f9-1f96-4d1d-be3b-bdd6832be466,Hot,f,,0,AUTOMATIC,Reply to Lead,2026-08-17 13:57:38.609+00,,,,,,,,,,
521ed250-5d97-4c4f-a52d-95a1aaba1047,Khaled,Al-Masri,Red Sea Dev,khaled@redseadev.sa,+966501234567,NEW,Email,,85,Gmail Mock Integration,GCC Site Cabin Campaign,"{""simulated"":true,""headers"":{""from"":""khaled@redseadev.sa"",""subject"":""Quote request for site cabins""}}",f,f,,,,d495c3f1-f1ca-4a27-b225-1a3bac55381b,LD-2026-01220-8039,,,,,0,,email,2026-08-17 11:59:30.998+00,2026-08-18 04:53:30.092+00,eed70aae-cb82-42cc-a98a-d55cdf52d3b8,Hot,f,,0,AUTOMATIC,Reply to Lead,2026-08-17 13:59:30.998+00,,,,,,,,,,
30beecda-a653-40a0-af46-38968f9a33d0,Yasmin,Qureshi,Designers Hub,yasmin@designershub.com,+971509876543,NEW,Facebook,,85,Meta Ads Lead Form Mock,Prefab Office Ads,"{""simulated"":true,""ad_id"":""meta_ad_prefab_101"",""lead_id"":""fb_lead_55029""}",f,f,,,,c8790cac-50df-4f73-b38d-9f5ae1bf88ce,LD-2026-01220-1583,,,,,0,,email,2026-08-17 11:59:31.001+00,2026-08-18 04:53:30.151+00,eed70aae-cb82-42cc-a98a-d55cdf52d3b8,Hot,f,,0,AUTOMATIC,Reply to Lead,2026-08-17 13:59:31+00,,,,,,,,,,
c5f7334f-6396-42ad-aaa3-e9e1fc9b4824,Hassan,Raza,KFN Holdings,hassan.raza@kfn.com.sa,+966551122334,NEW,LinkedIn,,95,LinkedIn Lead Gen Forms Mock,Enterprise Prefab Buildings,"{""simulated"":true,""linkedin_form_id"":""li_form_993"",""profile_url"":""linkedin.com/in/hassanraza""}",f,f,,,,adc833ad-1be5-41fe-9540-6f265e97aa49,LD-2026-01222-3928,,,,,0,,email,2026-08-17 11:59:33.764+00,2026-08-18 04:53:30.21+00,d71890f9-1f96-4d1d-be3b-bdd6832be466,Hot,f,,0,AUTOMATIC,Reply to Lead,2026-08-17 13:59:33.763+00,,,,,,,,,,
5d257957-2580-4e53-bab3-af75dde8e110,Khaled,Al-Masri,Red Sea Dev,khaled@redseadev.sa,+966501234567,NEW,Email,,85,Gmail Mock Integration,GCC Site Cabin Campaign,"{""simulated"":true,""headers"":{""from"":""khaled@redseadev.sa"",""subject"":""Quote request for site cabins""}}",f,f,,,,d495c3f1-f1ca-4a27-b225-1a3bac55381b,LD-2026-01223-2949,,,,,0,,email,2026-08-17 12:01:31.17+00,2026-08-18 04:53:30.269+00,eed70aae-cb82-42cc-a98a-d55cdf52d3b8,Hot,f,,0,AUTOMATIC,Reply to Lead,2026-08-17 14:01:31.17+00,,,,,,,,,,
e9a74f7b-8f20-43f3-8b0d-893ecfd69249,Robert,Rodriguez,Synergy Holdings Group,robert.rodriguez@synergyholdingsgroup.com,+1 (458) 141-6376,NEW,Partner Referral,Automotive,48,,Executive CXO Summit,,f,f,,,$197k,5a8db5a7-7a00-4e6e-bb6d-6f9d85ca1973,LD-2025-01042,,,,,0,,,2026-01-15 11:09:16.42+00,2026-08-11 11:18:36.174+00,af8f43bb-c608-4c5a-9968-fdc97c51a924,Cold,f,,0,AUTOMATIC,Reply to Lead,,,5a8db5a7-7a00-4e6e-bb6d-6f9d85ca1973,,,,,,,,
e8d7696e-a720-4b01-bd1b-d15dd0de9745,Susan,White,Prism Robotics Group,susan.white@prismroboticsgroup.com,+1 (416) 700-3338,NEW,WhatsApp Inbound,FMCG,81,,LinkedIn Account Based Marketing,,f,f,,,$74k,478016c6-fd22-45fe-9380-a8b7929c8617,LD-2025-01045,,,,,0,,,2026-03-06 11:09:17.123+00,2026-08-11 11:18:36.235+00,5590f73f-33da-422a-98ed-8fd0fb6917f2,Hot,f,,0,AUTOMATIC,Reply to Lead,,,478016c6-fd22-45fe-9380-a8b7929c8617,,,,,,,,
436c853f-e835-4185-a7bb-4010e2181f6e,Donald,Rodriguez,Global Robotics Group,donald.rodriguez@globalroboticsgroup.com,+1 (662) 607-6122,NEW,G2 Crowd Lead,Healthcare,35,,Inbound Google Organic,,t,f,,,$184k,77fa6aef-8cff-49ec-956b-84de4fe5eec1,LD-2025-01050,,,,,0,,,2025-10-04 11:09:18.295+00,2026-08-11 11:18:36.296+00,6623fa17-a8cc-4aa2-a9ff-0f08a8c7e6f2,Cold,f,,0,AUTOMATIC,Reply to Lead,,,77fa6aef-8cff-49ec-956b-84de4fe5eec1,,,,,,,,
a00783ec-1f1f-471e-afea-e58a5fe8636a,Donna,White,Equinox Systems Group,donna.white@equinoxsystemsgroup.com,+1 (265) 753-9588,NEW,Cold Inbound,Pharmaceutical,51,,Q1 Enterprise Tech Expo,,f,f,,,$380k,90a4e029-3edc-40d9-9712-05f736eb42a7,LD-2025-01053,,,,,0,,,2026-05-08 11:09:18.997+00,2026-08-05 11:09:18.998+00,aba0e0a8-5ab3-4f71-aa3f-84a3aab4d97a,Warm,f,,0,AUTOMATIC,Reply to Lead,,,90a4e029-3edc-40d9-9712-05f736eb42a7,,,,,,,,
dad875ce-7ef3-484a-a64a-2bcf54ef8c7f,Hassan,Raza,KFN Holdings,hassan.raza@kfn.com.sa,+966551122334,NEW,LinkedIn,,95,LinkedIn Lead Gen Forms Mock,Enterprise Prefab Buildings,"{""simulated"":true,""linkedin_form_id"":""li_form_993"",""profile_url"":""linkedin.com/in/hassanraza""}",f,f,,,,adc833ad-1be5-41fe-9540-6f265e97aa49,LD-2026-01207-9758,,,,,0,,email,2026-08-17 11:49:34.069+00,2026-08-18 04:53:30.327+00,a7059642-3c33-42b6-9307-4860753ba1cc,Hot,f,,0,AUTOMATIC,Reply to Lead,2026-08-17 13:49:34.069+00,,,,,,,,,,
0a404983-49c4-46fd-ad6d-d3ddc214d660,Hassan,Raza,KFN Holdings,hassan.raza@kfn.com.sa,+966551122334,NEW,LinkedIn,,95,LinkedIn Lead Gen Forms Mock,Enterprise Prefab Buildings,"{""simulated"":true,""linkedin_form_id"":""li_form_993"",""profile_url"":""linkedin.com/in/hassanraza""}",f,f,,,,adc833ad-1be5-41fe-9540-6f265e97aa49,LD-2026-01209-2271,,,,,0,,email,2026-08-17 11:51:36.643+00,2026-08-18 04:53:30.386+00,a7059642-3c33-42b6-9307-4860753ba1cc,Hot,f,,0,AUTOMATIC,Reply to Lead,2026-08-17 13:51:36.643+00,,,,,,,,,,
57bdc63b-e96a-4e0c-9762-1ed189b3d46d,Tariq,Jameel,BuildCorp LLC,tariq@buildcorp.ae,+971509876543,NEW,Facebook,,85,Meta Ads Lead Form Mock,Prefab Office Ads,"{""simulated"":true,""ad_id"":""meta_ad_prefab_101"",""lead_id"":""fb_lead_55029""}",f,f,,,,695729d5-b8d4-4caf-9188-262a2db133aa,LD-2026-01209-9485,,,,,0,,email,2026-08-17 11:51:36.7+00,2026-08-18 04:53:30.445+00,a7059642-3c33-42b6-9307-4860753ba1cc,Hot,f,,0,AUTOMATIC,Reply to Lead,2026-08-17 13:51:36.7+00,,,,,,,,,,
7a4ef83f-0d0e-4ea6-8479-03dfbdeb5f3a,Tariq,Jameel,BuildCorp LLC,tariq@buildcorp.ae,+971509876543,NEW,Facebook,,85,Meta Ads Lead Form Mock,Prefab Office Ads,"{""simulated"":true,""ad_id"":""meta_ad_prefab_101"",""lead_id"":""fb_lead_55029""}",f,f,,,,695729d5-b8d4-4caf-9188-262a2db133aa,LD-2026-01212-7617,,,,,0,,email,2026-08-17 11:53:36.438+00,2026-08-18 04:53:30.503+00,a7059642-3c33-42b6-9307-4860753ba1cc,Hot,f,,0,AUTOMATIC,Reply to Lead,2026-08-17 13:53:36.438+00,,,,,,,,,,
e4afa95f-17c3-4540-a4d5-832b6a4c7b47,Hassan,Raza,KFN Holdings,hassan.raza@kfn.com.sa,+966551122334,NEW,LinkedIn,,95,LinkedIn Lead Gen Forms Mock,Enterprise Prefab Buildings,"{""simulated"":true,""linkedin_form_id"":""li_form_993"",""profile_url"":""linkedin.com/in/hassanraza""}",f,f,,,,adc833ad-1be5-41fe-9540-6f265e97aa49,LD-2026-01212-3865,,,,,0,,email,2026-08-17 11:53:36.485+00,2026-08-18 04:53:30.564+00,a7059642-3c33-42b6-9307-4860753ba1cc,Hot,f,,0,AUTOMATIC,Reply to Lead,2026-08-17 13:53:36.485+00,,,,,,,,,,
03220339-e067-4f34-a782-9c3adf9d6bf4,Khaled,Al-Masri,Red Sea Dev,khaled@redseadev.sa,+966501234567,NEW,Email,,85,Gmail Mock Integration,GCC Site Cabin Campaign,"{""simulated"":true,""headers"":{""from"":""khaled@redseadev.sa"",""subject"":""Quote request for site cabins""}}",f,f,,,,d495c3f1-f1ca-4a27-b225-1a3bac55381b,LD-2026-01214-4393,,,,,0,,email,2026-08-17 11:55:31.01+00,2026-08-18 04:53:30.623+00,eed70aae-cb82-42cc-a98a-d55cdf52d3b8,Hot,f,,0,AUTOMATIC,Reply to Lead,2026-08-17 13:55:31.01+00,,,,,,,,,,
f49632b0-fe97-4b5b-af17-0e21b37b5d8f,Hassan,Raza,KFN Holdings,hassan.raza@kfn.com.sa,+966551122334,NEW,LinkedIn,,95,LinkedIn Lead Gen Forms Mock,Enterprise Prefab Buildings,"{""simulated"":true,""linkedin_form_id"":""li_form_993"",""profile_url"":""linkedin.com/in/hassanraza""}",f,f,,,,adc833ad-1be5-41fe-9540-6f265e97aa49,LD-2026-01224-4550,,,,,0,,email,2026-08-17 12:01:36.579+00,2026-08-18 04:53:30.682+00,d71890f9-1f96-4d1d-be3b-bdd6832be466,Hot,f,,0,AUTOMATIC,Reply to Lead,2026-08-17 14:01:36.578+00,,,,,,,,,,
41a904c4-c465-40ed-8c56-ee01fbbf17c4,Tariq,Jameel,BuildCorp LLC,tariq@buildcorp.ae,+971509876543,NEW,Facebook,,85,Meta Ads Lead Form Mock,Prefab Office Ads,"{""simulated"":true,""ad_id"":""meta_ad_prefab_101"",""lead_id"":""fb_lead_55029""}",f,f,,,,695729d5-b8d4-4caf-9188-262a2db133aa,LD-2026-01224-1871,,,,,0,,email,2026-08-17 12:01:36.617+00,2026-08-18 04:53:30.74+00,d71890f9-1f96-4d1d-be3b-bdd6832be466,Hot,f,,0,AUTOMATIC,Reply to Lead,2026-08-17 14:01:36.616+00,,,,,,,,,,
8a0f34ea-63e0-4825-9f28-7a1c482e35db,Salman,Unknown,Salman Unknown,salman@gmail.com,316778,NEW,Instagram,,80,Instagram Inquiry,,,f,f,,Instagram Inquiry from Salman,,c892ced2-1217-4a25-94ea-80117ba7719a,,,,,,0,,,2026-08-14 18:53:21.034+00,2026-08-14 19:11:30.98+00,,Hot,f,,0,AUTOMATIC,Reply to Lead,,,c892ced2-1217-4a25-94ea-80117ba7719a,,,,,,,,
09d704d6-d6c4-43d7-a922-1995b0e0d9e9,James,Lewis,Paramount Energy Group,james.lewis@paramountenergygroup.com,+1 (474) 400-6970,NEW,Webinar Series,Food & Beverage,63,,LinkedIn Account Based Marketing,,f,f,,,$205k,ffec5efc-4483-451b-b256-64f797a5fb9f,LD-2025-01054,,,,,0,,,2026-02-11 11:09:19.232+00,2026-08-05 11:09:19.232+00,483561ee-4978-4ec5-bc44-6274d0dba919,Warm,f,,0,AUTOMATIC,Reply to Lead,,,ffec5efc-4483-451b-b256-64f797a5fb9f,,,,,,,,
571f1078-fe29-4432-8767-819a85830119,Patricia,King,Crestview Robotics Group,patricia.king@crestviewroboticsgroup.com,+1 (562) 269-6043,NEW,Executive Referral,FMCG,76,,Cloud Transformation Webinar,,f,f,,,$324k,bb895974-88a7-43fc-bb2c-9e08a5e2d5f2,LD-2025-01055,,,,,0,,,2026-07-08 11:09:19.465+00,2026-08-05 11:09:19.465+00,bfdf8c1f-fe23-4dfb-b2da-5faedf129c36,Warm,f,,0,AUTOMATIC,Reply to Lead,,,bb895974-88a7-43fc-bb2c-9e08a5e2d5f2,,,,,,,,
cb8359cc-fe1b-43f8-8527-2504d27e61ce,Khaled,Al-Masri,Red Sea Dev,khaled@redseadev.sa,+966501234567,NEW,Email,,85,Gmail Mock Integration,GCC Site Cabin Campaign,"{""simulated"":true,""headers"":{""from"":""khaled@redseadev.sa"",""subject"":""Quote request for site cabins""}}",f,f,,,,d495c3f1-f1ca-4a27-b225-1a3bac55381b,LD-2026-01208-8682,,,,,0,,email,2026-08-17 11:51:30.997+00,2026-08-18 04:53:30.799+00,eed70aae-cb82-42cc-a98a-d55cdf52d3b8,Hot,f,,0,AUTOMATIC,Reply to Lead,2026-08-17 13:51:30.997+00,,,,,,,,,,
5ec20223-66b2-4235-9421-6c672cd07145,Khaled,Al-Masri,Red Sea Dev,khaled@redseadev.sa,+966501234567,NEW,Email,,85,Gmail Mock Integration,GCC Site Cabin Campaign,"{""simulated"":true,""headers"":{""from"":""khaled@redseadev.sa"",""subject"":""Quote request for site cabins""}}",f,f,,,,d495c3f1-f1ca-4a27-b225-1a3bac55381b,LD-2026-01211-4754,,,,,0,,email,2026-08-17 11:53:31.098+00,2026-08-18 04:53:30.858+00,eed70aae-cb82-42cc-a98a-d55cdf52d3b8,Hot,f,,0,AUTOMATIC,Reply to Lead,2026-08-17 13:53:31.097+00,,,,,,,,,,
a826418c-4f2c-476a-829a-e03b341b1ef3,Khaled,Al-Masri,Red Sea Dev,khaled@redseadev.sa,+966501234567,NEW,Email,,85,Gmail Mock Integration,GCC Site Cabin Campaign,"{""simulated"":true,""headers"":{""from"":""khaled@redseadev.sa"",""subject"":""Quote request for site cabins""}}",f,f,,,,d495c3f1-f1ca-4a27-b225-1a3bac55381b,LD-2026-01226-7004,,,,,0,,email,2026-08-18 04:55:19.838+00,2026-08-18 05:07:55.315+00,eed70aae-cb82-42cc-a98a-d55cdf52d3b8,Hot,f,,0,AUTOMATIC,Reply to Lead,2026-08-18 06:55:19.838+00,,,,,,,,,,
e2a27029-7a60-4e1c-867a-21647b2c5a48,Hassan,Raza,KFN Holdings,hassan.raza@kfn.com.sa,+966551122334,NEW,LinkedIn,,95,LinkedIn Lead Gen Forms Mock,Enterprise Prefab Buildings,"{""simulated"":true,""linkedin_form_id"":""li_form_993"",""profile_url"":""linkedin.com/in/hassanraza""}",f,f,,,,adc833ad-1be5-41fe-9540-6f265e97aa49,LD-2026-01228-2246,,,,,0,,email,2026-08-18 04:55:23.501+00,2026-08-18 05:07:55.375+00,0d006baa-e2d4-4c4b-989e-9d8bbfe60dc1,Hot,f,,0,AUTOMATIC,Reply to Lead,2026-08-18 06:55:23.501+00,,,,,,,,,,
c495c2aa-d2cd-43df-9ac3-49ebd6a3452e,Yasmin,Qureshi,Designers Hub,yasmin@designershub.com,+971509876543,NEW,Facebook,,85,Meta Ads Lead Form Mock,Prefab Office Ads,"{""simulated"":true,""ad_id"":""meta_ad_prefab_101"",""lead_id"":""fb_lead_55029""}",f,f,,,,c8790cac-50df-4f73-b38d-9f5ae1bf88ce,LD-2026-01229-7399,,,,,0,,email,2026-08-18 04:57:19.886+00,2026-08-18 05:07:55.433+00,eed70aae-cb82-42cc-a98a-d55cdf52d3b8,Hot,f,,0,AUTOMATIC,Reply to Lead,2026-08-18 06:57:19.886+00,,,,,,,,,,
cb6af643-dec2-4db9-956f-e2ad57f00745,Khaled,Al-Masri,Red Sea Dev,khaled@redseadev.sa,+966501234567,NEW,Email,,85,Gmail Mock Integration,GCC Site Cabin Campaign,"{""simulated"":true,""headers"":{""from"":""khaled@redseadev.sa"",""subject"":""Quote request for site cabins""}}",f,f,,,,d495c3f1-f1ca-4a27-b225-1a3bac55381b,LD-2026-01229-3199,,,,,0,,email,2026-08-18 04:57:19.952+00,2026-08-18 05:07:55.491+00,eed70aae-cb82-42cc-a98a-d55cdf52d3b8,Hot,f,,0,AUTOMATIC,Reply to Lead,2026-08-18 06:57:19.952+00,,,,,,,,,,
2f23d997-c2e4-4321-a8de-d7b3fa3efcaf,Tariq,Jameel,BuildCorp LLC,tariq@buildcorp.ae,+971509876543,NEW,Facebook,,85,Meta Ads Lead Form Mock,Prefab Office Ads,"{""simulated"":true,""ad_id"":""meta_ad_prefab_101"",""lead_id"":""fb_lead_55029""}",f,f,,,,695729d5-b8d4-4caf-9188-262a2db133aa,LD-2026-01235-7225,,,,,0,,email,2026-08-18 05:01:27.505+00,2026-08-18 05:07:55.55+00,ef8cd2d6-7fc3-43cc-adbc-a972880998af,Hot,f,,0,AUTOMATIC,Reply to Lead,2026-08-18 07:01:27.505+00,,,,,,,,,,
9a56187d-85a2-4eea-92c6-24041145cd6f,Elizabeth,Brown,Astral Holdings Group,elizabeth.brown@astralholdingsgroup.com,+1 (290) 755-2051,NEW,LinkedIn Outreach,Construction,55,,Inbound Google Organic,,t,f,,,$91k,858fe24e-865c-488f-b1ac-20a02345af1c,LD-2025-01057,,,,,0,,,2026-04-28 11:09:19.933+00,2026-08-05 11:09:19.933+00,42a679ed-ba3b-4b85-bf6a-9d83beb83b78,Warm,f,,0,AUTOMATIC,Reply to Lead,,,858fe24e-865c-488f-b1ac-20a02345af1c,,,,,,,,
f2d45c3f-5d77-4cbe-b83a-74986353df1d,Tariq,Jameel,BuildCorp LLC,tariq@buildcorp.ae,+971509876543,NEW,Facebook,,85,Meta Ads Lead Form Mock,Prefab Office Ads,"{""simulated"":true,""ad_id"":""meta_ad_prefab_101"",""lead_id"":""fb_lead_55029""}",f,f,,,,695729d5-b8d4-4caf-9188-262a2db133aa,LD-2026-01243-2845,,,,,0,,email,2026-08-18 05:05:26.865+00,2026-08-18 05:07:55.609+00,2a3eb533-3bca-4452-a9a6-705ca2b6c49e,Hot,f,,0,AUTOMATIC,Reply to Lead,2026-08-18 07:05:26.864+00,,,,,,,,,,
b42a075d-ab54-4eb5-adae-28da71b0a7dc,Majed,Al-Otaibi,Riyadh Construction,majed@riyadhconst.com,+966501234567,NEW,Email,,85,Gmail Mock Integration,GCC Site Cabin Campaign,"{""simulated"":true,""headers"":{""from"":""majed@riyadhconst.com"",""subject"":""Quote request for site cabins""}}",f,f,,,,e36adc11-50c5-40bd-b627-2db2eb404c50,LD-2026-01243-9690,,,,,0,,email,2026-08-18 05:05:26.919+00,2026-08-18 05:07:55.667+00,2a3eb533-3bca-4452-a9a6-705ca2b6c49e,Hot,f,,0,AUTOMATIC,Reply to Lead,2026-08-18 07:05:26.919+00,,,,,,,,,,
a27227b3-9e7d-41d0-9b6d-104bafd35b8f,Hassan,Raza,KFN Holdings,hassan.raza@kfn.com.sa,+966551122334,NEW,LinkedIn,,95,LinkedIn Lead Gen Forms Mock,Enterprise Prefab Buildings,"{""simulated"":true,""linkedin_form_id"":""li_form_993"",""profile_url"":""linkedin.com/in/hassanraza""}",f,f,,,,adc833ad-1be5-41fe-9540-6f265e97aa49,LD-2026-01244-7795,,,,,0,,email,2026-08-18 05:05:26.958+00,2026-08-18 05:07:55.726+00,2a3eb533-3bca-4452-a9a6-705ca2b6c49e,Hot,f,,0,AUTOMATIC,Reply to Lead,2026-08-18 07:05:26.958+00,,,,,,,,,,
888aff79-0969-4af5-8e60-a23ea4652ba2,Yasmin,Qureshi,Designers Hub,yasmin@designershub.com,+971509876543,NEW,Facebook,,85,Meta Ads Lead Form Mock,Prefab Office Ads,"{""simulated"":true,""ad_id"":""meta_ad_prefab_101"",""lead_id"":""fb_lead_55029""}",f,f,,,,c8790cac-50df-4f73-b38d-9f5ae1bf88ce,LD-2026-01246-2109,,,,,0,,email,2026-08-18 05:07:19.938+00,2026-08-18 05:07:55.784+00,eed70aae-cb82-42cc-a98a-d55cdf52d3b8,Hot,f,,0,AUTOMATIC,Reply to Lead,2026-08-18 07:07:19.937+00,,,,,,,,,,
6d97dc93-672a-466c-8d80-26d50008f635,Yasmin,Qureshi,Designers Hub,yasmin@designershub.com,+971509876543,NEW,Facebook,,85,Meta Ads Lead Form Mock,Prefab Office Ads,"{""simulated"":true,""ad_id"":""meta_ad_prefab_101"",""lead_id"":""fb_lead_55029""}",f,f,,,,c8790cac-50df-4f73-b38d-9f5ae1bf88ce,LD-2026-01226-3653,,,,,0,,email,2026-08-18 04:55:19.839+00,2026-08-18 05:07:55.843+00,eed70aae-cb82-42cc-a98a-d55cdf52d3b8,Hot,f,,0,AUTOMATIC,Reply to Lead,2026-08-18 06:55:19.839+00,,,,,,,,,,
e6566ef0-a2b3-41f6-b334-25bc3c90a0a4,Charles,Jackson,Catalyst Robotics Group,charles.jackson@catalystroboticsgroup.com,+1 (537) 309-1615,NEW,G2 Crowd Lead,Healthcare,71,,Cloud Transformation Webinar,,f,f,,,$202k,4f12f495-b269-41b1-8c98-960d83e9fbf4,LD-2025-01060,,,,,0,,,2026-05-19 11:09:20.643+00,2026-08-05 11:09:20.643+00,483561ee-4978-4ec5-bc44-6274d0dba919,Warm,f,,0,AUTOMATIC,Reply to Lead,,,4f12f495-b269-41b1-8c98-960d83e9fbf4,,,,,,,,
37473409-424d-46a1-8eba-b01989ba8e33,Hassan,Raza,KFN Holdings,hassan.raza@kfn.com.sa,+966551122334,NEW,LinkedIn,,95,LinkedIn Lead Gen Forms Mock,Enterprise Prefab Buildings,"{""simulated"":true,""linkedin_form_id"":""li_form_993"",""profile_url"":""linkedin.com/in/hassanraza""}",f,f,,,,adc833ad-1be5-41fe-9540-6f265e97aa49,LD-2026-01238-4996,,,,,0,,email,2026-08-18 05:03:27.004+00,2026-08-18 05:07:55.901+00,a7059642-3c33-42b6-9307-4860753ba1cc,Hot,f,,0,AUTOMATIC,Reply to Lead,2026-08-18 07:03:27.003+00,,,,,,,,,,
44eec259-890f-4b7b-a9bc-a0529887e01a,Hassan,Raza,KFN Holdings,hassan.raza@kfn.com.sa,+966551122334,NEW,LinkedIn,,95,LinkedIn Lead Gen Forms Mock,Enterprise Prefab Buildings,"{""simulated"":true,""linkedin_form_id"":""li_form_993"",""profile_url"":""linkedin.com/in/hassanraza""}",f,f,,,,adc833ad-1be5-41fe-9540-6f265e97aa49,LD-2026-01247-8443,,,,,0,,email,2026-08-18 05:07:24.984+00,2026-08-18 05:07:55.96+00,2a3eb533-3bca-4452-a9a6-705ca2b6c49e,Hot,f,,0,AUTOMATIC,Reply to Lead,2026-08-18 07:07:24.984+00,,,,,,,,,,
4b3ae4a8-69a5-4912-b9e7-3e4117eb3b65,Nancy,White,Apex Pharmaceuticals Group,nancy.white@apexpharmaceuticalsgroup.com,+1 (932) 880-6470,NEW,WhatsApp Inbound,Manufacturing,69,,Direct Executive Outreach,,f,f,,,$311k,bd2ace4e-acd4-4ad6-bcee-a6703556f367,LD-2025-01061,,,,2026-08-05 11:09:20.878+00,3,,,2025-09-21 11:09:20.878+00,2026-08-05 11:09:20.878+00,5590f73f-33da-422a-98ed-8fd0fb6917f2,Warm,f,,0,AUTOMATIC,Reply to Lead,,,bd2ace4e-acd4-4ad6-bcee-a6703556f367,,,,,,,,
4c056811-9212-4052-b552-fd1381df287b,Majed,Al-Otaibi,Riyadh Construction,majed@riyadhconst.com,+966501234567,NEW,Email,,85,Gmail Mock Integration,GCC Site Cabin Campaign,"{""simulated"":true,""headers"":{""from"":""majed@riyadhconst.com"",""subject"":""Quote request for site cabins""}}",f,f,,,,e36adc11-50c5-40bd-b627-2db2eb404c50,LD-2026-01248-8916,,,,,0,,email,2026-08-18 05:07:25.08+00,2026-08-18 05:07:56.018+00,2a3eb533-3bca-4452-a9a6-705ca2b6c49e,Hot,f,,0,AUTOMATIC,Reply to Lead,2026-08-18 07:07:25.08+00,,,,,,,,,,
5577da37-a482-4741-9e6f-3b07542bec5e,Yasmin,Qureshi,Designers Hub,yasmin@designershub.com,+971509876543,NEW,Facebook,,85,Meta Ads Lead Form Mock,Prefab Office Ads,"{""simulated"":true,""ad_id"":""meta_ad_prefab_101"",""lead_id"":""fb_lead_55029""}",f,f,,,,c8790cac-50df-4f73-b38d-9f5ae1bf88ce,LD-2026-01249-2507,,,,,0,,email,2026-08-18 05:09:45.569+00,2026-08-18 05:24:22.282+00,eed70aae-cb82-42cc-a98a-d55cdf52d3b8,Hot,f,,0,AUTOMATIC,Reply to Lead,2026-08-18 07:09:45.569+00,,,,,,,,,,
c2157e51-ce70-4961-990e-b81f30516ade,Margaret,King,Genesis Systems Group,margaret.king@genesissystemsgroup.com,+1 (364) 919-6692,NEW,Partner Referral,Pharmaceutical,54,,Inbound Google Organic,,f,f,,,$166k,04e6b7c8-a7c0-4730-a3b1-21f3ec80851f,LD-2025-01063,,,,,0,,,2025-11-23 11:09:21.346+00,2026-08-05 11:09:21.346+00,bb643de2-92dc-4e74-8a56-a275688b3f0e,Warm,f,,0,AUTOMATIC,Reply to Lead,,,04e6b7c8-a7c0-4730-a3b1-21f3ec80851f,,,,,,,,
20817898-e46e-4f8f-a027-039bdd2ec094,Mark,Hill,Horizon Energy Group,mark.hill@horizonenergygroup.com,+1 (260) 659-9478,NEW,Direct Mail Campaign,Food & Beverage,53,,LinkedIn Account Based Marketing,,t,f,,,$193k,1c7d06db-8212-427f-ab14-85af593585bd,LD-2025-01064,,,,,0,,,2026-03-17 11:09:21.581+00,2026-08-05 11:09:21.581+00,af8f43bb-c608-4c5a-9968-fdc97c51a924,Warm,f,,0,AUTOMATIC,Reply to Lead,,,1c7d06db-8212-427f-ab14-85af593585bd,,,,,,,,
117caf57-fe7b-40f7-a36d-1af16fefb945,Hassan,Raza,KFN Holdings,hassan.raza@kfn.com.sa,+966551122334,NEW,LinkedIn,,95,LinkedIn Lead Gen Forms Mock,Enterprise Prefab Buildings,"{""simulated"":true,""linkedin_form_id"":""li_form_993"",""profile_url"":""linkedin.com/in/hassanraza""}",f,f,,,,adc833ad-1be5-41fe-9540-6f265e97aa49,LD-2026-01231-7793,,,,,0,,email,2026-08-18 04:57:22.892+00,2026-08-18 05:07:56.077+00,a6b3cb0c-bce8-41fe-8eef-03e0c5490a6f,Hot,f,,0,AUTOMATIC,Reply to Lead,2026-08-18 06:57:22.892+00,,,,,,,,,,
25c069f8-7b18-44b5-8e6b-6f04f04d3adf,Yasmin,Qureshi,Designers Hub,yasmin@designershub.com,+971509876543,NEW,Facebook,,85,Meta Ads Lead Form Mock,Prefab Office Ads,"{""simulated"":true,""ad_id"":""meta_ad_prefab_101"",""lead_id"":""fb_lead_55029""}",f,f,,,,c8790cac-50df-4f73-b38d-9f5ae1bf88ce,LD-2026-01232-3434,,,,,0,,email,2026-08-18 04:59:19.878+00,2026-08-18 05:07:56.135+00,eed70aae-cb82-42cc-a98a-d55cdf52d3b8,Hot,f,,0,AUTOMATIC,Reply to Lead,2026-08-18 06:59:19.878+00,,,,,,,,,,
2d0eae56-2ab6-4183-b569-f085033d4197,Majed,Al-Otaibi,Riyadh Construction,majed@riyadhconst.com,+966501234567,NEW,Email,,85,Gmail Mock Integration,GCC Site Cabin Campaign,"{""simulated"":true,""headers"":{""from"":""majed@riyadhconst.com"",""subject"":""Quote request for site cabins""}}",f,f,,,,e36adc11-50c5-40bd-b627-2db2eb404c50,LD-2026-01233-5061,,,,,0,,email,2026-08-18 04:59:25.373+00,2026-08-18 05:07:56.194+00,a6b3cb0c-bce8-41fe-8eef-03e0c5490a6f,Hot,f,,0,AUTOMATIC,Reply to Lead,2026-08-18 06:59:25.372+00,,,,,,,,,,
df795ccb-3b48-45f3-b93d-9d90a684aa67,Hassan,Raza,KFN Holdings,hassan.raza@kfn.com.sa,+966551122334,NEW,LinkedIn,,95,LinkedIn Lead Gen Forms Mock,Enterprise Prefab Buildings,"{""simulated"":true,""linkedin_form_id"":""li_form_993"",""profile_url"":""linkedin.com/in/hassanraza""}",f,f,,,,adc833ad-1be5-41fe-9540-6f265e97aa49,LD-2026-01234-4502,,,,,0,,email,2026-08-18 04:59:25.465+00,2026-08-18 05:07:56.252+00,a6b3cb0c-bce8-41fe-8eef-03e0c5490a6f,Hot,f,,0,AUTOMATIC,Reply to Lead,2026-08-18 06:59:25.465+00,,,,,,,,,,
e966e9fd-8816-4c8e-b121-3523c7c56f45,Majed,Al-Otaibi,Riyadh Construction,majed@riyadhconst.com,+966501234567,NEW,Email,,85,Gmail Mock Integration,GCC Site Cabin Campaign,"{""simulated"":true,""headers"":{""from"":""majed@riyadhconst.com"",""subject"":""Quote request for site cabins""}}",f,f,,,,e36adc11-50c5-40bd-b627-2db2eb404c50,LD-2026-01235-6939,,,,,0,,email,2026-08-18 05:01:27.506+00,2026-08-18 05:07:56.31+00,ef8cd2d6-7fc3-43cc-adbc-a972880998af,Hot,f,,0,AUTOMATIC,Reply to Lead,2026-08-18 07:01:27.506+00,,,,,,,,,,
22aee947-1316-4d2c-a3a1-aff371e7fc6b,Hassan,Raza,KFN Holdings,hassan.raza@kfn.com.sa,+966551122334,NEW,LinkedIn,,95,LinkedIn Lead Gen Forms Mock,Enterprise Prefab Buildings,"{""simulated"":true,""linkedin_form_id"":""li_form_993"",""profile_url"":""linkedin.com/in/hassanraza""}",f,f,,,,adc833ad-1be5-41fe-9540-6f265e97aa49,LD-2026-01237-7910,,,,,0,,email,2026-08-18 05:01:27.607+00,2026-08-18 05:07:56.369+00,ef8cd2d6-7fc3-43cc-adbc-a972880998af,Hot,f,,0,AUTOMATIC,Reply to Lead,2026-08-18 07:01:27.607+00,,,,,,,,,,
d117d4a8-3918-4941-8051-774c5b3bc1af,Kimberly,Brown,Pinnacle Robotics Group,kimberly.brown@pinnacleroboticsgroup.com,+1 (280) 525-7955,NEW,Executive Referral,FMCG,57,,Inbound Google Organic,,f,f,,,$340k,05e0182a-c179-49a0-bf01-7c1ebe4ada15,LD-2025-01065,,,,,0,,,2025-09-24 11:09:21.818+00,2026-08-05 11:09:21.818+00,957794e0-b1d0-41f9-844a-a7637166bdb2,Warm,f,,0,AUTOMATIC,Reply to Lead,,,05e0182a-c179-49a0-bf01-7c1ebe4ada15,,,,,,,,
a7c88a9d-a955-400a-a44b-d765346e903c,Majed,Al-Otaibi,Riyadh Construction,majed@riyadhconst.com,+966501234567,NEW,Email,,85,Gmail Mock Integration,GCC Site Cabin Campaign,"{""simulated"":true,""headers"":{""from"":""majed@riyadhconst.com"",""subject"":""Quote request for site cabins""}}",f,f,,,,e36adc11-50c5-40bd-b627-2db2eb404c50,LD-2026-01251-9037,,,,,0,,email,2026-08-18 05:09:51.177+00,2026-08-18 05:24:22.616+00,2a3eb533-3bca-4452-a9a6-705ca2b6c49e,Hot,f,,0,AUTOMATIC,Reply to Lead,2026-08-18 07:09:51.177+00,,,,,,,,,,
da070971-6289-4dc5-a7d4-319be974e06a,Yasmin,Qureshi,Designers Hub,yasmin@designershub.com,+971509876543,NEW,Facebook,,85,Meta Ads Lead Form Mock,Prefab Office Ads,"{""simulated"":true,""ad_id"":""meta_ad_prefab_101"",""lead_id"":""fb_lead_55029""}",f,f,,,,c8790cac-50df-4f73-b38d-9f5ae1bf88ce,LD-2026-01255-9972,,,,,0,,email,2026-08-18 05:13:45.486+00,2026-08-18 05:24:23.171+00,eed70aae-cb82-42cc-a98a-d55cdf52d3b8,Hot,f,,0,AUTOMATIC,Reply to Lead,2026-08-18 07:13:45.486+00,,,,,,,,,,
75b52249-db72-433f-b616-397b45bfe419,Khaled,Al-Masri,Red Sea Dev,khaled@redseadev.sa,+966501234567,NEW,Email,,85,Gmail Mock Integration,GCC Site Cabin Campaign,"{""simulated"":true,""headers"":{""from"":""khaled@redseadev.sa"",""subject"":""Quote request for site cabins""}}",f,f,,,,d495c3f1-f1ca-4a27-b225-1a3bac55381b,LD-2026-01255-5368,,,,,0,,email,2026-08-18 05:13:45.54+00,2026-08-18 05:24:23.439+00,eed70aae-cb82-42cc-a98a-d55cdf52d3b8,Hot,f,,0,AUTOMATIC,Reply to Lead,2026-08-18 07:13:45.539+00,,,,,,,,,,
f974f081-89b4-4581-bed4-fc55a623dfe2,Yasmin,Qureshi,Designers Hub,yasmin@designershub.com,+971509876543,NEW,Facebook,,85,Meta Ads Lead Form Mock,Prefab Office Ads,"{""simulated"":true,""ad_id"":""meta_ad_prefab_101"",""lead_id"":""fb_lead_55029""}",f,f,,,,c8790cac-50df-4f73-b38d-9f5ae1bf88ce,LD-2026-01264-5445,,,,,0,,email,2026-08-18 05:19:53.028+00,2026-08-18 05:24:23.815+00,255f20c1-f5f7-4cfc-b3c4-0c60e657b640,Hot,f,,0,AUTOMATIC,Reply to Lead,2026-08-18 07:19:53.027+00,,,,,,,,,,
3882a041-9151-4421-bef6-62c7911ece9e,Hassan,Raza,KFN Holdings,hassan.raza@kfn.com.sa,+966551122334,NEW,LinkedIn,,95,LinkedIn Lead Gen Forms Mock,Enterprise Prefab Buildings,"{""simulated"":true,""linkedin_form_id"":""li_form_993"",""profile_url"":""linkedin.com/in/hassanraza""}",f,f,,,,adc833ad-1be5-41fe-9540-6f265e97aa49,LD-2026-01264-8751,,,,,0,,email,2026-08-18 05:19:53.049+00,2026-08-18 05:24:24.146+00,255f20c1-f5f7-4cfc-b3c4-0c60e657b640,Hot,f,,0,AUTOMATIC,Reply to Lead,2026-08-18 07:19:53.049+00,,,,,,,,,,
83d37c91-8af0-402a-b3b2-56bd7bddafea,Khaled,Al-Masri,Red Sea Dev,khaled@redseadev.sa,+966501234567,NEW,Email,,85,Gmail Mock Integration,GCC Site Cabin Campaign,"{""simulated"":true,""headers"":{""from"":""khaled@redseadev.sa"",""subject"":""Quote request for site cabins""}}",f,f,,,,d495c3f1-f1ca-4a27-b225-1a3bac55381b,LD-2026-01266-8625,,,,,0,,email,2026-08-18 05:19:53.123+00,2026-08-18 05:24:24.526+00,255f20c1-f5f7-4cfc-b3c4-0c60e657b640,Hot,f,,0,AUTOMATIC,Reply to Lead,2026-08-18 07:19:53.122+00,,,,,,,,,,
35582866-e59d-4063-a09e-257f9dec8943,Khaled,Al-Masri,Red Sea Dev,khaled@redseadev.sa,+966501234567,NEW,Email,,85,Gmail Mock Integration,GCC Site Cabin Campaign,"{""simulated"":true,""headers"":{""from"":""khaled@redseadev.sa"",""subject"":""Quote request for site cabins""}}",f,f,,,,d495c3f1-f1ca-4a27-b225-1a3bac55381b,LD-2026-01269-7649,,,,,0,,email,2026-08-18 05:21:52.375+00,2026-08-18 05:24:25.145+00,0d006baa-e2d4-4c4b-989e-9d8bbfe60dc1,Hot,f,,0,AUTOMATIC,Reply to Lead,2026-08-18 07:21:52.375+00,,,,,,,,,,
7eea673e-a71b-44a3-bffd-6010410661e4,Michelle,Wilson,Quantum Holdings Group,michelle.wilson@quantumholdingsgroup.com,+1 (852) 361-2461,NEW,Partner Referral,Construction,79,,LinkedIn Account Based Marketing,,f,f,,,$255k,6922cd0f-1cdf-47d6-b389-cce3df80765c,LD-2025-01067,,,,,0,,,2025-10-14 11:09:22.286+00,2026-08-05 11:09:22.287+00,3e005293-abb2-40e3-bb8d-c83ea7c38f88,Warm,f,,0,AUTOMATIC,Reply to Lead,,,6922cd0f-1cdf-47d6-b389-cce3df80765c,,,,,,,,
16b8e211-5047-4860-a45c-a15bd4086bd2,Khaled,Al-Masri,Red Sea Dev,khaled@redseadev.sa,+966501234567,NEW,Email,,85,Gmail Mock Integration,GCC Site Cabin Campaign,"{""simulated"":true,""headers"":{""from"":""khaled@redseadev.sa"",""subject"":""Quote request for site cabins""}}",f,f,,,,d495c3f1-f1ca-4a27-b225-1a3bac55381b,LD-2026-01252-5873,,,,,0,,email,2026-08-18 05:11:45.575+00,2026-08-18 05:24:26.118+00,eed70aae-cb82-42cc-a98a-d55cdf52d3b8,Hot,f,,0,AUTOMATIC,Reply to Lead,2026-08-18 07:11:45.575+00,,,,,,,,,,
8d4c21d2-caa0-4140-bc2b-cbe932846554,SLA,Breacher,,sla-breach-test@example.com,,New,,,50,,,,f,f,,,,,,,,,,0,,email,2026-08-18 05:03:42.936+00,2026-08-18 05:03:48.353+00,2a3eb533-3bca-4452-a9a6-705ca2b6c49e,Warm,f,,0,AUTOMATIC,Reply to Lead,,,,,,,,,,,
42e4f1e3-dc0b-4cc5-b237-6cd0e3dab383,Hassan,Raza,KFN Holdings,hassan.raza@kfn.com.sa,+966551122334,NEW,LinkedIn,,95,LinkedIn Lead Gen Forms Mock,Enterprise Prefab Buildings,"{""simulated"":true,""linkedin_form_id"":""li_form_993"",""profile_url"":""linkedin.com/in/hassanraza""}",f,f,,,,adc833ad-1be5-41fe-9540-6f265e97aa49,LD-2026-01254-4872,,,,,0,,email,2026-08-18 05:11:48.545+00,2026-08-18 05:24:26.446+00,2a3eb533-3bca-4452-a9a6-705ca2b6c49e,Hot,f,,0,AUTOMATIC,Reply to Lead,2026-08-18 07:11:48.545+00,,,,,,,,,,
d8c84642-1bb7-4417-90f7-54c7831b1a7b,SLA,Breacher,,sla-breach-test@example.com,,Qualified,,,75,,,,f,f,,,,7c8acb4f-3fc7-41c8-abda-e5f5294a40fc,,,,,,0,,email,2026-08-18 05:04:25.8+00,2026-08-18 05:04:35.392+00,2a3eb533-3bca-4452-a9a6-705ca2b6c49e,Warm,f,,0,AUTOMATIC,Schedule Meeting,2026-08-19 05:04:32.083+00,"{""requirement"":""Enterprise deployment"",""estimatedValue"":50000,""budget"":50000,""timeline"":""Within 30 Days"",""decisionMaker"":""Primary Contact"",""productService"":""General Solutions"",""probability"":50,""notes"":"""",""qualifiedAt"":""2026-08-18T05:04:35.391Z"",""qualifiedBy"":""2a3eb533-3bca-4452-a9a6-705ca2b6c49e"",""opportunityId"":""2b955ceb-8524-44ce-8290-0528d48587ba"",""accountId"":""7c8acb4f-3fc7-41c8-abda-e5f5294a40fc""}",,,,,,,,,
2bfb042e-e85c-4645-9295-84d68caa34b4,Tariq,Jameel,BuildCorp LLC,tariq@buildcorp.ae,+971509876543,NEW,Facebook,,85,Meta Ads Lead Form Mock,Prefab Office Ads,"{""simulated"":true,""ad_id"":""meta_ad_prefab_101"",""lead_id"":""fb_lead_55029""}",f,f,,,,695729d5-b8d4-4caf-9188-262a2db133aa,LD-2026-01238-7427,,,,,0,,email,2026-08-18 05:03:27.036+00,2026-08-18 05:07:56.427+00,a7059642-3c33-42b6-9307-4860753ba1cc,Hot,f,,0,AUTOMATIC,Reply to Lead,2026-08-18 07:03:27.035+00,,,,,,,,,,
582618e1-f644-4edc-80e6-b39cca19c04f,Majed,Al-Otaibi,Riyadh Construction,majed@riyadhconst.com,+966501234567,NEW,Email,,85,Gmail Mock Integration,GCC Site Cabin Campaign,"{""simulated"":true,""headers"":{""from"":""majed@riyadhconst.com"",""subject"":""Quote request for site cabins""}}",f,f,,,,e36adc11-50c5-40bd-b627-2db2eb404c50,LD-2026-01240-2178,,,,,0,,email,2026-08-18 05:03:27.125+00,2026-08-18 05:07:56.488+00,a7059642-3c33-42b6-9307-4860753ba1cc,Hot,f,,0,AUTOMATIC,Reply to Lead,2026-08-18 07:03:27.125+00,,,,,,,,,,
13eb78eb-51ad-4140-9932-9869d2e22111,Hassan,Raza,KFN Holdings,hassan.raza@kfn.com.sa,+966551122334,NEW,LinkedIn,,95,LinkedIn Lead Gen Forms Mock,Enterprise Prefab Buildings,"{""simulated"":true,""linkedin_form_id"":""li_form_993"",""profile_url"":""linkedin.com/in/hassanraza""}",f,f,,,,adc833ad-1be5-41fe-9540-6f265e97aa49,LD-2026-01250-9105,,,,,0,,email,2026-08-18 05:09:50.975+00,2026-08-18 05:24:25.421+00,2a3eb533-3bca-4452-a9a6-705ca2b6c49e,Hot,f,,0,AUTOMATIC,Reply to Lead,2026-08-18 07:09:50.975+00,,,,,,,,,,
04c68ed8-e876-47ea-b975-b41bf5e8a76d,John,Jackson,Nexus Systems Group,john.jackson@nexussystemsgroup.com,+1 (208) 941-5451,NEW,G2 Crowd Lead,Technology,63,,Cloud Transformation Webinar,,f,f,,,$176k,a78c7fbc-2a80-4f9e-a179-cf78de6bc10f,LD-2025-01068,,,,,0,,,2026-01-09 11:09:22.524+00,2026-08-05 11:09:22.524+00,7cd4892f-38fe-4d5f-959c-14bf5029b5e6,Warm,f,,0,AUTOMATIC,Reply to Lead,,,a78c7fbc-2a80-4f9e-a179-cf78de6bc10f,,,,,,,,
c5eff4b4-3907-4335-9f65-6e1ccea291bb,Yasmin,Qureshi,Designers Hub,yasmin@designershub.com,+971509876543,NEW,Facebook,,85,Meta Ads Lead Form Mock,Prefab Office Ads,"{""simulated"":true,""ad_id"":""meta_ad_prefab_101"",""lead_id"":""fb_lead_55029""}",f,f,,,,c8790cac-50df-4f73-b38d-9f5ae1bf88ce,LD-2026-01252-5152,,,,,0,,email,2026-08-18 05:11:45.564+00,2026-08-18 05:24:25.662+00,eed70aae-cb82-42cc-a98a-d55cdf52d3b8,Hot,f,,0,AUTOMATIC,Reply to Lead,2026-08-18 07:11:45.564+00,,,,,,,,,,
8b371cfd-3ab7-4275-b99d-473d4b08dbba,Yasmin,Qureshi,Designers Hub,yasmin@designershub.com,+971509876543,NEW,Facebook,,85,Meta Ads Lead Form Mock,Prefab Office Ads,"{""simulated"":true,""ad_id"":""meta_ad_prefab_101"",""lead_id"":""fb_lead_55029""}",f,f,,,,c8790cac-50df-4f73-b38d-9f5ae1bf88ce,LD-2026-01267-9238,,,,,0,,email,2026-08-18 05:21:52.216+00,2026-08-18 05:24:26.69+00,0d006baa-e2d4-4c4b-989e-9d8bbfe60dc1,Hot,f,,0,AUTOMATIC,Reply to Lead,2026-08-18 07:21:52.216+00,,,,,,,,,,
dadff9ac-c38a-4dd9-87ae-4e6c67cf3f57,Hassan,Raza,KFN Holdings,hassan.raza@kfn.com.sa,+966551122334,NEW,LinkedIn,,95,LinkedIn Lead Gen Forms Mock,Enterprise Prefab Buildings,"{""simulated"":true,""linkedin_form_id"":""li_form_993"",""profile_url"":""linkedin.com/in/hassanraza""}",f,f,,,,adc833ad-1be5-41fe-9540-6f265e97aa49,LD-2026-01267-2147,,,,,0,,email,2026-08-18 05:21:52.274+00,2026-08-18 05:24:26.935+00,0d006baa-e2d4-4c4b-989e-9d8bbfe60dc1,Hot,f,,0,AUTOMATIC,Reply to Lead,2026-08-18 07:21:52.274+00,,,,,,,,,,
cd474cb1-e581-4433-9aa7-79d2d87572db,William,Lewis,Beacon Robotics Group,william.lewis@beaconroboticsgroup.com,+1 (801) 824-8622,NEW,Trade Show Expo 2025,Healthcare,72,,Direct Executive Outreach,,f,f,,,$356k,bff1e3d7-07bf-4d36-840b-0d83b78cda0a,LD-2025-01070,,,,,0,,,2025-08-05 11:09:22.999+00,2026-08-05 11:09:22.999+00,e059410e-b03d-4110-8dda-7e2322730e05,Warm,f,,0,AUTOMATIC,Reply to Lead,,,bff1e3d7-07bf-4d36-840b-0d83b78cda0a,,,,,,,,
734aa877-7059-4967-aa64-dd761f1a7cf8,Hassan,Raza,KFN Holdings,hassan.raza@kfn.com.sa,+966551122334,NEW,LinkedIn,,95,LinkedIn Lead Gen Forms Mock,Enterprise Prefab Buildings,"{""simulated"":true,""linkedin_form_id"":""li_form_993"",""profile_url"":""linkedin.com/in/hassanraza""}",f,f,,,,adc833ad-1be5-41fe-9540-6f265e97aa49,LD-2026-01257-2054,,,,,0,,email,2026-08-18 05:13:48.882+00,2026-08-18 05:24:27.313+00,2a3eb533-3bca-4452-a9a6-705ca2b6c49e,Hot,f,,0,AUTOMATIC,Reply to Lead,2026-08-18 07:13:48.882+00,,,,,,,,,,
6f8e70dd-ce2d-4c1a-a635-cd7ad1b37d19,Barbara,King,Sterling Pharmaceuticals Group,barbara.king@sterlingpharmaceuticalsgroup.com,+1 (277) 404-1789,NEW,WhatsApp Inbound,Manufacturing,69,,Inbound Google Organic,,t,f,,,$53k,1e46e8fa-fb49-4667-acf5-0f6b3b431d4a,LD-2025-01071,,,,2026-08-03 11:09:23.233+00,2,,,2025-09-13 11:09:23.233+00,2026-08-05 11:09:23.233+00,5579bbef-b890-4d99-91e2-e017decbd26e,Warm,f,,0,AUTOMATIC,Reply to Lead,,,1e46e8fa-fb49-4667-acf5-0f6b3b431d4a,,,,,,,,
49c4d5e1-75d8-4637-aca4-382c6620dc3c,Joseph,Hill,Synergy Holdings Group,joseph.hill@synergyholdingsgroup.com,+1 (800) 613-8965,NEW,Executive Referral,Automotive,65,,Q1 Enterprise Tech Expo,,f,f,,,$208k,928154de-f1e0-4b45-9c41-3afe0c939040,LD-2025-01072,,,,,0,,,2026-06-15 11:09:23.467+00,2026-08-05 11:09:23.467+00,bb643de2-92dc-4e74-8a56-a275688b3f0e,Warm,f,,0,AUTOMATIC,Reply to Lead,,,928154de-f1e0-4b45-9c41-3afe0c939040,,,,,,,,
39151af9-560a-469c-81e5-6025adf364c0,Sarah,Brown,Velocity Systems Group,sarah.brown@velocitysystemsgroup.com,+1 (340) 153-7700,NEW,LinkedIn Outreach,Pharmaceutical,70,,Executive CXO Summit,,f,f,,,$486k,13322aaa-ec06-4d17-be1d-0c1a1af758fa,LD-2025-01073,,,,,0,,,2025-08-19 11:09:23.701+00,2026-08-05 11:09:23.701+00,aeceeffe-1a87-4ed1-82c9-5b41cc2e4c80,Warm,f,,0,AUTOMATIC,Reply to Lead,,,13322aaa-ec06-4d17-be1d-0c1a1af758fa,,,,,,,,
92d83119-dafb-4469-b672-c725bd9c8240,Lisa,Wilson,Prism Robotics Group,lisa.wilson@prismroboticsgroup.com,+1 (268) 569-5228,NEW,Webinar Series,FMCG,57,,Cloud Transformation Webinar,,f,f,,,$423k,cc317d39-a852-44da-ae6f-470f3e775a6d,LD-2025-01075,,,,,0,,,2026-02-08 11:09:24.17+00,2026-08-05 11:09:24.171+00,e059410e-b03d-4110-8dda-7e2322730e05,Warm,f,,0,AUTOMATIC,Reply to Lead,,,cc317d39-a852-44da-ae6f-470f3e775a6d,,,,,,,,
d9e73e0c-d0bc-452f-b3e1-6645fe1bfb4e,Yasmin,Qureshi,Designers Hub,yasmin@designershub.com,+971509876543,NEW,Facebook,,85,Meta Ads Lead Form Mock,Prefab Office Ads,"{""simulated"":true,""ad_id"":""meta_ad_prefab_101"",""lead_id"":""fb_lead_55029""}",f,f,,,,c8790cac-50df-4f73-b38d-9f5ae1bf88ce,LD-2026-01258-9973,,,,,0,,email,2026-08-18 05:15:53.064+00,2026-08-18 05:24:27.591+00,255f20c1-f5f7-4cfc-b3c4-0c60e657b640,Hot,f,,0,AUTOMATIC,Reply to Lead,2026-08-18 07:15:53.064+00,,,,,,,,,,
9ed266b2-6825-474e-978f-4797d66ab934,Majed,Al-Otaibi,Riyadh Construction,majed@riyadhconst.com,+966501234567,NEW,Email,,85,Gmail Mock Integration,GCC Site Cabin Campaign,"{""simulated"":true,""headers"":{""from"":""majed@riyadhconst.com"",""subject"":""Quote request for site cabins""}}",f,f,,,,e36adc11-50c5-40bd-b627-2db2eb404c50,LD-2026-01258-9492,,,,,0,,email,2026-08-18 05:15:53.103+00,2026-08-18 05:24:27.854+00,255f20c1-f5f7-4cfc-b3c4-0c60e657b640,Hot,f,,0,AUTOMATIC,Reply to Lead,2026-08-18 07:15:53.102+00,,,,,,,,,,
efce383a-a195-47c6-8691-fb8f9471b6e3,Hassan,Raza,KFN Holdings,hassan.raza@kfn.com.sa,+966551122334,NEW,LinkedIn,,95,LinkedIn Lead Gen Forms Mock,Enterprise Prefab Buildings,"{""simulated"":true,""linkedin_form_id"":""li_form_993"",""profile_url"":""linkedin.com/in/hassanraza""}",f,f,,,,adc833ad-1be5-41fe-9540-6f265e97aa49,LD-2026-01258-2367,,,,,0,,email,2026-08-18 05:15:53.123+00,2026-08-18 05:24:28.176+00,255f20c1-f5f7-4cfc-b3c4-0c60e657b640,Hot,f,,0,AUTOMATIC,Reply to Lead,2026-08-18 07:15:53.123+00,,,,,,,,,,
dce5d21e-8642-44b1-a87c-5888551d4865,Tariq,Jameel,BuildCorp LLC,tariq@buildcorp.ae,+971509876543,NEW,Facebook,,85,Meta Ads Lead Form Mock,Prefab Office Ads,"{""simulated"":true,""ad_id"":""meta_ad_prefab_101"",""lead_id"":""fb_lead_55029""}",f,f,,,,695729d5-b8d4-4caf-9188-262a2db133aa,LD-2026-01261-7124,,,,,0,,email,2026-08-18 05:17:52.334+00,2026-08-18 05:24:28.555+00,255f20c1-f5f7-4cfc-b3c4-0c60e657b640,Hot,f,,0,AUTOMATIC,Reply to Lead,2026-08-18 07:17:52.334+00,,,,,,,,,,
f88a7566-3fbf-4f48-9a18-1f18e317981f,Hassan,Raza,KFN Holdings,hassan.raza@kfn.com.sa,+966551122334,NEW,LinkedIn,,95,LinkedIn Lead Gen Forms Mock,Enterprise Prefab Buildings,"{""simulated"":true,""linkedin_form_id"":""li_form_993"",""profile_url"":""linkedin.com/in/hassanraza""}",f,f,,,,adc833ad-1be5-41fe-9540-6f265e97aa49,LD-2026-01261-4480,,,,,0,,email,2026-08-18 05:17:52.34+00,2026-08-18 05:24:28.843+00,255f20c1-f5f7-4cfc-b3c4-0c60e657b640,Hot,f,,0,AUTOMATIC,Reply to Lead,2026-08-18 07:17:52.34+00,,,,,,,,,,
2d0bae47-cad3-498d-9b2a-834f41a55ba8,Majed,Al-Otaibi,Riyadh Construction,majed@riyadhconst.com,+966501234567,NEW,Email,,85,Gmail Mock Integration,GCC Site Cabin Campaign,"{""simulated"":true,""headers"":{""from"":""majed@riyadhconst.com"",""subject"":""Quote request for site cabins""}}",f,f,,,,e36adc11-50c5-40bd-b627-2db2eb404c50,LD-2026-01262-1255,,,,,0,,email,2026-08-18 05:17:52.399+00,2026-08-18 05:24:29.265+00,255f20c1-f5f7-4cfc-b3c4-0c60e657b640,Hot,f,,0,AUTOMATIC,Reply to Lead,2026-08-18 07:17:52.399+00,,,,,,,,,,
6b6c95b8-ac75-4cad-b629-7dcc447ec2d0,Michael,Hill,Summit Pharmaceuticals Group,michael.hill@summitpharmaceuticalsgroup.com,+1 (267) 846-7909,NEW,WhatsApp Inbound,Logistics,87,,Q1 Enterprise Tech Expo,,f,f,,,$61k,8ffda739-8f65-4e81-88bd-98acbcbf7dfa,LD-2025-01056,,,,2026-08-03 11:09:19.699+00,2,,,2025-09-05 11:09:19.699+00,2026-08-11 11:18:36.418+00,604bb8ab-99ba-4134-8053-815900a040c0,Hot,f,,0,AUTOMATIC,Reply to Lead,,,8ffda739-8f65-4e81-88bd-98acbcbf7dfa,,,,,,,,
f4915729-6540-439b-8950-4d6e518ee8a5,Richard,Rodriguez,Veritas Systems Group,richard.rodriguez@veritassystemsgroup.com,+1 (315) 106-6969,NEW,Google Search Ads,Technology,48,,Cloud Transformation Webinar,,f,f,,,$273k,3a11b027-3335-4ec0-8e92-1bb2711636a2,LD-2025-01058,,,,,0,,,2026-07-07 11:09:20.173+00,2026-08-11 11:18:36.479+00,ee399d9c-d933-48d5-b401-306ec7bdc22e,Cold,f,,0,AUTOMATIC,Reply to Lead,,,3a11b027-3335-4ec0-8e92-1bb2711636a2,,,,,,,,
b8eb4835-98ab-4aa8-b630-d29851ed35e8,Jessica,Wilson,Ironclad Energy Group,jessica.wilson@ironcladenergygroup.com,+1 (833) 142-5634,NEW,Executive Referral,Retail,42,,Inbound Google Organic,,f,f,,,$367k,772a2c1d-cdf3-4c9d-809d-a4bc2ee61036,LD-2025-01059,,,,,0,,,2026-01-18 11:09:20.409+00,2026-08-11 11:18:36.539+00,957794e0-b1d0-41f9-844a-a7637166bdb2,Cold,f,,0,AUTOMATIC,Reply to Lead,,,772a2c1d-cdf3-4c9d-809d-a4bc2ee61036,,,,,,,,
f16abcba-93fd-47f0-9764-8a580695504d,Matthew,Lewis,Vanguard Holdings Group,matthew.lewis@vanguardholdingsgroup.com,+1 (542) 613-4877,NEW,Google Search Ads,Automotive,95,,Q1 Enterprise Tech Expo,,f,f,,,$384k,faf41b85-cdfa-4c94-a793-b4b6d71d2080,LD-2025-01062,,,,,0,,,2026-03-29 11:09:21.112+00,2026-08-11 11:18:36.6+00,23ed5e20-b1a5-47fc-ba66-f316a7583f6e,Hot,f,,0,AUTOMATIC,Reply to Lead,,,faf41b85-cdfa-4c94-a793-b4b6d71d2080,,,,,,,,
a6ad7272-1c14-486d-a1f5-6be37b3ed1b8,Andrew,Rodriguez,Titan Pharmaceuticals Group,andrew.rodriguez@titanpharmaceuticalsgroup.com,+1 (305) 417-8220,NEW,WhatsApp Inbound,Logistics,47,,Inbound Google Organic,,f,f,,,$291k,0f86c212-7a93-40c8-9f27-eda83ca34b3e,LD-2025-01066,,,,2026-08-04 11:09:22.052+00,1,,,2026-07-21 11:09:22.052+00,2026-08-11 11:18:36.661+00,bb643de2-92dc-4e74-8a56-a275688b3f0e,Cold,f,,0,AUTOMATIC,Reply to Lead,,,0f86c212-7a93-40c8-9f27-eda83ca34b3e,,,,,,,,
8a062794-2185-4af6-9c01-ce69c24094a7,Yasmin,Qureshi,Designers Hub,yasmin@designershub.com,+971509876543,NEW,Facebook,,85,Meta Ads Lead Form Mock,Prefab Office Ads,"{""simulated"":true,""ad_id"":""meta_ad_prefab_101"",""lead_id"":""fb_lead_55029""}",f,f,,,,c8790cac-50df-4f73-b38d-9f5ae1bf88ce,LD-2026-01270-8430,,,,,0,,email,2026-08-18 05:26:36.088+00,2026-08-18 05:26:37.492+00,0d006baa-e2d4-4c4b-989e-9d8bbfe60dc1,Warm,f,,0,AUTOMATIC,Reply to Lead,2026-08-18 07:26:36.087+00,,c8790cac-50df-4f73-b38d-9f5ae1bf88ce,,,Campaign,Facebook,Meta Ads Lead Form Mock,,"{""channel"":""Facebook"",""sourceType"":""Campaign"",""sourceName"":""Meta Ads Lead Form Mock"",""sourceEntityId"":null,""referringAccountId"":null,""campaignId"":null,""adId"":null,""landingPage"":null,""referrer"":null,""utmSource"":null,""utmMedium"":null,""utmCampaign"":null,""utmTerm"":null,""utmContent"":null,""clickId"":null,""rawPayload"":{""simulated"":true,""ad_id"":""meta_ad_prefab_101"",""lead_id"":""fb_lead_55029""}}","{""channel"":""Facebook"",""sourceType"":""Campaign"",""sourceName"":""Meta Ads Lead Form Mock"",""sourceEntityId"":null,""referringAccountId"":null,""campaignId"":null,""adId"":null,""landingPage"":null,""referrer"":null,""utmSource"":null,""utmMedium"":null,""utmCampaign"":null,""utmTerm"":null,""utmContent"":null,""clickId"":null,""rawPayload"":{""simulated"":true,""ad_id"":""meta_ad_prefab_101"",""lead_id"":""fb_lead_55029""}}"
4f321ffc-8729-4eb9-a794-f2b680a65246,Hassan,Raza,KFN Holdings,hassan.raza@kfn.com.sa,+966551122334,NEW,LinkedIn,,95,LinkedIn Lead Gen Forms Mock,Enterprise Prefab Buildings,"{""simulated"":true,""linkedin_form_id"":""li_form_993"",""profile_url"":""linkedin.com/in/hassanraza""}",f,f,,,,adc833ad-1be5-41fe-9540-6f265e97aa49,LD-2026-01270-8157,,,,,0,,email,2026-08-18 05:26:36.089+00,2026-08-18 05:26:37.493+00,0d006baa-e2d4-4c4b-989e-9d8bbfe60dc1,Warm,f,,0,AUTOMATIC,Reply to Lead,2026-08-18 07:26:36.089+00,,adc833ad-1be5-41fe-9540-6f265e97aa49,,,Campaign,LinkedIn,LinkedIn Lead Gen Forms Mock,,"{""channel"":""LinkedIn"",""sourceType"":""Campaign"",""sourceName"":""LinkedIn Lead Gen Forms Mock"",""sourceEntityId"":null,""referringAccountId"":null,""campaignId"":null,""adId"":null,""landingPage"":null,""referrer"":null,""utmSource"":null,""utmMedium"":null,""utmCampaign"":null,""utmTerm"":null,""utmContent"":null,""clickId"":null,""rawPayload"":{""simulated"":true,""linkedin_form_id"":""li_form_993"",""profile_url"":""linkedin.com/in/hassanraza""}}","{""channel"":""LinkedIn"",""sourceType"":""Campaign"",""sourceName"":""LinkedIn Lead Gen Forms Mock"",""sourceEntityId"":null,""referringAccountId"":null,""campaignId"":null,""adId"":null,""landingPage"":null,""referrer"":null,""utmSource"":null,""utmMedium"":null,""utmCampaign"":null,""utmTerm"":null,""utmContent"":null,""clickId"":null,""rawPayload"":{""simulated"":true,""linkedin_form_id"":""li_form_993"",""profile_url"":""linkedin.com/in/hassanraza""}}"
f2354030-cbba-41d2-a08f-d02fa9bb45ec,Majed,Al-Otaibi,Riyadh Construction,majed@riyadhconst.com,+966501234567,NEW,Email,,85,Gmail Mock Integration,GCC Site Cabin Campaign,"{""simulated"":true,""headers"":{""from"":""majed@riyadhconst.com"",""subject"":""Quote request for site cabins""}}",f,f,,,,e36adc11-50c5-40bd-b627-2db2eb404c50,LD-2026-01270-1911,,,,,0,,email,2026-08-18 05:26:36.216+00,2026-08-18 05:26:37.6+00,0d006baa-e2d4-4c4b-989e-9d8bbfe60dc1,Warm,f,,0,AUTOMATIC,Reply to Lead,2026-08-18 07:26:36.215+00,,e36adc11-50c5-40bd-b627-2db2eb404c50,,,Campaign,Email,Gmail Mock Integration,,"{""channel"":""Email"",""sourceType"":""Campaign"",""sourceName"":""Gmail Mock Integration"",""sourceEntityId"":null,""referringAccountId"":null,""campaignId"":null,""adId"":null,""landingPage"":null,""referrer"":null,""utmSource"":null,""utmMedium"":null,""utmCampaign"":null,""utmTerm"":null,""utmContent"":null,""clickId"":null,""rawPayload"":{""simulated"":true,""headers"":{""from"":""majed@riyadhconst.com"",""subject"":""Quote request for site cabins""}}}","{""channel"":""Email"",""sourceType"":""Campaign"",""sourceName"":""Gmail Mock Integration"",""sourceEntityId"":null,""referringAccountId"":null,""campaignId"":null,""adId"":null,""landingPage"":null,""referrer"":null,""utmSource"":null,""utmMedium"":null,""utmCampaign"":null,""utmTerm"":null,""utmContent"":null,""clickId"":null,""rawPayload"":{""simulated"":true,""headers"":{""from"":""majed@riyadhconst.com"",""subject"":""Quote request for site cabins""}}}"
3b2873e9-0246-497f-8418-aa8ed3800bf0,Jennifer,White,Starlight Energy Group,jennifer.white@starlightenergygroup.com,+1 (277) 170-8228,NEW,Website Organic,Retail,86,,Direct Executive Outreach,,f,f,,,$257k,ebb302f1-47f7-4066-9378-2eb05dd0e3f2,LD-2025-01069,,,,,0,,,2026-01-24 11:09:22.764+00,2026-08-11 11:18:36.722+00,ee399d9c-d933-48d5-b401-306ec7bdc22e,Hot,f,,0,AUTOMATIC,Reply to Lead,,,ebb302f1-47f7-4066-9378-2eb05dd0e3f2,,,,,,,,
a8ee2abc-7393-46f3-a27d-113faf3c846a,Christopher,Rodriguez,Omni Energy Group,christopher.rodriguez@omnienergygroup.com,+1 (539) 438-2772,NEW,WhatsApp Inbound,Food & Beverage,83,,Executive CXO Summit,,f,f,,,$498k,bf230543-be02-465c-9dd2-e181a2eaecc0,LD-2025-01074,,,,,0,,,2025-09-25 11:09:23.936+00,2026-08-11 11:18:36.782+00,44eb7440-fb3c-48fc-80f4-4eefdcbab25e,Hot,f,,0,AUTOMATIC,Reply to Lead,,,bf230543-be02-465c-9dd2-e181a2eaecc0,,,,,,,,
199ea1ab-afe6-42ed-adce-47bb24ee7eb5,Sandra,White,Helios Holdings Group,sandra.white@heliosholdingsgroup.com,+1 (687) 441-3389,NEW,Partner Referral,Construction,94,,Executive CXO Summit,,f,f,,,$68k,4c823b82-54e1-4252-aaf0-fc85fc2c1d19,LD-2025-01077,,,,,0,,,2026-03-21 11:09:24.639+00,2026-08-11 11:18:36.904+00,aba0e0a8-5ab3-4f71-aa3f-84a3aab4d97a,Hot,f,,0,AUTOMATIC,Reply to Lead,,,4c823b82-54e1-4252-aaf0-fc85fc2c1d19,,,,,,,,
f6706efd-537e-4c0b-ace8-0de254cfbbbb,Kenneth,Hill,Global Robotics Group,kenneth.hill@globalroboticsgroup.com,+1 (628) 564-4016,NEW,G2 Crowd Lead,Healthcare,62,,Direct Executive Outreach,,f,f,,,$239k,446bda77-5583-4d2e-b5b7-9cb040d25041,LD-2025-01080,,,,,0,,,2025-12-15 11:09:25.343+00,2026-08-05 11:09:25.343+00,7486a411-91a0-45ef-80f5-4e0ed4bb891b,Warm,f,,0,AUTOMATIC,Reply to Lead,,,446bda77-5583-4d2e-b5b7-9cb040d25041,,,,,,,,
22f202f9-3ef7-480d-860a-f091bff4d4fd,Mary,Brown,Infinitum Pharmaceuticals Group,mary.brown@infinitumpharmaceuticalsgroup.com,+1 (880) 837-2840,NEW,WhatsApp Inbound,Manufacturing,61,,Cloud Transformation Webinar,,f,f,,,$401k,ea6804a2-e0d8-4583-9d47-8c739438cf8b,LD-2025-01081,,,,2026-08-04 11:09:25.578+00,1,,,2025-08-27 11:09:25.578+00,2026-08-05 11:09:25.578+00,7cd4892f-38fe-4d5f-959c-14bf5029b5e6,Warm,f,,0,AUTOMATIC,Reply to Lead,,,ea6804a2-e0d8-4583-9d47-8c739438cf8b,,,,,,,,
3502a9d3-478b-4abb-b0f4-57c40d7574d2,Robert,Rodriguez,Orion Holdings Group,robert.rodriguez@orionholdingsgroup.com,+1 (578) 370-7099,NEW,Cold Inbound,Automotive,70,,Direct Executive Outreach,,f,f,,,$312k,7b00b488-f07a-4e01-a83c-aeff07e5bd7f,LD-2025-01082,,,,,0,,,2025-09-09 11:09:25.812+00,2026-08-05 11:09:25.812+00,42a679ed-ba3b-4b85-bf6a-9d83beb83b78,Warm,f,,0,AUTOMATIC,Reply to Lead,,,7b00b488-f07a-4e01-a83c-aeff07e5bd7f,,,,,,,,
2f9f119a-c37d-40df-9646-2fd2ef15743d,Linda,Wilson,Equinox Systems Group,linda.wilson@equinoxsystemsgroup.com,+1 (673) 435-2437,NEW,Website Organic,Pharmaceutical,57,,Executive CXO Summit,,f,f,,,$414k,9b0fb6a1-768f-4616-92f5-7a5c92de5f81,LD-2025-01083,,,,,0,,,2025-12-11 11:09:26.047+00,2026-08-05 11:09:26.047+00,4760f22f-427c-460d-8bab-17f36ae27f98,Warm,f,,0,AUTOMATIC,Reply to Lead,,,9b0fb6a1-768f-4616-92f5-7a5c92de5f81,,,,,,,,
f556b39f-d071-4e2c-a6cc-8a032f5f1b0e,David,Jackson,Paramount Energy Group,david.jackson@paramountenergygroup.com,+1 (608) 975-4824,NEW,Cold Inbound,Food & Beverage,70,,Cloud Transformation Webinar,,f,f,,,$369k,bd3478a6-5401-43f0-a1c7-ebb71e0a6462,LD-2025-01084,,,,,0,,,2026-01-04 11:09:26.281+00,2026-08-05 11:09:26.281+00,5579bbef-b890-4d99-91e2-e017decbd26e,Warm,f,,0,AUTOMATIC,Reply to Lead,,,bd3478a6-5401-43f0-a1c7-ebb71e0a6462,,,,,,,,
241a9feb-5124-4bf8-8b67-82a0c7430fa8,Ashley,Wilson,Apex Pharmaceuticals Group,ashley.wilson@apexpharmaceuticalsgroup.com,+1 (424) 989-9072,NEW,WhatsApp Inbound,Manufacturing,68,,Q1 Enterprise Tech Expo,,f,f,,,$461k,37929602-4c05-4469-b87a-e97704335442,LD-2025-01091,,,,2026-08-04 11:09:27.923+00,1,,,2025-09-12 11:09:27.923+00,2026-08-05 11:09:27.923+00,6623fa17-a8cc-4aa2-a9ff-0f08a8c7e6f2,Warm,f,,0,AUTOMATIC,Reply to Lead,,,37929602-4c05-4469-b87a-e97704335442,,,,,,,,
63f2424e-7b5f-42d4-b9f3-644f1eed838b,Steven,Jackson,Vanguard Holdings Group,steven.jackson@vanguardholdingsgroup.com,+1 (409) 693-4534,NEW,LinkedIn Outreach,Automotive,63,,Executive CXO Summit,,t,f,,,$124k,23631fa2-d33a-4b69-bc87-ac5cb4946088,LD-2025-01092,,,,,0,,,2026-03-23 11:09:28.157+00,2026-08-05 11:09:28.157+00,5579bbef-b890-4d99-91e2-e017decbd26e,Warm,f,,0,AUTOMATIC,Reply to Lead,,,23631fa2-d33a-4b69-bc87-ac5cb4946088,,,,,,,,
db645e8f-6557-4bb9-a3d4-1299da1a92b7,Richard,Rodriguez,Nexus Systems Group,richard.rodriguez@nexussystemsgroup.com,+1 (603) 610-6587,NEW,WhatsApp Inbound,Technology,71,,Direct Executive Outreach,,f,f,,,$51k,f21a9175-0a92-4bac-906c-fd5ccb7258f8,LD-2025-01098,,,,,0,,,2026-03-14 11:09:29.563+00,2026-08-05 11:09:29.563+00,604bb8ab-99ba-4134-8053-815900a040c0,Warm,f,,0,AUTOMATIC,Reply to Lead,,,f21a9175-0a92-4bac-906c-fd5ccb7258f8,,,,,,,,
1ba49de4-1dc7-427b-b02e-06c97ca4b093,Jessica,Wilson,Starlight Energy Group,jessica.wilson@starlightenergygroup.com,+1 (595) 453-4142,NEW,Direct Mail Campaign,Retail,67,,Q1 Enterprise Tech Expo,,t,f,,,$187k,fc8cab1d-372f-4f7a-a20e-ce5d684a8d62,LD-2025-01099,,,,,0,,,2026-01-24 11:09:29.797+00,2026-08-05 11:09:29.797+00,ee399d9c-d933-48d5-b401-306ec7bdc22e,Warm,f,,0,AUTOMATIC,Reply to Lead,,,fc8cab1d-372f-4f7a-a20e-ce5d684a8d62,,,,,,,,
2ae266ff-d76e-4d27-82fa-b40ae8a3fa3c,Charles,Jackson,Beacon Robotics Group,charles.jackson@beaconroboticsgroup.com,+1 (257) 445-5499,NEW,Executive Referral,Healthcare,69,,LinkedIn Account Based Marketing,,f,f,,,$126k,4c5eac09-0499-4530-837e-7d35c54816da,LD-2025-01100,,,,,0,,,2026-05-04 11:09:30.033+00,2026-08-05 11:09:30.033+00,4760f22f-427c-460d-8bab-17f36ae27f98,Warm,f,,0,AUTOMATIC,Reply to Lead,,,4c5eac09-0499-4530-837e-7d35c54816da,,,,,,,,
ff58a272-8730-4e19-aaf7-fb6e68ac5688,Nancy,White,Apex Pharmaceuticals Inc.,nancy.white@apexpharmaceuticalsinc.com,+1 (294) 892-8840,NEW,WhatsApp Inbound,Manufacturing,61,,Q1 Enterprise Tech Expo,,f,f,,,$222k,43aa40c7-1fe7-464b-955f-2d1477019e37,LD-2025-01101,,,,2026-08-05 11:09:30.267+00,3,,,2025-11-15 11:09:30.267+00,2026-08-05 11:09:30.267+00,5579bbef-b890-4d99-91e2-e017decbd26e,Warm,f,,0,AUTOMATIC,Reply to Lead,,,43aa40c7-1fe7-464b-955f-2d1477019e37,,,,,,,,
0d32d158-77fc-4e95-aca9-083650078129,Margaret,King,Genesis Systems Inc.,margaret.king@genesissystemsinc.com,+1 (528) 989-7890,NEW,Executive Referral,Pharmaceutical,58,,Direct Executive Outreach,,f,f,,,$116k,9ffa2ead-622b-404c-b159-5c4c8488e79e,LD-2025-01103,,,,,0,,,2025-12-05 11:09:30.735+00,2026-08-05 11:09:30.735+00,5579bbef-b890-4d99-91e2-e017decbd26e,Warm,f,,0,AUTOMATIC,Reply to Lead,,,9ffa2ead-622b-404c-b159-5c4c8488e79e,,,,,,,,
d69caf86-2d30-46e9-ae17-30a2ec7dfc62,Susan,White,Crestview Robotics Group,susan.white@crestviewroboticsgroup.com,+1 (798) 732-3453,NEW,Website Organic,FMCG,87,,Executive CXO Summit,,t,f,,,$207k,82a624c8-69a8-4397-8ae6-b7d7c1319fdb,LD-2025-01085,,,,,0,,,2026-04-13 11:09:26.516+00,2026-08-11 11:18:37.086+00,3e005293-abb2-40e3-bb8d-c83ea7c38f88,Hot,f,,0,AUTOMATIC,Reply to Lead,,,82a624c8-69a8-4397-8ae6-b7d7c1319fdb,,,,,,,,
4c68a365-1e1e-46d1-97ff-9517ac1932e2,Thomas,Lewis,Summit Pharmaceuticals Group,thomas.lewis@summitpharmaceuticalsgroup.com,+1 (744) 962-5097,NEW,WhatsApp Inbound,Logistics,44,,Direct Executive Outreach,,f,f,,,$66k,4128c454-845e-4522-b794-9c72d1f82531,LD-2025-01086,,,,2026-08-04 11:09:26.751+00,1,,,2025-10-29 11:09:26.751+00,2026-08-11 11:18:37.147+00,957794e0-b1d0-41f9-844a-a7637166bdb2,Cold,f,,0,AUTOMATIC,Reply to Lead,,,4128c454-845e-4522-b794-9c72d1f82531,,,,,,,,
cde64cd4-a713-4768-9194-d1f683d102c0,Karen,King,Astral Holdings Group,karen.king@astralholdingsgroup.com,+1 (632) 791-8806,NEW,Trade Show Expo 2025,Construction,86,,Inbound Google Organic,,f,f,,,$51k,4809eb01-562e-4b91-8a98-1976c98cba39,LD-2025-01087,,,,,0,,,2025-12-13 11:09:26.986+00,2026-08-11 11:18:37.207+00,bb643de2-92dc-4e74-8a56-a275688b3f0e,Hot,f,,0,AUTOMATIC,Reply to Lead,,,4809eb01-562e-4b91-8a98-1976c98cba39,,,,,,,,
43708266-2b7b-46a6-b952-0f68257aefa6,Daniel,Hill,Veritas Systems Group,daniel.hill@veritassystemsgroup.com,+1 (612) 436-6560,NEW,LinkedIn Outreach,Technology,84,,Executive CXO Summit,,f,f,,,$181k,50f729ac-8a5f-4efa-bca2-09519990e6eb,LD-2025-01088,,,,,0,,,2026-07-20 11:09:27.22+00,2026-08-11 11:18:37.268+00,23ed5e20-b1a5-47fc-ba66-f316a7583f6e,Hot,f,,0,AUTOMATIC,Reply to Lead,,,50f729ac-8a5f-4efa-bca2-09519990e6eb,,,,,,,,
c37a0195-9b7c-4a36-a11f-37cfce630b27,Betty,Brown,Ironclad Energy Group,betty.brown@ironcladenergygroup.com,+1 (249) 307-3397,NEW,Webinar Series,Retail,49,,LinkedIn Account Based Marketing,,f,f,,,$280k,9cc5552f-3104-4ca1-9c45-7dce1faeea5b,LD-2025-01089,,,,,0,,,2026-04-28 11:09:27.454+00,2026-08-11 11:18:37.329+00,1bb812ed-075a-4220-9893-33db0e58443c,Cold,f,,0,AUTOMATIC,Reply to Lead,,,9cc5552f-3104-4ca1-9c45-7dce1faeea5b,,,,,,,,
6b7a70c9-1cf4-40d4-a40e-e772f11b116a,Donald,Rodriguez,Catalyst Robotics Group,donald.rodriguez@catalystroboticsgroup.com,+1 (608) 171-5798,NEW,G2 Crowd Lead,Healthcare,92,,Inbound Google Organic,,f,f,,,$422k,039a230d-6542-41b3-8b8a-5a92da7bae40,LD-2025-01090,,,,,0,,,2026-01-02 11:09:27.689+00,2026-08-11 11:18:37.389+00,4760f22f-427c-460d-8bab-17f36ae27f98,Hot,f,,0,AUTOMATIC,Reply to Lead,,,039a230d-6542-41b3-8b8a-5a92da7bae40,,,,,,,,
213917d0-0ef6-402c-bb62-ce6cd6deb994,Donna,White,Genesis Systems Group,donna.white@genesissystemsgroup.com,+1 (296) 784-6244,NEW,G2 Crowd Lead,Pharmaceutical,41,,Direct Executive Outreach,,f,f,,,$436k,28a8c0be-39c6-43d4-ad8f-a55c77401dcc,LD-2025-01093,,,,,0,,,2026-05-19 11:09:28.391+00,2026-08-11 11:18:37.45+00,5590f73f-33da-422a-98ed-8fd0fb6917f2,Cold,f,,0,AUTOMATIC,Reply to Lead,,,28a8c0be-39c6-43d4-ad8f-a55c77401dcc,,,,,,,,
c0c6cb6e-9206-4c0a-9862-659614f59f9f,James,Lewis,Horizon Energy Group,james.lewis@horizonenergygroup.com,+1 (664) 697-8989,NEW,Google Search Ads,Food & Beverage,45,,Executive CXO Summit,,f,f,,,$147k,bad2e179-a3be-45ed-a54b-03029fa27f72,LD-2025-01094,,,,,0,,,2026-06-29 11:09:28.627+00,2026-08-11 11:18:37.511+00,7486a411-91a0-45ef-80f5-4e0ed4bb891b,Cold,f,,0,AUTOMATIC,Reply to Lead,,,bad2e179-a3be-45ed-a54b-03029fa27f72,,,,,,,,
c364e938-cd35-45c3-b562-c89549807d17,Patricia,King,Pinnacle Robotics Group,patricia.king@pinnacleroboticsgroup.com,+1 (226) 218-8268,NEW,Webinar Series,FMCG,95,,Inbound Google Organic,,f,f,,,$294k,119dc26f-7e6e-46fe-abc2-49b4ecf585e5,LD-2025-01095,,,,,0,,,2026-05-31 11:09:28.861+00,2026-08-11 11:18:37.572+00,6623fa17-a8cc-4aa2-a9ff-0f08a8c7e6f2,Hot,f,,0,AUTOMATIC,Reply to Lead,,,119dc26f-7e6e-46fe-abc2-49b4ecf585e5,,,,,,,,
3e808997-431c-4a92-800a-19f300448746,Michael,Hill,Titan Pharmaceuticals Group,michael.hill@titanpharmaceuticalsgroup.com,+1 (733) 509-5458,NEW,WhatsApp Inbound,Logistics,37,,Inbound Google Organic,,f,f,,,$493k,e8aa6b7c-68c2-4a0a-ab45-f673aaf7abcc,LD-2025-01096,,,,2026-08-04 11:09:29.095+00,1,,,2026-07-19 11:09:29.095+00,2026-08-11 11:18:37.632+00,1bb812ed-075a-4220-9893-33db0e58443c,Cold,f,,0,AUTOMATIC,Reply to Lead,,,e8aa6b7c-68c2-4a0a-ab45-f673aaf7abcc,,,,,,,,
8a40b89a-4698-4719-958a-a66d9860b66b,Elizabeth,Brown,Quantum Holdings Group,elizabeth.brown@quantumholdingsgroup.com,+1 (719) 894-3650,NEW,Partner Referral,Construction,36,,Inbound Google Organic,,f,f,,,$325k,f97cef7f-bcf4-40d0-be96-f3a6a68b758c,LD-2025-01097,,,,,0,,,2025-08-23 11:09:29.329+00,2026-08-11 11:18:37.693+00,604bb8ab-99ba-4134-8053-815900a040c0,Cold,f,,0,AUTOMATIC,Reply to Lead,,,f97cef7f-bcf4-40d0-be96-f3a6a68b758c,,,,,,,,
a5aec1ca-8af9-41af-a3cd-cda91098f79e,Matthew,Lewis,Vanguard Holdings Inc.,matthew.lewis@vanguardholdingsinc.com,+1 (524) 880-9116,NEW,Executive Referral,Automotive,81,,Direct Executive Outreach,,f,f,,,$180k,978a5ab6-71e7-4d40-8cf8-d1c3ee2ecb5f,LD-2025-01102,,,,,0,,,2025-08-23 11:09:30.501+00,2026-08-11 11:18:37.754+00,7486a411-91a0-45ef-80f5-4e0ed4bb891b,Hot,f,,0,AUTOMATIC,Reply to Lead,,,978a5ab6-71e7-4d40-8cf8-d1c3ee2ecb5f,,,,,,,,
a5257968-8937-45f0-8d6f-2a8530ee4812,Mark,Hill,Horizon Energy Inc.,mark.hill@horizonenergyinc.com,+1 (347) 520-7548,NEW,Website Organic,Food & Beverage,43,,Executive CXO Summit,,f,f,,,$169k,c5486868-dbea-497e-9826-ef2053152713,LD-2025-01104,,,,,0,,,2026-01-04 11:09:30.969+00,2026-08-11 11:18:37.814+00,bfdf8c1f-fe23-4dfb-b2da-5faedf129c36,Cold,f,,0,AUTOMATIC,Reply to Lead,,,c5486868-dbea-497e-9826-ef2053152713,,,,,,,,
e29ed491-a7a9-4f2f-b7e2-7bb31ab54484,Kimberly,Brown,Pinnacle Robotics Inc.,kimberly.brown@pinnacleroboticsinc.com,+1 (413) 203-1697,NEW,G2 Crowd Lead,FMCG,48,,Executive CXO Summit,,f,f,,,$141k,099261bd-f4cb-4545-bf46-3b461d7707ce,LD-2025-01105,,,,,0,,,2025-10-09 11:09:31.202+00,2026-08-11 11:18:37.875+00,23ed5e20-b1a5-47fc-ba66-f316a7583f6e,Cold,f,,0,AUTOMATIC,Reply to Lead,,,099261bd-f4cb-4545-bf46-3b461d7707ce,,,,,,,,
a6decbae-28a2-4288-a1e0-d57740c917fb,Jennifer,White,Starlight Energy Inc.,jennifer.white@starlightenergyinc.com,+1 (290) 761-9886,NEW,Partner Referral,Retail,78,,Cloud Transformation Webinar,,f,f,,,$93k,44eade90-d415-431d-9fad-7547702781a3,LD-2025-01109,,,,,0,,,2026-02-23 11:09:32.141+00,2026-08-05 11:09:32.142+00,7486a411-91a0-45ef-80f5-4e0ed4bb891b,Warm,f,,0,AUTOMATIC,Reply to Lead,,,44eade90-d415-431d-9fad-7547702781a3,,,,,,,,
df845f31-00c3-44d5-a49b-68bc1a8b5c49,William,Lewis,Beacon Robotics Inc.,william.lewis@beaconroboticsinc.com,+1 (413) 346-1401,NEW,Executive Referral,Healthcare,72,,Executive CXO Summit,,f,f,,,$484k,7880754e-f21c-406b-a503-8ab3fe85a6dc,LD-2025-01110,,,,,0,,,2026-06-18 11:09:32.375+00,2026-08-05 11:09:32.375+00,5579bbef-b890-4d99-91e2-e017decbd26e,Warm,f,,0,AUTOMATIC,Reply to Lead,,,7880754e-f21c-406b-a503-8ab3fe85a6dc,,,,,,,,
4538431e-2e00-46c4-8cfb-3adb5a01d24d,Barbara,King,Sterling Pharmaceuticals Inc.,barbara.king@sterlingpharmaceuticalsinc.com,+1 (534) 634-5478,NEW,WhatsApp Inbound,Manufacturing,75,,LinkedIn Account Based Marketing,,f,f,,,$59k,01d1bc6b-8071-4596-a764-a189494a311c,LD-2025-01111,,,,2026-08-04 11:09:32.609+00,3,,,2026-03-01 11:09:32.609+00,2026-08-05 11:09:32.609+00,6623fa17-a8cc-4aa2-a9ff-0f08a8c7e6f2,Warm,f,,0,AUTOMATIC,Reply to Lead,,,01d1bc6b-8071-4596-a764-a189494a311c,,,,,,,,
e1860ab4-fe53-4345-939d-ad46422383af,Christopher,Rodriguez,Omni Energy Inc.,christopher.rodriguez@omnienergyinc.com,+1 (527) 331-8476,NEW,Webinar Series,Food & Beverage,61,,Cloud Transformation Webinar,,f,f,,,$121k,af1d1864-9b90-466d-aaba-0bfef727355c,LD-2025-01114,,,,,0,,,2026-05-31 11:09:33.312+00,2026-08-05 11:09:33.312+00,42a679ed-ba3b-4b85-bf6a-9d83beb83b78,Warm,f,,0,AUTOMATIC,Reply to Lead,,,af1d1864-9b90-466d-aaba-0bfef727355c,,,,,,,,
6a4b1043-c792-4a39-aba2-6ef4e15757a9,Lisa,Wilson,Prism Robotics Inc.,lisa.wilson@prismroboticsinc.com,+1 (454) 711-9201,NEW,Trade Show Expo 2025,FMCG,73,,Cloud Transformation Webinar,,f,f,,,$477k,f3359005-50be-4fb9-90ab-507d7c5e7d99,LD-2025-01115,,,,,0,,,2025-12-17 11:09:33.546+00,2026-08-05 11:09:33.546+00,23ed5e20-b1a5-47fc-ba66-f316a7583f6e,Warm,f,,0,AUTOMATIC,Reply to Lead,,,f3359005-50be-4fb9-90ab-507d7c5e7d99,,,,,,,,
b5d4bdd5-8ce4-4ca0-87e3-e61ee747a1bd,Sandra,White,Helios Holdings Inc.,sandra.white@heliosholdingsinc.com,+1 (231) 970-6792,NEW,Website Organic,Construction,66,,Q1 Enterprise Tech Expo,,f,f,,,$412k,50b659ee-8449-4854-8c7d-a2704c56e320,LD-2025-01117,,,,,0,,,2025-10-03 11:09:34.014+00,2026-08-05 11:09:34.014+00,23ed5e20-b1a5-47fc-ba66-f316a7583f6e,Warm,f,,0,AUTOMATIC,Reply to Lead,,,50b659ee-8449-4854-8c7d-a2704c56e320,,,,,,,,
13fd9136-b824-4954-b165-aa5b1f09d82b,Kenneth,Hill,Global Robotics Inc.,kenneth.hill@globalroboticsinc.com,+1 (733) 562-3339,NEW,Website Organic,Healthcare,77,,Inbound Google Organic,,t,f,,,$112k,d968ffca-de67-45e0-9f70-e3e506e21219,LD-2025-01120,,,,,0,,,2025-08-18 11:09:34.716+00,2026-08-05 11:09:34.716+00,e059410e-b03d-4110-8dda-7e2322730e05,Warm,f,,0,AUTOMATIC,Reply to Lead,,,d968ffca-de67-45e0-9f70-e3e506e21219,,,,,,,,
4c752de4-2aa2-41f2-bd11-5dba52da216b,Mary,Brown,Infinitum Pharmaceuticals Inc.,mary.brown@infinitumpharmaceuticalsinc.com,+1 (594) 474-4532,NEW,WhatsApp Inbound,Manufacturing,76,,Inbound Google Organic,,f,f,,,$411k,d0153f05-406c-4e7b-a7fe-b3f98cf3f4b2,LD-2025-01121,,,,2026-08-03 11:09:34.951+00,1,,,2025-12-22 11:09:34.951+00,2026-08-05 11:09:34.952+00,73dd3a5d-5d54-4be3-bc58-f685204bd378,Warm,f,,0,AUTOMATIC,Reply to Lead,,,d0153f05-406c-4e7b-a7fe-b3f98cf3f4b2,,,,,,,,
daeed097-db02-4a64-b4db-4434cd2c2a0d,Robert,Rodriguez,Orion Holdings Inc.,robert.rodriguez@orionholdingsinc.com,+1 (476) 751-5941,NEW,Webinar Series,Automotive,51,,Q1 Enterprise Tech Expo,,f,f,,,$120k,a7df6bd2-a1c8-4647-a278-7207c58c805c,LD-2025-01122,,,,,0,,,2025-09-17 11:09:35.186+00,2026-08-05 11:09:35.186+00,5579bbef-b890-4d99-91e2-e017decbd26e,Warm,f,,0,AUTOMATIC,Reply to Lead,,,a7df6bd2-a1c8-4647-a278-7207c58c805c,,,,,,,,
6b273cc9-9c71-4bd2-a4f3-bae76f8542a2,Linda,Wilson,Equinox Systems Inc.,linda.wilson@equinoxsystemsinc.com,+1 (510) 805-7264,NEW,G2 Crowd Lead,Pharmaceutical,52,,Direct Executive Outreach,,f,f,,,$421k,78f00908-7fd8-4961-b413-2eb561ea6a21,LD-2025-01123,,,,,0,,,2025-12-11 11:09:35.428+00,2026-08-05 11:09:35.428+00,483561ee-4978-4ec5-bc44-6274d0dba919,Warm,f,,0,AUTOMATIC,Reply to Lead,,,78f00908-7fd8-4961-b413-2eb561ea6a21,,,,,,,,
99d17128-6528-4fe9-b689-5d2d5d1bb1ce,Betty,Brown,Ironclad Energy Inc.,betty.brown@ironcladenergyinc.com,+1 (865) 432-6471,NEW,Google Search Ads,Retail,79,,Executive CXO Summit,,f,f,,,$492k,2f694078-1b63-43a2-bd36-9661faa5afbc,LD-2025-01129,,,,,0,,,2026-02-24 11:09:37.389+00,2026-08-05 11:09:37.39+00,bfdf8c1f-fe23-4dfb-b2da-5faedf129c36,Warm,f,,0,AUTOMATIC,Reply to Lead,,,2f694078-1b63-43a2-bd36-9661faa5afbc,,,,,,,,
93b6bc3e-27c8-4eea-a4ea-433c9f5374e2,Ashley,Wilson,Apex Pharmaceuticals Inc.,ashley.wilson@apexpharmaceuticalsinc.com,+1 (430) 961-9694,NEW,WhatsApp Inbound,Manufacturing,64,,Q1 Enterprise Tech Expo,,f,f,,,$58k,78572ffd-b2af-47e3-bcea-e2c18c1f368c,LD-2025-01131,,,,2026-08-04 11:09:37.859+00,2,,,2025-12-13 11:09:37.859+00,2026-08-05 11:09:37.859+00,5590f73f-33da-422a-98ed-8fd0fb6917f2,Warm,f,,0,AUTOMATIC,Reply to Lead,,,78572ffd-b2af-47e3-bcea-e2c18c1f368c,,,,,,,,
3628e4d6-4833-410e-a59f-abe801eca000,Steven,Jackson,Vanguard Holdings Group,steven.jackson@vanguardholdingsgroup.com,+1 (659) 655-5356,NEW,Partner Referral,Automotive,70,,Inbound Google Organic,,f,f,,,$475k,7be32d2b-6bc4-4cf1-9649-5b2a4171ae6e,LD-2025-01132,,,,,0,,,2026-04-02 11:09:38.094+00,2026-08-05 11:09:38.094+00,e059410e-b03d-4110-8dda-7e2322730e05,Warm,f,,0,AUTOMATIC,Reply to Lead,,,7be32d2b-6bc4-4cf1-9649-5b2a4171ae6e,,,,,,,,
58d31030-cfa2-47c0-9b5c-c0def15f2827,Michelle,Wilson,Quantum Holdings Inc.,michelle.wilson@quantumholdingsinc.com,+1 (370) 669-7106,NEW,Google Search Ads,Construction,98,,LinkedIn Account Based Marketing,,f,f,,,$434k,8a6209ad-6e96-4d32-ba53-0649ffbcb709,LD-2025-01107,,,,,0,,,2025-12-13 11:09:31.672+00,2026-08-11 11:18:37.996+00,5590f73f-33da-422a-98ed-8fd0fb6917f2,Hot,f,,0,AUTOMATIC,Reply to Lead,,,8a6209ad-6e96-4d32-ba53-0649ffbcb709,,,,,,,,
f2f925a2-e19e-4d79-8214-f33f67bb951b,Elizabeth,Brown,Quantum Holdings Group,elizabeth.brown@quantumholdingsgroup.com,+1 (473) 127-3546,NEW,Partner Referral,Construction,70,,Cloud Transformation Webinar,,f,f,,,$420k,1dbfd97b-1edd-480c-a2ff-f95162216b35,LD-2025-01137,,,,,0,,,2025-09-05 11:09:39.264+00,2026-08-05 11:09:39.264+00,44eb7440-fb3c-48fc-80f4-4eefdcbab25e,Warm,f,,0,AUTOMATIC,Reply to Lead,,,1dbfd97b-1edd-480c-a2ff-f95162216b35,,,,,,,,
86750ea5-2671-4a06-9875-8baeb586b8ad,John,Jackson,Nexus Systems Inc.,john.jackson@nexussystemsinc.com,+1 (556) 231-2752,NEW,Executive Referral,Technology,47,,Executive CXO Summit,,f,f,,,$61k,8ca41a77-2c11-499a-9db1-4646cc34946b,LD-2025-01108,,,,,0,,,2026-05-14 11:09:31.907+00,2026-08-11 11:18:38.057+00,6623fa17-a8cc-4aa2-a9ff-0f08a8c7e6f2,Cold,f,,0,AUTOMATIC,Reply to Lead,,,8ca41a77-2c11-499a-9db1-4646cc34946b,,,,,,,,
2fd248ed-6c65-4947-b432-480fc129d6f8,Joseph,Hill,Synergy Holdings Inc.,joseph.hill@synergyholdingsinc.com,+1 (955) 885-1487,NEW,WhatsApp Inbound,Automotive,97,,Q1 Enterprise Tech Expo,,f,f,,,$162k,7f4ab8ee-d105-4011-a8e6-6fa38fc926d7,LD-2025-01112,,,,,0,,,2025-09-15 11:09:32.843+00,2026-08-11 11:18:38.118+00,42a679ed-ba3b-4b85-bf6a-9d83beb83b78,Hot,f,,0,AUTOMATIC,Reply to Lead,,,7f4ab8ee-d105-4011-a8e6-6fa38fc926d7,,,,,,,,
37aff66c-cf6f-4e06-894c-5f6e1c6ac092,Sarah,Brown,Velocity Systems Inc.,sarah.brown@velocitysystemsinc.com,+1 (841) 510-1172,NEW,Website Organic,Pharmaceutical,38,,Q1 Enterprise Tech Expo,,t,f,,,$253k,636bbea6-be8d-4785-afa1-d606dc9b4ca7,LD-2025-01113,,,,,0,,,2025-10-24 11:09:33.078+00,2026-08-11 11:18:38.179+00,7486a411-91a0-45ef-80f5-4e0ed4bb891b,Cold,f,,0,AUTOMATIC,Reply to Lead,,,636bbea6-be8d-4785-afa1-d606dc9b4ca7,,,,,,,,
994df8b4-b410-47fd-b776-eebd7a5fed53,Anthony,Jackson,Matrix Pharmaceuticals Inc.,anthony.jackson@matrixpharmaceuticalsinc.com,+1 (249) 567-6009,NEW,WhatsApp Inbound,Logistics,97,,Cloud Transformation Webinar,,f,f,,,$343k,4ce4b477-acdb-46b9-b7ed-e1c30cac4568,LD-2025-01116,,,,2026-08-04 11:09:33.78+00,3,,,2026-01-03 11:09:33.78+00,2026-08-11 11:18:38.24+00,44eb7440-fb3c-48fc-80f4-4eefdcbab25e,Hot,f,,0,AUTOMATIC,Reply to Lead,,,4ce4b477-acdb-46b9-b7ed-e1c30cac4568,,,,,,,,
e14ecb3d-2806-4c42-9392-5800de959ea8,Paul,Lewis,Aegis Systems Inc.,paul.lewis@aegissystemsinc.com,+1 (766) 433-8708,NEW,Partner Referral,Technology,38,,Executive CXO Summit,,f,f,,,$240k,d1684f4a-9158-4049-9d4d-a1a06b5e5ffa,LD-2025-01118,,,,,0,,,2026-05-18 11:09:34.248+00,2026-08-11 11:18:38.301+00,e059410e-b03d-4110-8dda-7e2322730e05,Cold,f,,0,AUTOMATIC,Reply to Lead,,,d1684f4a-9158-4049-9d4d-a1a06b5e5ffa,,,,,,,,
5edc1fd7-4ad5-42f4-9a58-9e4de9ad6769,Emily,King,Dynamic Energy Inc.,emily.king@dynamicenergyinc.com,+1 (817) 935-7816,NEW,Website Organic,Retail,96,,Q1 Enterprise Tech Expo,,f,f,,,$237k,45880b56-5d45-41a6-8fdb-7cf7d415fee9,LD-2025-01119,,,,,0,,,2025-11-22 11:09:34.481+00,2026-08-11 11:18:38.361+00,7cd4892f-38fe-4d5f-959c-14bf5029b5e6,Hot,f,,0,AUTOMATIC,Reply to Lead,,,45880b56-5d45-41a6-8fdb-7cf7d415fee9,,,,,,,,
629dcf2b-eead-466a-890e-06e078057895,David,Jackson,Paramount Energy Inc.,david.jackson@paramountenergyinc.com,+1 (796) 585-5687,NEW,Webinar Series,Food & Beverage,44,,Inbound Google Organic,,f,f,,,$196k,2ab7e5c9-35f0-4480-ad52-c852f50f0211,LD-2025-01124,,,,,0,,,2026-05-22 11:09:35.667+00,2026-08-11 11:18:38.423+00,7cd4892f-38fe-4d5f-959c-14bf5029b5e6,Cold,f,,0,AUTOMATIC,Reply to Lead,,,2ab7e5c9-35f0-4480-ad52-c852f50f0211,,,,,,,,
e2fa38da-fc6e-448a-88f0-36a6e8809e84,Susan,White,Crestview Robotics Inc.,susan.white@crestviewroboticsinc.com,+1 (931) 531-3249,NEW,Trade Show Expo 2025,FMCG,86,,Inbound Google Organic,,f,f,,,$246k,dbb62477-9e5e-4401-b018-24659ced5447,LD-2025-01125,,,,,0,,,2026-04-29 11:09:36.449+00,2026-08-11 11:18:38.483+00,5590f73f-33da-422a-98ed-8fd0fb6917f2,Hot,f,,0,AUTOMATIC,Reply to Lead,,,dbb62477-9e5e-4401-b018-24659ced5447,,,,,,,,
26249551-d5ee-426f-b353-8aa7d7b51be8,Thomas,Lewis,Summit Pharmaceuticals Inc.,thomas.lewis@summitpharmaceuticalsinc.com,+1 (822) 685-7535,NEW,WhatsApp Inbound,Logistics,47,,Direct Executive Outreach,,f,f,,,$466k,49955880-1394-42cb-a131-04b0ccd39d4d,LD-2025-01126,,,,2026-08-04 11:09:36.684+00,3,,,2026-07-07 11:09:36.684+00,2026-08-11 11:18:38.544+00,42a679ed-ba3b-4b85-bf6a-9d83beb83b78,Cold,f,,0,AUTOMATIC,Reply to Lead,,,49955880-1394-42cb-a131-04b0ccd39d4d,,,,,,,,
10d61aac-76fa-43f4-b21f-873e7c5fd4cc,Karen,King,Astral Holdings Inc.,karen.king@astralholdingsinc.com,+1 (768) 744-5247,NEW,Partner Referral,Construction,94,,LinkedIn Account Based Marketing,,t,f,,,$455k,e77f034c-3351-43e4-b06c-0466d38e2da5,LD-2025-01127,,,,,0,,,2026-06-10 11:09:36.919+00,2026-08-11 11:18:38.605+00,4760f22f-427c-460d-8bab-17f36ae27f98,Hot,f,,0,AUTOMATIC,Reply to Lead,,,e77f034c-3351-43e4-b06c-0466d38e2da5,,,,,,,,
ab415897-0069-40f2-9e92-da7940ce44fd,Daniel,Hill,Veritas Systems Inc.,daniel.hill@veritassystemsinc.com,+1 (641) 938-1085,NEW,Trade Show Expo 2025,Technology,92,,Inbound Google Organic,,f,f,,,$374k,688e39a3-e9b4-46e6-ab8e-a6806bc6730c,LD-2025-01128,,,,,0,,,2026-02-05 11:09:37.157+00,2026-08-11 11:18:38.666+00,1bb812ed-075a-4220-9893-33db0e58443c,Hot,f,,0,AUTOMATIC,Reply to Lead,,,688e39a3-e9b4-46e6-ab8e-a6806bc6730c,,,,,,,,
7c247f7d-40fc-412d-947a-5c415041be5c,Donald,Rodriguez,Catalyst Robotics Inc.,donald.rodriguez@catalystroboticsinc.com,+1 (285) 996-2616,NEW,Trade Show Expo 2025,Healthcare,44,,Cloud Transformation Webinar,,f,f,,,$201k,478a3057-5be6-45b8-a53b-f6e8f200c029,LD-2025-01130,,,,,0,,,2026-04-08 11:09:37.625+00,2026-08-11 11:18:38.726+00,1bb812ed-075a-4220-9893-33db0e58443c,Cold,f,,0,AUTOMATIC,Reply to Lead,,,478a3057-5be6-45b8-a53b-f6e8f200c029,,,,,,,,
40eb1356-d731-4775-8db3-ae8a4cc2c6fb,Sarah's,Client,PepsiCo Global Corp 1786516750097,sarah.client_1786516750097@pepsico.com,,NEW,,,50,,,,f,f,,,,96dc20a2-e38f-4292-ac1b-91db3d9fcd15,,,,,,0,,,2026-08-12 06:39:10.908+00,2026-08-12 06:39:10.908+00,a6b3cb0c-bce8-41fe-8eef-03e0c5490a6f,Warm,f,,0,AUTOMATIC,Reply to Lead,,,96dc20a2-e38f-4292-ac1b-91db3d9fcd15,,,,,,,,
0ceecd2e-6111-41cc-bed4-2d32f599c528,Charles,Jackson,Beacon Robotics Group,charles.jackson@beaconroboticsgroup.com,+1 (694) 698-8555,NEW,Trade Show Expo 2025,Healthcare,69,,Executive CXO Summit,,f,f,,,$180k,dcc85dfc-9e1f-4d7d-af81-c507949b4ade,LD-2025-01140,,,,,0,,,2025-12-14 11:09:39.971+00,2026-08-05 11:09:39.971+00,5590f73f-33da-422a-98ed-8fd0fb6917f2,Warm,f,,0,AUTOMATIC,Reply to Lead,,,dcc85dfc-9e1f-4d7d-af81-c507949b4ade,,,,,,,,
b0af43a9-a566-467c-be25-067ed4a44481,Andrew,Rodriguez,Matrix Pharmaceuticals Group,andrew.rodriguez@matrixpharmaceuticalsgroup.com,+1 (976) 807-5485,NEW,WhatsApp Inbound,Logistics,56,,Executive CXO Summit,,f,f,,,$306k,ec16e03f-6fae-4344-9199-a873a592e170,LD-2025-01146,,,,2026-08-05 11:09:41.379+00,2,,,2026-04-11 11:09:41.379+00,2026-08-05 11:09:41.379+00,1bb812ed-075a-4220-9893-33db0e58443c,Warm,f,,0,AUTOMATIC,Reply to Lead,,,ec16e03f-6fae-4344-9199-a873a592e170,,,,,,,,
18186ae8-24f7-4a2f-bd2b-550be4fa3040,Michelle,Wilson,Helios Holdings Group,michelle.wilson@heliosholdingsgroup.com,+1 (459) 930-2999,NEW,LinkedIn Outreach,Construction,52,,LinkedIn Account Based Marketing,,f,f,,,$157k,d06533e1-c4d3-4dc6-9570-892696133cf1,LD-2025-01147,,,,,0,,,2025-12-02 11:09:41.612+00,2026-08-05 11:09:41.612+00,af8f43bb-c608-4c5a-9968-fdc97c51a924,Warm,f,,0,AUTOMATIC,Reply to Lead,,,d06533e1-c4d3-4dc6-9570-892696133cf1,,,,,,,,
64a1cb4a-c092-47c3-a8c1-e1425727c808,Jennifer,White,Dynamic Energy Group,jennifer.white@dynamicenergygroup.com,+1 (481) 485-8782,NEW,Cold Inbound,Retail,71,,Cloud Transformation Webinar,,f,f,,,$342k,108f4a8a-e7cd-4edf-833c-e94e9aca3c33,LD-2025-01149,,,,,0,,,2026-03-27 11:09:42.08+00,2026-08-05 11:09:42.08+00,e7de7c5d-e62d-48de-9ef9-3791d955ebe1,Warm,f,,0,AUTOMATIC,Reply to Lead,,,108f4a8a-e7cd-4edf-833c-e94e9aca3c33,,,,,,,,
2dcd3dc4-f33f-4386-ae9b-37bc10300327,William,Lewis,Global Robotics Group,william.lewis@globalroboticsgroup.com,+1 (369) 996-6543,NEW,Webinar Series,Healthcare,73,,Cloud Transformation Webinar,,f,f,,,$216k,77fa6aef-8cff-49ec-956b-84de4fe5eec1,LD-2025-01150,,,,,0,,,2026-04-10 11:09:42.314+00,2026-08-05 11:09:42.314+00,bb643de2-92dc-4e74-8a56-a275688b3f0e,Warm,f,,0,AUTOMATIC,Reply to Lead,,,77fa6aef-8cff-49ec-956b-84de4fe5eec1,,,,,,,,
0ab326eb-f058-4172-b0c8-b24521c16a45,Barbara,King,Infinitum Pharmaceuticals Group,barbara.king@infinitumpharmaceuticalsgroup.com,+1 (594) 104-8388,NEW,WhatsApp Inbound,Manufacturing,58,,Direct Executive Outreach,,f,f,,,$88k,e1d32f2d-a8fb-4ce7-9f64-469eb261e242,LD-2025-01151,,,,2026-08-03 11:09:42.549+00,3,,,2026-01-10 11:09:42.549+00,2026-08-05 11:09:42.549+00,73dd3a5d-5d54-4be3-bc58-f685204bd378,Warm,f,,0,AUTOMATIC,Reply to Lead,,,e1d32f2d-a8fb-4ce7-9f64-469eb261e242,,,,,,,,
d3a84949-1957-48dc-827f-1b4b5495c549,Joseph,Hill,Orion Holdings Group,joseph.hill@orionholdingsgroup.com,+1 (949) 299-1405,NEW,Trade Show Expo 2025,Automotive,76,,Q1 Enterprise Tech Expo,,f,f,,,$231k,172f10bc-55dd-4489-a682-f84a75d2ead1,LD-2025-01152,,,,,0,,,2026-06-12 11:09:42.784+00,2026-08-05 11:09:42.784+00,73dd3a5d-5d54-4be3-bc58-f685204bd378,Warm,f,,0,AUTOMATIC,Reply to Lead,,,172f10bc-55dd-4489-a682-f84a75d2ead1,,,,,,,,
5f914f3b-8b8b-42bc-b372-6fcfd26c8d14,Sarah,Brown,Equinox Systems Group,sarah.brown@equinoxsystemsgroup.com,+1 (436) 611-3876,NEW,Webinar Series,Pharmaceutical,70,,Cloud Transformation Webinar,,f,f,,,$343k,90a4e029-3edc-40d9-9712-05f736eb42a7,LD-2025-01153,,,,,0,,,2026-06-12 11:09:43.018+00,2026-08-05 11:09:43.018+00,604bb8ab-99ba-4134-8053-815900a040c0,Warm,f,,0,AUTOMATIC,Reply to Lead,,,90a4e029-3edc-40d9-9712-05f736eb42a7,,,,,,,,
36061286-0229-4d32-be4b-604c954a79c5,Kenneth,Hill,Catalyst Robotics Group,kenneth.hill@catalystroboticsgroup.com,+1 (520) 554-1872,NEW,Trade Show Expo 2025,Healthcare,53,,Executive CXO Summit,,f,f,,,$177k,4f12f495-b269-41b1-8c98-960d83e9fbf4,LD-2025-01160,,,,,0,,,2025-12-28 11:09:44.67+00,2026-08-05 11:09:44.67+00,73dd3a5d-5d54-4be3-bc58-f685204bd378,Warm,f,,0,AUTOMATIC,Reply to Lead,,,4f12f495-b269-41b1-8c98-960d83e9fbf4,,,,,,,,
4a77b3f3-fe72-4348-bfd0-a58fad29463f,Christopher,Rodriguez,Paramount Energy Group,christopher.rodriguez@paramountenergygroup.com,+1 (462) 636-3531,NEW,Direct Mail Campaign,Food & Beverage,50,,LinkedIn Account Based Marketing,,f,f,,,$319k,ffec5efc-4483-451b-b256-64f797a5fb9f,LD-2025-01154,,,,,0,,,2026-05-07 11:09:43.252+00,2026-08-05 11:09:43.252+00,1bb812ed-075a-4220-9893-33db0e58443c,Warm,f,,0,AUTOMATIC,Reply to Lead,,,ffec5efc-4483-451b-b256-64f797a5fb9f,,,,,,,,
c9425fdc-f162-4800-9052-59e3033e358d,Paul,Lewis,Veritas Systems Group,paul.lewis@veritassystemsgroup.com,+1 (548) 448-6056,NEW,Partner Referral,Technology,58,,Q1 Enterprise Tech Expo,,f,f,,,$104k,3a11b027-3335-4ec0-8e92-1bb2711636a2,LD-2025-01158,,,,,0,,,2026-01-12 11:09:44.202+00,2026-08-05 11:09:44.202+00,42a679ed-ba3b-4b85-bf6a-9d83beb83b78,Warm,f,,0,AUTOMATIC,Reply to Lead,,,3a11b027-3335-4ec0-8e92-1bb2711636a2,,,,,,,,
3dcec188-8ff5-4bdf-8b33-e88045aec615,Emily,King,Ironclad Energy Group,emily.king@ironcladenergygroup.com,+1 (359) 688-8658,NEW,G2 Crowd Lead,Retail,53,,LinkedIn Account Based Marketing,,f,f,,,$210k,772a2c1d-cdf3-4c9d-809d-a4bc2ee61036,LD-2025-01159,,,,,0,,,2026-05-23 11:09:44.436+00,2026-08-05 11:09:44.436+00,5590f73f-33da-422a-98ed-8fd0fb6917f2,Warm,f,,0,AUTOMATIC,Reply to Lead,,,772a2c1d-cdf3-4c9d-809d-a4bc2ee61036,,,,,,,,
6d35af14-6936-4b47-803c-4f3a2eb0002b,James,Lewis,Horizon Energy Group,james.lewis@horizonenergygroup.com,+1 (368) 332-7576,NEW,Webinar Series,Food & Beverage,48,,LinkedIn Account Based Marketing,,t,f,,,$499k,efd9e626-374e-419f-9ea4-36fd12bde3b1,LD-2025-01134,,,,,0,,,2025-11-14 11:09:38.562+00,2026-08-11 11:18:38.849+00,e7de7c5d-e62d-48de-9ef9-3791d955ebe1,Cold,f,,0,AUTOMATIC,Reply to Lead,,,efd9e626-374e-419f-9ea4-36fd12bde3b1,,,,,,,,
6c4bec2a-c61f-4a80-83da-4cd4efc7e441,Patricia,King,Pinnacle Robotics Group,patricia.king@pinnacleroboticsgroup.com,+1 (284) 521-5133,NEW,Cold Inbound,FMCG,83,,Cloud Transformation Webinar,,f,f,,,$443k,a5dd3d6d-64ec-4106-85a6-11e3e5a6309f,LD-2025-01135,,,,,0,,,2026-03-07 11:09:38.796+00,2026-08-11 11:18:38.909+00,1bb812ed-075a-4220-9893-33db0e58443c,Hot,f,,0,AUTOMATIC,Reply to Lead,,,a5dd3d6d-64ec-4106-85a6-11e3e5a6309f,,,,,,,,
3d4efca1-6ef1-4803-a068-d333981a0824,Michael,Hill,Titan Pharmaceuticals Group,michael.hill@titanpharmaceuticalsgroup.com,+1 (616) 467-7676,NEW,WhatsApp Inbound,Logistics,97,,LinkedIn Account Based Marketing,,f,f,,,$479k,2aee8d1f-c2a1-47af-84d5-41b6427ecf4c,LD-2025-01136,,,,2026-08-03 11:09:39.031+00,2,,,2026-06-03 11:09:39.031+00,2026-08-11 11:18:38.971+00,aeceeffe-1a87-4ed1-82c9-5b41cc2e4c80,Hot,f,,0,AUTOMATIC,Reply to Lead,,,2aee8d1f-c2a1-47af-84d5-41b6427ecf4c,,,,,,,,
a73d0fbb-1d15-4bde-9933-4ee2f71d1f67,Richard,Rodriguez,Nexus Systems Group,richard.rodriguez@nexussystemsgroup.com,+1 (941) 365-9304,NEW,LinkedIn Outreach,Technology,46,,Executive CXO Summit,,f,f,,,$81k,79643362-51d0-4a00-b203-91ebe70703d6,LD-2025-01138,,,,,0,,,2025-10-12 11:09:39.498+00,2026-08-11 11:18:39.032+00,aeceeffe-1a87-4ed1-82c9-5b41cc2e4c80,Cold,f,,0,AUTOMATIC,Reply to Lead,,,79643362-51d0-4a00-b203-91ebe70703d6,,,,,,,,
019ea42a-8588-4046-b294-4667f4b03c7c,Jessica,Wilson,Starlight Energy Group,jessica.wilson@starlightenergygroup.com,+1 (926) 251-4541,NEW,Partner Referral,Retail,43,,Q1 Enterprise Tech Expo,,f,f,,,$211k,4ba0473e-5b49-4921-8443-2397f9c6eb4b,LD-2025-01139,,,,,0,,,2025-10-14 11:09:39.737+00,2026-08-11 11:18:39.092+00,3e005293-abb2-40e3-bb8d-c83ea7c38f88,Cold,f,,0,AUTOMATIC,Reply to Lead,,,4ba0473e-5b49-4921-8443-2397f9c6eb4b,,,,,,,,
fd64e8b8-c717-4126-bc8d-681b8268beeb,Nancy,White,Sterling Pharmaceuticals Group,nancy.white@sterlingpharmaceuticalsgroup.com,+1 (481) 735-2467,NEW,WhatsApp Inbound,Manufacturing,81,,Executive CXO Summit,,t,f,,,$110k,e3e41a3b-c324-4b7d-a84b-514156c3c2a5,LD-2025-01141,,,,2026-08-03 11:09:40.205+00,2,,,2025-10-23 11:09:40.205+00,2026-08-11 11:18:39.153+00,957794e0-b1d0-41f9-844a-a7637166bdb2,Hot,f,,0,AUTOMATIC,Reply to Lead,,,e3e41a3b-c324-4b7d-a84b-514156c3c2a5,,,,,,,,
dab602d7-b4a2-4a41-9cb2-49c1dd659aa7,Matthew,Lewis,Synergy Holdings Group,matthew.lewis@synergyholdingsgroup.com,+1 (427) 747-1709,NEW,Executive Referral,Automotive,35,,Executive CXO Summit,,f,f,,,$436k,5a8db5a7-7a00-4e6e-bb6d-6f9d85ca1973,LD-2025-01142,,,,,0,,,2025-08-27 11:09:40.44+00,2026-08-11 11:18:39.216+00,23ed5e20-b1a5-47fc-ba66-f316a7583f6e,Cold,f,,0,AUTOMATIC,Reply to Lead,,,5a8db5a7-7a00-4e6e-bb6d-6f9d85ca1973,,,,,,,,
3b5a1c48-d9e2-488b-8fbe-863b9399d9eb,Margaret,King,Velocity Systems Group,margaret.king@velocitysystemsgroup.com,+1 (984) 964-9858,NEW,WhatsApp Inbound,Pharmaceutical,96,,Executive CXO Summit,,f,f,,,$444k,09b18443-1d83-4a99-9f36-95786daaf988,LD-2025-01143,,,,,0,,,2026-03-05 11:09:40.675+00,2026-08-11 11:18:39.279+00,23ed5e20-b1a5-47fc-ba66-f316a7583f6e,Hot,f,,0,AUTOMATIC,Reply to Lead,,,09b18443-1d83-4a99-9f36-95786daaf988,,,,,,,,
d2c28f42-749d-4b2f-8fb8-a0c5c1c36f67,Mark,Hill,Omni Energy Group,mark.hill@omnienergygroup.com,+1 (519) 381-9130,NEW,Trade Show Expo 2025,Food & Beverage,43,,Executive CXO Summit,,f,f,,,$145k,12f4a62d-92cf-4e29-93b9-126d9828178c,LD-2025-01144,,,,,0,,,2025-11-10 11:09:40.909+00,2026-08-11 11:18:39.341+00,73dd3a5d-5d54-4be3-bc58-f685204bd378,Cold,f,,0,AUTOMATIC,Reply to Lead,,,12f4a62d-92cf-4e29-93b9-126d9828178c,,,,,,,,
b2fcc286-c3a5-4544-afc1-31d1eb8f8927,Kimberly,Brown,Prism Robotics Group,kimberly.brown@prismroboticsgroup.com,+1 (369) 659-4730,NEW,Webinar Series,FMCG,88,,Inbound Google Organic,,f,f,,,$326k,478016c6-fd22-45fe-9380-a8b7929c8617,LD-2025-01145,,,,,0,,,2026-07-03 11:09:41.145+00,2026-08-11 11:18:39.402+00,e7de7c5d-e62d-48de-9ef9-3791d955ebe1,Hot,f,,0,AUTOMATIC,Reply to Lead,,,478016c6-fd22-45fe-9380-a8b7929c8617,,,,,,,,
68a361c6-2e56-4561-ac74-95d10690d096,Lisa,Wilson,Crestview Robotics Group,lisa.wilson@crestviewroboticsgroup.com,+1 (551) 467-2793,NEW,LinkedIn Outreach,FMCG,47,,Cloud Transformation Webinar,,t,f,,,$66k,bb895974-88a7-43fc-bb2c-9e08a5e2d5f2,LD-2025-01155,,,,,0,,,2025-11-22 11:09:43.486+00,2026-08-11 11:18:39.524+00,604bb8ab-99ba-4134-8053-815900a040c0,Cold,f,,0,AUTOMATIC,Reply to Lead,,,bb895974-88a7-43fc-bb2c-9e08a5e2d5f2,,,,,,,,
d7ba1222-ca6b-41c2-8fcf-1088ac6775fc,Anthony,Jackson,Summit Pharmaceuticals Group,anthony.jackson@summitpharmaceuticalsgroup.com,+1 (638) 359-9066,NEW,WhatsApp Inbound,Logistics,37,,LinkedIn Account Based Marketing,,f,f,,,$383k,8ffda739-8f65-4e81-88bd-98acbcbf7dfa,LD-2025-01156,,,,2026-08-04 11:09:43.735+00,1,,,2025-11-13 11:09:43.735+00,2026-08-11 11:18:39.584+00,42a679ed-ba3b-4b85-bf6a-9d83beb83b78,Cold,f,,0,AUTOMATIC,Reply to Lead,,,8ffda739-8f65-4e81-88bd-98acbcbf7dfa,,,,,,,,
6263c903-c0b7-4146-8efc-3d84703d6b76,Sandra,White,Astral Holdings Group,sandra.white@astralholdingsgroup.com,+1 (828) 944-5065,NEW,LinkedIn Outreach,Construction,46,,Inbound Google Organic,,f,f,,,$358k,858fe24e-865c-488f-b1ac-20a02345af1c,LD-2025-01157,,,,,0,,,2026-03-04 11:09:43.969+00,2026-08-11 11:18:39.645+00,4760f22f-427c-460d-8bab-17f36ae27f98,Cold,f,,0,AUTOMATIC,Reply to Lead,,,858fe24e-865c-488f-b1ac-20a02345af1c,,,,,,,,
8744649b-9073-4e1b-a56a-cb66dd09465b,Mary,Brown,Apex Pharmaceuticals Group,mary.brown@apexpharmaceuticalsgroup.com,+1 (972) 334-6254,NEW,WhatsApp Inbound,Manufacturing,56,,Q1 Enterprise Tech Expo,,f,f,,,$57k,bd2ace4e-acd4-4ad6-bcee-a6703556f367,LD-2025-01161,,,,2026-08-03 11:09:44.904+00,2,,,2026-05-03 11:09:44.904+00,2026-08-05 11:09:44.904+00,957794e0-b1d0-41f9-844a-a7637166bdb2,Warm,f,,0,AUTOMATIC,Reply to Lead,,,bd2ace4e-acd4-4ad6-bcee-a6703556f367,,,,,,,,
4aefc424-7d42-49dd-a156-f1e8c3712ee9,Robert,Rodriguez,Vanguard Holdings Group,robert.rodriguez@vanguardholdingsgroup.com,+1 (547) 701-5280,NEW,G2 Crowd Lead,Automotive,56,,Cloud Transformation Webinar,,t,f,,,$205k,faf41b85-cdfa-4c94-a793-b4b6d71d2080,LD-2025-01162,,,,,0,,,2026-04-17 11:09:45.138+00,2026-08-05 11:09:45.138+00,5590f73f-33da-422a-98ed-8fd0fb6917f2,Warm,f,,0,AUTOMATIC,Reply to Lead,,,faf41b85-cdfa-4c94-a793-b4b6d71d2080,,,,,,,,
ab20bc54-d3c6-4a46-aca2-ccd765a52d33,Linda,Wilson,Genesis Systems Group,linda.wilson@genesissystemsgroup.com,+1 (654) 487-4944,NEW,G2 Crowd Lead,Pharmaceutical,57,,Cloud Transformation Webinar,,f,f,,,$105k,04e6b7c8-a7c0-4730-a3b1-21f3ec80851f,LD-2025-01163,,,,,0,,,2025-11-09 11:09:45.373+00,2026-08-05 11:09:45.373+00,bb643de2-92dc-4e74-8a56-a275688b3f0e,Warm,f,,0,AUTOMATIC,Reply to Lead,,,04e6b7c8-a7c0-4730-a3b1-21f3ec80851f,,,,,,,,
54b2fcce-b8e3-4db3-a7f9-c44cd91aa2d4,Thomas,Lewis,Titan Pharmaceuticals Group,thomas.lewis@titanpharmaceuticalsgroup.com,+1 (597) 666-3597,NEW,WhatsApp Inbound,Logistics,54,,Executive CXO Summit,,f,f,,,$466k,0f86c212-7a93-40c8-9f27-eda83ca34b3e,LD-2025-01166,,,,2026-08-04 11:09:46.083+00,1,,,2026-04-08 11:09:46.083+00,2026-08-05 11:09:46.083+00,aeceeffe-1a87-4ed1-82c9-5b41cc2e4c80,Warm,f,,0,AUTOMATIC,Reply to Lead,,,0f86c212-7a93-40c8-9f27-eda83ca34b3e,,,,,,,,
81d9e8e0-fc3d-4792-8e92-76a1570ecf0e,Karen,King,Quantum Holdings Group,karen.king@quantumholdingsgroup.com,+1 (802) 267-4266,NEW,Website Organic,Construction,66,,Q1 Enterprise Tech Expo,,f,f,,,$353k,6922cd0f-1cdf-47d6-b389-cce3df80765c,LD-2025-01167,,,,,0,,,2025-09-13 11:09:46.319+00,2026-08-05 11:09:46.32+00,af8f43bb-c608-4c5a-9968-fdc97c51a924,Warm,f,,0,AUTOMATIC,Reply to Lead,,,6922cd0f-1cdf-47d6-b389-cce3df80765c,,,,,,,,
f130e35a-797b-4fdb-a7b4-2482ed53c361,John,Jackson,Veritas Systems Group,john.jackson@veritassystemsgroup.com,+1 (917) 776-1525,NEW,Webinar Series,Technology,60,,Q1 Enterprise Tech Expo,,f,f,,,$128k,50f729ac-8a5f-4efa-bca2-09519990e6eb,LD-2025-01188,,,,,0,,,2026-02-28 11:09:51.292+00,2026-08-05 11:09:51.292+00,e059410e-b03d-4110-8dda-7e2322730e05,Warm,f,,0,AUTOMATIC,Reply to Lead,,,50f729ac-8a5f-4efa-bca2-09519990e6eb,,,,,,,,
810876ab-32bd-4150-8e34-1fadf3063be7,Betty,Brown,Starlight Energy Group,betty.brown@starlightenergygroup.com,+1 (421) 574-6681,NEW,Cold Inbound,Retail,55,,Cloud Transformation Webinar,,t,f,,,$272k,ebb302f1-47f7-4066-9378-2eb05dd0e3f2,LD-2025-01169,,,,,0,,,2026-02-20 11:09:46.792+00,2026-08-05 11:09:46.792+00,1bb812ed-075a-4220-9893-33db0e58443c,Warm,f,,0,AUTOMATIC,Reply to Lead,,,ebb302f1-47f7-4066-9378-2eb05dd0e3f2,,,,,,,,
e99cfe6f-8a94-4566-ad12-ec41f30ce844,Donald,Rodriguez,Beacon Robotics Group,donald.rodriguez@beaconroboticsgroup.com,+1 (475) 352-7132,NEW,Executive Referral,Healthcare,61,,Cloud Transformation Webinar,,f,f,,,$249k,bff1e3d7-07bf-4d36-840b-0d83b78cda0a,LD-2025-01170,,,,,0,,,2026-03-28 11:09:47.029+00,2026-08-05 11:09:47.03+00,ee399d9c-d933-48d5-b401-306ec7bdc22e,Warm,f,,0,AUTOMATIC,Reply to Lead,,,bff1e3d7-07bf-4d36-840b-0d83b78cda0a,,,,,,,,
2a578ca8-4df0-4203-a92f-ca36116b49f1,Ashley,Wilson,Sterling Pharmaceuticals Group,ashley.wilson@sterlingpharmaceuticalsgroup.com,+1 (232) 932-7539,NEW,WhatsApp Inbound,Manufacturing,54,,Inbound Google Organic,,f,f,,,$238k,1e46e8fa-fb49-4667-acf5-0f6b3b431d4a,LD-2025-01171,,,,2026-08-04 11:09:47.266+00,2,,,2026-02-21 11:09:47.266+00,2026-08-05 11:09:47.267+00,483561ee-4978-4ec5-bc44-6274d0dba919,Warm,f,,0,AUTOMATIC,Reply to Lead,,,1e46e8fa-fb49-4667-acf5-0f6b3b431d4a,,,,,,,,
402278ec-9ec9-4ea9-b8a2-9d32b20e38c4,Donna,White,Velocity Systems Group,donna.white@velocitysystemsgroup.com,+1 (785) 527-7859,NEW,LinkedIn Outreach,Pharmaceutical,61,,Inbound Google Organic,,f,f,,,$117k,13322aaa-ec06-4d17-be1d-0c1a1af758fa,LD-2025-01173,,,,,0,,,2025-11-06 11:09:47.74+00,2026-08-05 11:09:47.74+00,af8f43bb-c608-4c5a-9968-fdc97c51a924,Warm,f,,0,AUTOMATIC,Reply to Lead,,,13322aaa-ec06-4d17-be1d-0c1a1af758fa,,,,,,,,
cf3ff20a-1e46-45ba-87bb-07b8c597495f,James,Lewis,Omni Energy Group,james.lewis@omnienergygroup.com,+1 (473) 513-3821,NEW,LinkedIn Outreach,Food & Beverage,61,,Cloud Transformation Webinar,,f,f,,,$387k,bf230543-be02-465c-9dd2-e181a2eaecc0,LD-2025-01174,,,,,0,,,2025-08-26 11:09:47.977+00,2026-08-05 11:09:47.978+00,6623fa17-a8cc-4aa2-a9ff-0f08a8c7e6f2,Warm,f,,0,AUTOMATIC,Reply to Lead,,,bf230543-be02-465c-9dd2-e181a2eaecc0,,,,,,,,
2090ece0-b1b9-4aef-a985-20c5bc9b6dec,Patricia,King,Prism Robotics Group,patricia.king@prismroboticsgroup.com,+1 (431) 385-9821,NEW,WhatsApp Inbound,FMCG,52,,LinkedIn Account Based Marketing,,f,f,,,$353k,cc317d39-a852-44da-ae6f-470f3e775a6d,LD-2025-01175,,,,,0,,,2025-08-18 11:09:48.214+00,2026-08-05 11:09:48.215+00,e059410e-b03d-4110-8dda-7e2322730e05,Warm,f,,0,AUTOMATIC,Reply to Lead,,,cc317d39-a852-44da-ae6f-470f3e775a6d,,,,,,,,
2e62ebd5-6131-40ea-bd87-d4c537ee5d23,Michael,Hill,Matrix Pharmaceuticals Group,michael.hill@matrixpharmaceuticalsgroup.com,+1 (250) 296-3065,NEW,WhatsApp Inbound,Logistics,62,,LinkedIn Account Based Marketing,,t,f,,,$410k,9aecb2fe-2643-4ee5-a0ae-00bb2fc020db,LD-2025-01176,,,,2026-08-03 11:09:48.45+00,2,,,2026-06-01 11:09:48.45+00,2026-08-05 11:09:48.451+00,1bb812ed-075a-4220-9893-33db0e58443c,Warm,f,,0,AUTOMATIC,Reply to Lead,,,9aecb2fe-2643-4ee5-a0ae-00bb2fc020db,,,,,,,,
0f192db2-8762-4adb-8e7d-7b644016aa06,Richard,Rodriguez,Aegis Systems Group,richard.rodriguez@aegissystemsgroup.com,+1 (623) 636-6822,NEW,Website Organic,Technology,60,,Inbound Google Organic,,f,f,,,$122k,fa055f48-ccde-4a5f-ac3b-8dbc0000b7db,LD-2025-01178,,,,,0,,,2025-09-20 11:09:48.925+00,2026-08-05 11:09:48.925+00,1bb812ed-075a-4220-9893-33db0e58443c,Warm,f,,0,AUTOMATIC,Reply to Lead,,,fa055f48-ccde-4a5f-ac3b-8dbc0000b7db,,,,,,,,
74ca3343-ac83-4b81-b70f-1dd3436be021,Mark,Hill,Paramount Energy Group,mark.hill@paramountenergygroup.com,+1 (721) 265-8963,NEW,WhatsApp Inbound,Food & Beverage,77,,LinkedIn Account Based Marketing,,f,f,,,$201k,bd3478a6-5401-43f0-a1c7-ebb71e0a6462,LD-2025-01184,,,,,0,,,2026-03-23 11:09:50.344+00,2026-08-05 11:09:50.345+00,73dd3a5d-5d54-4be3-bc58-f685204bd378,Warm,f,,0,AUTOMATIC,Reply to Lead,,,bd3478a6-5401-43f0-a1c7-ebb71e0a6462,,,,,,,,
7ad87af7-934c-4bf1-b1e1-a37bd73537fc,Kimberly,Brown,Crestview Robotics Group,kimberly.brown@crestviewroboticsgroup.com,+1 (547) 604-3685,NEW,Webinar Series,FMCG,78,,Executive CXO Summit,,f,f,,,$437k,82a624c8-69a8-4397-8ae6-b7d7c1319fdb,LD-2025-01185,,,,,0,,,2025-12-23 11:09:50.58+00,2026-08-05 11:09:50.581+00,e059410e-b03d-4110-8dda-7e2322730e05,Warm,f,,0,AUTOMATIC,Reply to Lead,,,82a624c8-69a8-4397-8ae6-b7d7c1319fdb,,,,,,,,
c07f74ff-0fa3-4e80-b02f-1b9c88d98369,Susan,White,Pinnacle Robotics Group,susan.white@pinnacleroboticsgroup.com,+1 (960) 929-6647,NEW,Executive Referral,FMCG,47,,Q1 Enterprise Tech Expo,,f,f,,,$152k,05e0182a-c179-49a0-bf01-7c1ebe4ada15,LD-2025-01165,,,,,0,,,2026-02-28 11:09:45.845+00,2026-08-11 11:18:39.767+00,bb643de2-92dc-4e74-8a56-a275688b3f0e,Cold,f,,0,AUTOMATIC,Reply to Lead,,,05e0182a-c179-49a0-bf01-7c1ebe4ada15,,,,,,,,
30c0a7a0-7abe-4481-807a-f02bf726f9b4,Daniel,Hill,Nexus Systems Group,daniel.hill@nexussystemsgroup.com,+1 (883) 668-9435,NEW,Executive Referral,Technology,40,,LinkedIn Account Based Marketing,,f,f,,,$157k,a78c7fbc-2a80-4f9e-a179-cf78de6bc10f,LD-2025-01168,,,,,0,,,2026-01-30 11:09:46.556+00,2026-08-11 11:18:39.828+00,af8f43bb-c608-4c5a-9968-fdc97c51a924,Cold,f,,0,AUTOMATIC,Reply to Lead,,,a78c7fbc-2a80-4f9e-a179-cf78de6bc10f,,,,,,,,
76ff1752-40e0-4736-8b12-aff296eb54c0,Steven,Jackson,Synergy Holdings Group,steven.jackson@synergyholdingsgroup.com,+1 (901) 842-2163,NEW,Website Organic,Automotive,44,,LinkedIn Account Based Marketing,,f,f,,,$397k,928154de-f1e0-4b45-9c41-3afe0c939040,LD-2025-01172,,,,,0,,,2025-12-16 11:09:47.503+00,2026-08-11 11:18:39.888+00,44eb7440-fb3c-48fc-80f4-4eefdcbab25e,Cold,f,,0,AUTOMATIC,Reply to Lead,,,928154de-f1e0-4b45-9c41-3afe0c939040,,,,,,,,
2707a843-4b56-41a0-8fa7-70fa24fd10b7,Elizabeth,Brown,Helios Holdings Group,elizabeth.brown@heliosholdingsgroup.com,+1 (995) 272-1333,NEW,Direct Mail Campaign,Construction,95,,Inbound Google Organic,,f,f,,,$129k,4c823b82-54e1-4252-aaf0-fc85fc2c1d19,LD-2025-01177,,,,,0,,,2025-12-08 11:09:48.688+00,2026-08-11 11:18:39.949+00,bfdf8c1f-fe23-4dfb-b2da-5faedf129c36,Hot,f,,0,AUTOMATIC,Reply to Lead,,,4c823b82-54e1-4252-aaf0-fc85fc2c1d19,,,,,,,,
16336fcf-c8f5-4476-b829-7bfafcbdd17f,Jessica,Wilson,Dynamic Energy Group,jessica.wilson@dynamicenergygroup.com,+1 (373) 134-1810,NEW,Google Search Ads,Retail,86,,Direct Executive Outreach,,f,f,,,$426k,66a037e6-a5a1-4338-b448-cac7e6cd9098,LD-2025-01179,,,,,0,,,2026-02-21 11:09:49.162+00,2026-08-11 11:18:40.01+00,3e005293-abb2-40e3-bb8d-c83ea7c38f88,Hot,f,,0,AUTOMATIC,Reply to Lead,,,66a037e6-a5a1-4338-b448-cac7e6cd9098,,,,,,,,
dbb4c470-a0e0-42bb-ae6e-0eccc2f26cdd,Charles,Jackson,Global Robotics Group,charles.jackson@globalroboticsgroup.com,+1 (384) 965-7862,NEW,WhatsApp Inbound,Healthcare,39,,Executive CXO Summit,,f,f,,,$197k,446bda77-5583-4d2e-b5b7-9cb040d25041,LD-2025-01180,,,,,0,,,2026-04-08 11:09:49.399+00,2026-08-11 11:18:40.072+00,23ed5e20-b1a5-47fc-ba66-f316a7583f6e,Cold,f,,0,AUTOMATIC,Reply to Lead,,,446bda77-5583-4d2e-b5b7-9cb040d25041,,,,,,,,
01ed8dae-ca4d-4f55-acde-29618217de98,Matthew,Lewis,Orion Holdings Group,matthew.lewis@orionholdingsgroup.com,+1 (338) 929-7077,NEW,G2 Crowd Lead,Automotive,49,,Executive CXO Summit,,f,f,,,$499k,7b00b488-f07a-4e01-a83c-aeff07e5bd7f,LD-2025-01182,,,,,0,,,2025-08-06 11:09:49.872+00,2026-08-11 11:18:40.195+00,bfdf8c1f-fe23-4dfb-b2da-5faedf129c36,Cold,f,,0,AUTOMATIC,Reply to Lead,,,7b00b488-f07a-4e01-a83c-aeff07e5bd7f,,,,,,,,
4b9c10cc-28ea-4dd5-9bcc-e25721b04f00,Margaret,King,Equinox Systems Group,margaret.king@equinoxsystemsgroup.com,+1 (558) 474-6460,NEW,LinkedIn Outreach,Pharmaceutical,43,,Executive CXO Summit,,t,f,,,$311k,9b0fb6a1-768f-4616-92f5-7a5c92de5f81,LD-2025-01183,,,,,0,,,2026-04-19 11:09:50.108+00,2026-08-11 11:18:40.256+00,aeceeffe-1a87-4ed1-82c9-5b41cc2e4c80,Cold,f,,0,AUTOMATIC,Reply to Lead,,,9b0fb6a1-768f-4616-92f5-7a5c92de5f81,,,,,,,,
799ab5fb-b01a-42a0-8063-5b333c80a0d6,Andrew,Rodriguez,Summit Pharmaceuticals Group,andrew.rodriguez@summitpharmaceuticalsgroup.com,+1 (392) 260-7178,NEW,WhatsApp Inbound,Logistics,37,,Inbound Google Organic,,f,f,,,$141k,4128c454-845e-4522-b794-9c72d1f82531,LD-2025-01186,,,,2026-08-05 11:09:50.817+00,3,,,2026-04-27 11:09:50.817+00,2026-08-11 11:18:40.317+00,957794e0-b1d0-41f9-844a-a7637166bdb2,Cold,f,,0,AUTOMATIC,Reply to Lead,,,4128c454-845e-4522-b794-9c72d1f82531,,,,,,,,
d980e31d-2dae-45c2-8c95-92cc8182b748,William,Lewis,Catalyst Robotics Group,william.lewis@catalystroboticsgroup.com,+1 (411) 136-4619,NEW,Google Search Ads,Healthcare,55,,Cloud Transformation Webinar,,t,f,,,$340k,039a230d-6542-41b3-8b8a-5a92da7bae40,LD-2025-01190,,,,,0,,,2026-03-26 11:09:51.77+00,2026-08-05 11:09:51.77+00,1bb812ed-075a-4220-9893-33db0e58443c,Warm,f,,0,AUTOMATIC,Reply to Lead,,,039a230d-6542-41b3-8b8a-5a92da7bae40,,,,,,,,
21c00e20-cafd-4adf-9cf3-770058581f89,Joseph,Hill,Vanguard Holdings Group,joseph.hill@vanguardholdingsgroup.com,+1 (413) 749-6560,NEW,Webinar Series,Automotive,70,,Executive CXO Summit,,f,f,,,$298k,23631fa2-d33a-4b69-bc87-ac5cb4946088,LD-2025-01192,,,,,0,,,2025-10-27 11:09:52.244+00,2026-08-05 11:09:52.244+00,aba0e0a8-5ab3-4f71-aa3f-84a3aab4d97a,Warm,f,,0,AUTOMATIC,Reply to Lead,,,23631fa2-d33a-4b69-bc87-ac5cb4946088,,,,,,,,
8816ab88-d27e-4270-8f7f-806c60592820,Lisa,Wilson,Pinnacle Robotics Group,lisa.wilson@pinnacleroboticsgroup.com,+1 (990) 810-2863,NEW,G2 Crowd Lead,FMCG,51,,LinkedIn Account Based Marketing,,f,f,,,$111k,119dc26f-7e6e-46fe-abc2-49b4ecf585e5,LD-2025-01195,,,,,0,,,2026-04-17 11:09:52.965+00,2026-08-05 11:09:52.965+00,5590f73f-33da-422a-98ed-8fd0fb6917f2,Warm,f,,0,AUTOMATIC,Reply to Lead,,,119dc26f-7e6e-46fe-abc2-49b4ecf585e5,,,,,,,,
3e31d7e9-61ed-4234-8988-32a504c6e1b6,Anthony,Jackson,Titan Pharmaceuticals Group,anthony.jackson@titanpharmaceuticalsgroup.com,+1 (282) 588-9213,NEW,WhatsApp Inbound,Logistics,50,,Cloud Transformation Webinar,,f,f,,,$87k,e8aa6b7c-68c2-4a0a-ab45-f673aaf7abcc,LD-2025-01196,,,,2026-08-03 11:09:53.201+00,2,,,2026-02-24 11:09:53.201+00,2026-08-05 11:09:53.201+00,af8f43bb-c608-4c5a-9968-fdc97c51a924,Warm,f,,0,AUTOMATIC,Reply to Lead,,,e8aa6b7c-68c2-4a0a-ab45-f673aaf7abcc,,,,,,,,
402a7848-1bd4-4800-acef-43cffb1822da,Emily,King,Starlight Energy Group,emily.king@starlightenergygroup.com,+1 (638) 174-4583,NEW,Cold Inbound,Retail,78,,Direct Executive Outreach,,f,f,,,$69k,fc8cab1d-372f-4f7a-a20e-ce5d684a8d62,LD-2025-01199,,,,,0,,,2026-02-01 11:09:53.911+00,2026-08-05 11:09:53.911+00,44eb7440-fb3c-48fc-80f4-4eefdcbab25e,Warm,f,,0,AUTOMATIC,Reply to Lead,,,fc8cab1d-372f-4f7a-a20e-ce5d684a8d62,,,,,,,,
982614d2-84c8-44db-96ee-29dd9d4c05b6,Kenneth,Hill,Beacon Robotics Group,kenneth.hill@beaconroboticsgroup.com,+1 (437) 123-6543,NEW,G2 Crowd Lead,Healthcare,62,,Direct Executive Outreach,,f,f,,,$348k,4c5eac09-0499-4530-837e-7d35c54816da,LD-2025-01200,,,,,0,,,2026-03-16 11:09:54.149+00,2026-08-05 11:09:54.149+00,604bb8ab-99ba-4134-8053-815900a040c0,Warm,f,,0,AUTOMATIC,Reply to Lead,,,4c5eac09-0499-4530-837e-7d35c54816da,,,,,,,,
cd5be2a0-9844-466e-b877-6b5d02e099b9,Mary,Brown,Apex Pharmaceuticals Inc.,mary.brown@apexpharmaceuticalsinc.com,+1 (717) 960-6184,NEW,WhatsApp Inbound,Manufacturing,73,,Inbound Google Organic,,f,f,,,$172k,43aa40c7-1fe7-464b-955f-2d1477019e37,LD-2025-01201,,,,2026-08-03 11:09:54.384+00,1,,,2025-10-21 11:09:54.384+00,2026-08-05 11:09:54.384+00,bb643de2-92dc-4e74-8a56-a275688b3f0e,Warm,f,,0,AUTOMATIC,Reply to Lead,,,43aa40c7-1fe7-464b-955f-2d1477019e37,,,,,,,,
7f8ab86e-b0f2-45a7-a2d7-a1be8850b97c,Linda,Wilson,Genesis Systems Inc.,linda.wilson@genesissystemsinc.com,+1 (213) 659-7131,NEW,Cold Inbound,Pharmaceutical,52,,Direct Executive Outreach,,f,f,,,$444k,9ffa2ead-622b-404c-b159-5c4c8488e79e,LD-2025-01203,,,,,0,,,2025-09-13 11:09:54.861+00,2026-08-05 11:09:54.861+00,aba0e0a8-5ab3-4f71-aa3f-84a3aab4d97a,Warm,f,,0,AUTOMATIC,Reply to Lead,,,9ffa2ead-622b-404c-b159-5c4c8488e79e,,,,,,,,
5e479f08-8c77-485c-9b1d-1d1421b6a178,Susan,White,Pinnacle Robotics Inc.,susan.white@pinnacleroboticsinc.com,+1 (992) 530-8316,NEW,Webinar Series,FMCG,74,,Executive CXO Summit,,f,f,,,$457k,099261bd-f4cb-4545-bf46-3b461d7707ce,LD-2025-01205,,,,,0,,,2025-10-22 11:09:55.337+00,2026-08-05 11:09:55.338+00,7486a411-91a0-45ef-80f5-4e0ed4bb891b,Warm,f,,0,AUTOMATIC,Reply to Lead,,,099261bd-f4cb-4545-bf46-3b461d7707ce,,,,,,,,
46d370e2-df3e-43bd-80fc-7c423e3a5e9c,Daniel,Hill,Nexus Systems Inc.,daniel.hill@nexussystemsinc.com,+1 (980) 993-4427,NEW,G2 Crowd Lead,Technology,63,,LinkedIn Account Based Marketing,,f,f,,,$285k,8ca41a77-2c11-499a-9db1-4646cc34946b,LD-2025-01208,,,,,0,,,2026-06-21 11:09:56.052+00,2026-08-05 11:09:56.053+00,af8f43bb-c608-4c5a-9968-fdc97c51a924,Warm,f,,0,AUTOMATIC,Reply to Lead,,,8ca41a77-2c11-499a-9db1-4646cc34946b,,,,,,,,
87805be8-2353-4a20-9862-d80af7688dce,Donald,Rodriguez,Beacon Robotics Inc.,donald.rodriguez@beaconroboticsinc.com,+1 (679) 945-7175,NEW,Webinar Series,Healthcare,79,,Direct Executive Outreach,,f,f,,,$231k,7880754e-f21c-406b-a503-8ab3fe85a6dc,LD-2025-01210,,,,,0,,,2026-03-26 11:09:56.53+00,2026-08-05 11:09:56.53+00,44eb7440-fb3c-48fc-80f4-4eefdcbab25e,Warm,f,,0,AUTOMATIC,Reply to Lead,,,7880754e-f21c-406b-a503-8ab3fe85a6dc,,,,,,,,
5536b82b-052f-4f34-8597-794cfb548b88,Jennifer,White,Ironclad Energy Group,jennifer.white@ironcladenergygroup.com,+1 (862) 183-5323,NEW,Direct Mail Campaign,Retail,42,,LinkedIn Account Based Marketing,,f,f,,,$175k,9cc5552f-3104-4ca1-9c45-7dce1faeea5b,LD-2025-01189,,,,,0,,,2025-12-04 11:09:51.528+00,2026-08-11 11:18:40.438+00,483561ee-4978-4ec5-bc44-6274d0dba919,Cold,f,,0,AUTOMATIC,Reply to Lead,,,9cc5552f-3104-4ca1-9c45-7dce1faeea5b,,,,,,,,
bcb8f1a2-bb60-4a45-aef1-8597ff444a93,Barbara,King,Apex Pharmaceuticals Group,barbara.king@apexpharmaceuticalsgroup.com,+1 (951) 993-4703,NEW,WhatsApp Inbound,Manufacturing,35,,Q1 Enterprise Tech Expo,,f,f,,,$179k,37929602-4c05-4469-b87a-e97704335442,LD-2025-01191,,,,2026-08-03 11:09:52.007+00,1,,,2026-01-23 11:09:52.007+00,2026-08-11 11:18:40.499+00,7486a411-91a0-45ef-80f5-4e0ed4bb891b,Cold,f,,0,AUTOMATIC,Reply to Lead,,,37929602-4c05-4469-b87a-e97704335442,,,,,,,,
db5f92e6-5d7a-4024-9c95-3585ec4353a6,Sarah,Brown,Genesis Systems Group,sarah.brown@genesissystemsgroup.com,+1 (781) 228-1965,NEW,Direct Mail Campaign,Pharmaceutical,86,,Cloud Transformation Webinar,,f,f,,,$190k,28a8c0be-39c6-43d4-ad8f-a55c77401dcc,LD-2025-01193,,,,,0,,,2025-11-30 11:09:52.491+00,2026-08-11 11:18:40.559+00,42a679ed-ba3b-4b85-bf6a-9d83beb83b78,Hot,f,,0,AUTOMATIC,Reply to Lead,,,28a8c0be-39c6-43d4-ad8f-a55c77401dcc,,,,,,,,
1536bffb-7464-49fd-8801-02be31e17a04,Christopher,Rodriguez,Horizon Energy Group,christopher.rodriguez@horizonenergygroup.com,+1 (804) 752-2899,NEW,Google Search Ads,Food & Beverage,48,,Executive CXO Summit,,f,f,,,$317k,bad2e179-a3be-45ed-a54b-03029fa27f72,LD-2025-01194,,,,,0,,,2025-08-22 11:09:52.728+00,2026-08-11 11:18:40.62+00,bb643de2-92dc-4e74-8a56-a275688b3f0e,Cold,f,,0,AUTOMATIC,Reply to Lead,,,bad2e179-a3be-45ed-a54b-03029fa27f72,,,,,,,,
c6f76b5e-0131-4860-a8c2-df10de4ebca5,Sandra,White,Quantum Holdings Group,sandra.white@quantumholdingsgroup.com,+1 (235) 797-6866,NEW,Webinar Series,Construction,98,,Executive CXO Summit,,t,f,,,$220k,f97cef7f-bcf4-40d0-be96-f3a6a68b758c,LD-2025-01197,,,,,0,,,2026-07-05 11:09:53.438+00,2026-08-11 11:18:40.681+00,e7de7c5d-e62d-48de-9ef9-3791d955ebe1,Hot,f,,0,AUTOMATIC,Reply to Lead,,,f97cef7f-bcf4-40d0-be96-f3a6a68b758c,,,,,,,,
97d9a43e-696c-47cd-9514-ba64b3a782fa,Paul,Lewis,Nexus Systems Group,paul.lewis@nexussystemsgroup.com,+1 (915) 170-8395,NEW,WhatsApp Inbound,Technology,43,,LinkedIn Account Based Marketing,,f,f,,,$379k,f21a9175-0a92-4bac-906c-fd5ccb7258f8,LD-2025-01198,,,,,0,,,2026-04-25 11:09:53.675+00,2026-08-11 11:18:40.741+00,42a679ed-ba3b-4b85-bf6a-9d83beb83b78,Cold,f,,0,AUTOMATIC,Reply to Lead,,,f21a9175-0a92-4bac-906c-fd5ccb7258f8,,,,,,,,
2ef8f990-5b3a-4466-a5c4-9630fb3891fd,Robert,Rodriguez,Vanguard Holdings Inc.,robert.rodriguez@vanguardholdingsinc.com,+1 (256) 245-1594,NEW,LinkedIn Outreach,Automotive,44,,Q1 Enterprise Tech Expo,,f,f,,,$82k,978a5ab6-71e7-4d40-8cf8-d1c3ee2ecb5f,LD-2025-01202,,,,,0,,,2026-05-24 11:09:54.624+00,2026-08-11 11:18:40.802+00,957794e0-b1d0-41f9-844a-a7637166bdb2,Cold,f,,0,AUTOMATIC,Reply to Lead,,,978a5ab6-71e7-4d40-8cf8-d1c3ee2ecb5f,,,,,,,,
2fc6d20e-2492-43b0-a9a4-6c0d93b3e522,David,Jackson,Horizon Energy Inc.,david.jackson@horizonenergyinc.com,+1 (518) 948-3090,NEW,Trade Show Expo 2025,Food & Beverage,94,,Q1 Enterprise Tech Expo,,t,f,,,$398k,c5486868-dbea-497e-9826-ef2053152713,LD-2025-01204,,,,,0,,,2026-02-20 11:09:55.099+00,2026-08-11 11:18:40.863+00,bb643de2-92dc-4e74-8a56-a275688b3f0e,Hot,f,,0,AUTOMATIC,Reply to Lead,,,c5486868-dbea-497e-9826-ef2053152713,,,,,,,,
675bdbfd-4d47-451f-821e-9a962b110cdc,Thomas,Lewis,Titan Pharmaceuticals Inc.,thomas.lewis@titanpharmaceuticalsinc.com,+1 (293) 507-6750,NEW,WhatsApp Inbound,Logistics,98,,LinkedIn Account Based Marketing,,f,f,,,$129k,dad83353-9b9f-430e-8264-b7767d864bcc,LD-2025-01206,,,,2026-08-04 11:09:55.577+00,3,,,2026-03-20 11:09:55.577+00,2026-08-11 11:18:40.923+00,ee399d9c-d933-48d5-b401-306ec7bdc22e,Hot,f,,0,AUTOMATIC,Reply to Lead,,,dad83353-9b9f-430e-8264-b7767d864bcc,,,,,,,,
690a9904-00d4-460f-be0e-ea08b73e723d,Karen,King,Quantum Holdings Inc.,karen.king@quantumholdingsinc.com,+1 (397) 418-3204,NEW,Partner Referral,Construction,92,,LinkedIn Account Based Marketing,,f,f,,,$462k,8a6209ad-6e96-4d32-ba53-0649ffbcb709,LD-2025-01207,,,,,0,,,2025-11-26 11:09:55.816+00,2026-08-11 11:18:40.984+00,957794e0-b1d0-41f9-844a-a7637166bdb2,Hot,f,,0,AUTOMATIC,Reply to Lead,,,8a6209ad-6e96-4d32-ba53-0649ffbcb709,,,,,,,,
f59857ea-0066-415f-a94f-24298213c336,Betty,Brown,Starlight Energy Inc.,betty.brown@starlightenergyinc.com,+1 (570) 928-1467,NEW,G2 Crowd Lead,Retail,35,,Inbound Google Organic,,f,f,,,$496k,44eade90-d415-431d-9fad-7547702781a3,LD-2025-01209,,,,,0,,,2026-01-30 11:09:56.291+00,2026-08-11 11:18:41.044+00,aeceeffe-1a87-4ed1-82c9-5b41cc2e4c80,Cold,f,,0,AUTOMATIC,Reply to Lead,,,44eade90-d415-431d-9fad-7547702781a3,,,,,,,,
e7ffc162-1b10-4c2b-bce6-14db63de5d96,Steven,Jackson,Synergy Holdings Inc.,steven.jackson@synergyholdingsinc.com,+1 (906) 857-1393,NEW,G2 Crowd Lead,Automotive,93,,Cloud Transformation Webinar,,f,f,,,$341k,7f4ab8ee-d105-4011-a8e6-6fa38fc926d7,LD-2025-01212,,,,,0,,,2025-10-22 11:09:57.038+00,2026-08-11 11:18:41.167+00,604bb8ab-99ba-4134-8053-815900a040c0,Hot,f,,0,AUTOMATIC,Reply to Lead,,,7f4ab8ee-d105-4011-a8e6-6fa38fc926d7,,,,,,,,
3a51d5f3-e365-4327-a956-4db9579058f4,Donna,White,Velocity Systems Inc.,donna.white@velocitysystemsinc.com,+1 (413) 407-6243,NEW,Trade Show Expo 2025,Pharmaceutical,37,,LinkedIn Account Based Marketing,,f,f,,,$233k,636bbea6-be8d-4785-afa1-d606dc9b4ca7,LD-2025-01213,,,,,0,,,2025-08-22 11:09:57.275+00,2026-08-11 11:18:41.227+00,af8f43bb-c608-4c5a-9968-fdc97c51a924,Cold,f,,0,AUTOMATIC,Reply to Lead,,,636bbea6-be8d-4785-afa1-d606dc9b4ca7,,,,,,,,
77e24dee-074a-4820-a0a0-e1e902c7ee00,James,Lewis,Omni Energy Inc.,james.lewis@omnienergyinc.com,+1 (784) 131-3680,NEW,Webinar Series,Food & Beverage,53,,Q1 Enterprise Tech Expo,,f,f,,,$430k,af1d1864-9b90-466d-aaba-0bfef727355c,LD-2025-01214,,,,,0,,,2025-10-29 11:09:57.514+00,2026-08-05 11:09:57.514+00,aeceeffe-1a87-4ed1-82c9-5b41cc2e4c80,Warm,f,,0,AUTOMATIC,Reply to Lead,,,af1d1864-9b90-466d-aaba-0bfef727355c,,,,,,,,
b64c5c75-918d-42c9-98d7-7134c600027e,Mary,Brown,Sterling Pharmaceuticals Group,mary.brown@sterlingpharmaceuticalsgroup.com,+1 (895) 849-7425,NEW,WhatsApp Inbound,Manufacturing,59,,Q1 Enterprise Tech Expo,,f,f,,,$302k,e3e41a3b-c324-4b7d-a84b-514156c3c2a5,LD-2025-01241,,,,2026-08-03 11:10:03.971+00,1,,,2025-12-14 11:10:03.971+00,2026-08-05 11:10:03.971+00,3e005293-abb2-40e3-bb8d-c83ea7c38f88,Warm,f,,0,AUTOMATIC,Reply to Lead,,,e3e41a3b-c324-4b7d-a84b-514156c3c2a5,,,,,,,,
c29d5b2a-8529-4c2c-9e6d-d5b26b1f70ed,Patricia,King,Prism Robotics Inc.,patricia.king@prismroboticsinc.com,+1 (414) 815-6332,NEW,Google Search Ads,FMCG,76,,Q1 Enterprise Tech Expo,,f,f,,,$417k,f3359005-50be-4fb9-90ab-507d7c5e7d99,LD-2025-01215,,,,,0,,,2025-12-31 11:09:57.751+00,2026-08-05 11:09:57.752+00,3e005293-abb2-40e3-bb8d-c83ea7c38f88,Warm,f,,0,AUTOMATIC,Reply to Lead,,,f3359005-50be-4fb9-90ab-507d7c5e7d99,,,,,,,,
7e9bfafa-ceb2-4223-b8f9-1f87a8db2a7b,Elizabeth,Brown,Helios Holdings Inc.,elizabeth.brown@heliosholdingsinc.com,+1 (256) 791-2141,NEW,Trade Show Expo 2025,Construction,64,,Inbound Google Organic,,f,f,,,$241k,50b659ee-8449-4854-8c7d-a2704c56e320,LD-2025-01217,,,,,0,,,2026-05-13 11:09:58.229+00,2026-08-05 11:09:58.229+00,957794e0-b1d0-41f9-844a-a7637166bdb2,Warm,f,,0,AUTOMATIC,Reply to Lead,,,50b659ee-8449-4854-8c7d-a2704c56e320,,,,,,,,
6ac3cc89-f7b2-4177-9cd9-412db7775296,Jessica,Wilson,Dynamic Energy Inc.,jessica.wilson@dynamicenergyinc.com,+1 (824) 159-2946,NEW,Google Search Ads,Retail,50,,Q1 Enterprise Tech Expo,,f,f,,,$411k,45880b56-5d45-41a6-8fdb-7cf7d415fee9,LD-2025-01219,,,,,0,,,2025-09-07 11:09:58.704+00,2026-08-05 11:09:58.704+00,73dd3a5d-5d54-4be3-bc58-f685204bd378,Warm,f,,0,AUTOMATIC,Reply to Lead,,,45880b56-5d45-41a6-8fdb-7cf7d415fee9,,,,,,,,
23fa7de1-4405-471c-af2f-22c3c567dc1b,Charles,Jackson,Global Robotics Inc.,charles.jackson@globalroboticsinc.com,+1 (528) 375-3057,NEW,Cold Inbound,Healthcare,54,,Inbound Google Organic,,f,f,,,$325k,d968ffca-de67-45e0-9f70-e3e506e21219,LD-2025-01220,,,,,0,,,2025-09-03 11:09:58.94+00,2026-08-05 11:09:58.941+00,aeceeffe-1a87-4ed1-82c9-5b41cc2e4c80,Warm,f,,0,AUTOMATIC,Reply to Lead,,,d968ffca-de67-45e0-9f70-e3e506e21219,,,,,,,,
7819a1f4-c1fe-4c3e-823a-52eb2b3dd766,Nancy,White,Infinitum Pharmaceuticals Inc.,nancy.white@infinitumpharmaceuticalsinc.com,+1 (782) 998-8714,NEW,WhatsApp Inbound,Manufacturing,75,,LinkedIn Account Based Marketing,,f,f,,,$88k,d0153f05-406c-4e7b-a7fe-b3f98cf3f4b2,LD-2025-01221,,,,2026-08-03 11:09:59.177+00,1,,,2025-11-27 11:09:59.177+00,2026-08-05 11:09:59.178+00,4760f22f-427c-460d-8bab-17f36ae27f98,Warm,f,,0,AUTOMATIC,Reply to Lead,,,d0153f05-406c-4e7b-a7fe-b3f98cf3f4b2,,,,,,,,
ea5038c0-5b74-4f34-9116-4199a6954e1d,Margaret,King,Equinox Systems Inc.,margaret.king@equinoxsystemsinc.com,+1 (331) 330-5952,NEW,G2 Crowd Lead,Pharmaceutical,76,,Cloud Transformation Webinar,,f,f,,,$369k,78f00908-7fd8-4961-b413-2eb561ea6a21,LD-2025-01223,,,,,0,,,2026-04-11 11:09:59.65+00,2026-08-05 11:09:59.65+00,7486a411-91a0-45ef-80f5-4e0ed4bb891b,Warm,f,,0,AUTOMATIC,Reply to Lead,,,78f00908-7fd8-4961-b413-2eb561ea6a21,,,,,,,,
b11923c2-9a67-42a1-9776-3226fe63ff9e,Mark,Hill,Paramount Energy Inc.,mark.hill@paramountenergyinc.com,+1 (449) 939-4662,NEW,Partner Referral,Food & Beverage,51,,Cloud Transformation Webinar,,f,f,,,$177k,2ab7e5c9-35f0-4480-ad52-c852f50f0211,LD-2025-01224,,,,,0,,,2026-02-26 11:09:59.887+00,2026-08-05 11:09:59.887+00,3e005293-abb2-40e3-bb8d-c83ea7c38f88,Warm,f,,0,AUTOMATIC,Reply to Lead,,,2ab7e5c9-35f0-4480-ad52-c852f50f0211,,,,,,,,
177deea5-1a0c-4ef7-a3fb-81a3c2aa167a,John,Jackson,Veritas Systems Inc.,john.jackson@veritassystemsinc.com,+1 (920) 471-4479,NEW,Partner Referral,Technology,76,,Executive CXO Summit,,f,f,,,$355k,688e39a3-e9b4-46e6-ab8e-a6806bc6730c,LD-2025-01228,,,,,0,,,2026-06-11 11:10:00.863+00,2026-08-05 11:10:00.864+00,aba0e0a8-5ab3-4f71-aa3f-84a3aab4d97a,Warm,f,,0,AUTOMATIC,Reply to Lead,,,688e39a3-e9b4-46e6-ab8e-a6806bc6730c,,,,,,,,
9905751d-02d1-40e4-b1d4-5fd1eac97101,William,Lewis,Catalyst Robotics Inc.,william.lewis@catalystroboticsinc.com,+1 (414) 381-7869,NEW,Google Search Ads,Healthcare,75,,Q1 Enterprise Tech Expo,,f,f,,,$132k,478a3057-5be6-45b8-a53b-f6e8f200c029,LD-2025-01230,,,,,0,,,2025-12-26 11:10:01.337+00,2026-08-05 11:10:01.338+00,7cd4892f-38fe-4d5f-959c-14bf5029b5e6,Warm,f,,0,AUTOMATIC,Reply to Lead,,,478a3057-5be6-45b8-a53b-f6e8f200c029,,,,,,,,
6f170a48-0228-44b1-b245-0ae56a6f3f9d,Barbara,King,Apex Pharmaceuticals Inc.,barbara.king@apexpharmaceuticalsinc.com,+1 (689) 927-8819,NEW,WhatsApp Inbound,Manufacturing,76,,Executive CXO Summit,,f,f,,,$309k,78572ffd-b2af-47e3-bcea-e2c18c1f368c,LD-2025-01231,,,,2026-08-03 11:10:01.574+00,2,,,2026-06-11 11:10:01.574+00,2026-08-05 11:10:01.575+00,e7de7c5d-e62d-48de-9ef9-3791d955ebe1,Warm,f,,0,AUTOMATIC,Reply to Lead,,,78572ffd-b2af-47e3-bcea-e2c18c1f368c,,,,,,,,
7fe5a626-264b-4471-bb3b-08e13bb7a4d8,Sarah,Brown,Genesis Systems Group,sarah.brown@genesissystemsgroup.com,+1 (821) 456-1109,NEW,Website Organic,Pharmaceutical,79,,Q1 Enterprise Tech Expo,,f,f,,,$266k,5155fef9-3722-4f5b-9b9a-3e392bf31623,LD-2025-01233,,,,,0,,,2026-05-05 11:10:02.05+00,2026-08-05 11:10:02.05+00,1bb812ed-075a-4220-9893-33db0e58443c,Warm,f,,0,AUTOMATIC,Reply to Lead,,,5155fef9-3722-4f5b-9b9a-3e392bf31623,,,,,,,,
ae3c4fbc-dd92-4d38-953b-617ef95d8e35,Paul,Lewis,Nexus Systems Group,paul.lewis@nexussystemsgroup.com,+1 (432) 326-6246,NEW,LinkedIn Outreach,Technology,53,,LinkedIn Account Based Marketing,,f,f,,,$430k,79643362-51d0-4a00-b203-91ebe70703d6,LD-2025-01238,,,,,0,,,2026-01-07 11:10:03.261+00,2026-08-05 11:10:03.262+00,23ed5e20-b1a5-47fc-ba66-f316a7583f6e,Warm,f,,0,AUTOMATIC,Reply to Lead,,,79643362-51d0-4a00-b203-91ebe70703d6,,,,,,,,
421314f1-ccd8-4fb2-9343-23a5f8c2768c,Kenneth,Hill,Beacon Robotics Group,kenneth.hill@beaconroboticsgroup.com,+1 (491) 626-8181,NEW,Google Search Ads,Healthcare,53,,Executive CXO Summit,,f,f,,,$496k,dcc85dfc-9e1f-4d7d-af81-c507949b4ade,LD-2025-01240,,,,,0,,,2025-08-25 11:10:03.735+00,2026-08-05 11:10:03.735+00,ee399d9c-d933-48d5-b401-306ec7bdc22e,Warm,f,,0,AUTOMATIC,Reply to Lead,,,dcc85dfc-9e1f-4d7d-af81-c507949b4ade,,,,,,,,
3e3bdf0c-836c-481d-ab1b-8113612fe626,Richard,Rodriguez,Aegis Systems Inc.,richard.rodriguez@aegissystemsinc.com,+1 (241) 102-7170,NEW,Trade Show Expo 2025,Technology,91,,Cloud Transformation Webinar,,t,f,,,$329k,d1684f4a-9158-4049-9d4d-a1a06b5e5ffa,LD-2025-01218,,,,,0,,,2026-05-14 11:09:58.466+00,2026-08-11 11:18:41.349+00,44eb7440-fb3c-48fc-80f4-4eefdcbab25e,Hot,f,,0,AUTOMATIC,Reply to Lead,,,d1684f4a-9158-4049-9d4d-a1a06b5e5ffa,,,,,,,,
fa5c48ae-4a98-48a6-a935-a1e73c178339,Matthew,Lewis,Orion Holdings Inc.,matthew.lewis@orionholdingsinc.com,+1 (338) 842-8782,NEW,G2 Crowd Lead,Automotive,95,,Cloud Transformation Webinar,,f,f,,,$392k,a7df6bd2-a1c8-4647-a278-7207c58c805c,LD-2025-01222,,,,,0,,,2025-09-20 11:09:59.415+00,2026-08-11 11:18:41.41+00,957794e0-b1d0-41f9-844a-a7637166bdb2,Hot,f,,0,AUTOMATIC,Reply to Lead,,,a7df6bd2-a1c8-4647-a278-7207c58c805c,,,,,,,,
dec739e1-4a01-4f6a-8fcd-4801bf8ff328,Kimberly,Brown,Crestview Robotics Inc.,kimberly.brown@crestviewroboticsinc.com,+1 (601) 243-7721,NEW,Google Search Ads,FMCG,87,,Q1 Enterprise Tech Expo,,t,f,,,$217k,dbb62477-9e5e-4401-b018-24659ced5447,LD-2025-01225,,,,,0,,,2026-04-22 11:10:00.124+00,2026-08-11 11:18:41.471+00,483561ee-4978-4ec5-bc44-6274d0dba919,Hot,f,,0,AUTOMATIC,Reply to Lead,,,dbb62477-9e5e-4401-b018-24659ced5447,,,,,,,,
188cbdaa-83c8-4b9e-836d-80cca19f5908,Andrew,Rodriguez,Summit Pharmaceuticals Inc.,andrew.rodriguez@summitpharmaceuticalsinc.com,+1 (802) 314-2386,NEW,WhatsApp Inbound,Logistics,86,,Executive CXO Summit,,f,f,,,$294k,49955880-1394-42cb-a131-04b0ccd39d4d,LD-2025-01226,,,,2026-08-05 11:10:00.36+00,2,,,2026-05-05 11:10:00.36+00,2026-08-11 11:18:41.532+00,bfdf8c1f-fe23-4dfb-b2da-5faedf129c36,Hot,f,,0,AUTOMATIC,Reply to Lead,,,49955880-1394-42cb-a131-04b0ccd39d4d,,,,,,,,
444bde9a-e17c-459a-a609-371ea5685cf8,Michelle,Wilson,Astral Holdings Inc.,michelle.wilson@astralholdingsinc.com,+1 (574) 842-2263,NEW,Webinar Series,Construction,47,,Executive CXO Summit,,f,f,,,$244k,e77f034c-3351-43e4-b06c-0466d38e2da5,LD-2025-01227,,,,,0,,,2026-07-12 11:10:00.617+00,2026-08-11 11:18:41.593+00,73dd3a5d-5d54-4be3-bc58-f685204bd378,Cold,f,,0,AUTOMATIC,Reply to Lead,,,e77f034c-3351-43e4-b06c-0466d38e2da5,,,,,,,,
40c2bd1e-eeb1-4842-818a-b18167fe7cd0,Jennifer,White,Ironclad Energy Inc.,jennifer.white@ironcladenergyinc.com,+1 (320) 780-6633,NEW,WhatsApp Inbound,Retail,92,,Executive CXO Summit,,f,f,,,$69k,2f694078-1b63-43a2-bd36-9661faa5afbc,LD-2025-01229,,,,,0,,,2026-03-27 11:10:01.1+00,2026-08-11 11:18:41.654+00,6623fa17-a8cc-4aa2-a9ff-0f08a8c7e6f2,Hot,f,,0,AUTOMATIC,Reply to Lead,,,2f694078-1b63-43a2-bd36-9661faa5afbc,,,,,,,,
1cfdc191-5468-4d40-8feb-e42118687f4d,Joseph,Hill,Vanguard Holdings Group,joseph.hill@vanguardholdingsgroup.com,+1 (366) 951-6888,NEW,Website Organic,Automotive,48,,Inbound Google Organic,,t,f,,,$360k,7be32d2b-6bc4-4cf1-9649-5b2a4171ae6e,LD-2025-01232,,,,,0,,,2026-03-21 11:10:01.812+00,2026-08-11 11:18:41.714+00,aba0e0a8-5ab3-4f71-aa3f-84a3aab4d97a,Cold,f,,0,AUTOMATIC,Reply to Lead,,,7be32d2b-6bc4-4cf1-9649-5b2a4171ae6e,,,,,,,,
a5f3b04d-881c-4813-861c-c67a381a548a,Christopher,Rodriguez,Horizon Energy Group,christopher.rodriguez@horizonenergygroup.com,+1 (901) 385-7630,NEW,Direct Mail Campaign,Food & Beverage,88,,LinkedIn Account Based Marketing,,f,f,,,$242k,efd9e626-374e-419f-9ea4-36fd12bde3b1,LD-2025-01234,,,,,0,,,2026-04-06 11:10:02.299+00,2026-08-11 11:18:41.775+00,23ed5e20-b1a5-47fc-ba66-f316a7583f6e,Hot,f,,0,AUTOMATIC,Reply to Lead,,,efd9e626-374e-419f-9ea4-36fd12bde3b1,,,,,,,,
68efe63c-cd58-4dc6-ab62-b4a7a493cf8c,Barbara,King,Sterling Pharmaceuticals Group,barbara.king@sterlingpharmaceuticalsgroup.com,+1 (269) 601-9656,NEW,WhatsApp Inbound,Manufacturing,60,,Inbound Google Organic,,f,f,,,$52k,1e46e8fa-fb49-4667-acf5-0f6b3b431d4a,LD-2025-01271,,,,2026-08-04 11:10:11.101+00,2,,,2026-01-24 11:10:11.101+00,2026-08-05 11:10:11.101+00,6623fa17-a8cc-4aa2-a9ff-0f08a8c7e6f2,Warm,f,,0,AUTOMATIC,Reply to Lead,,,1e46e8fa-fb49-4667-acf5-0f6b3b431d4a,,,,,,,,
9851563f-4f11-4d8a-976b-e290fa690269,Lisa,Wilson,Pinnacle Robotics Group,lisa.wilson@pinnacleroboticsgroup.com,+1 (521) 733-7442,NEW,Direct Mail Campaign,FMCG,81,,Q1 Enterprise Tech Expo,,f,f,,,$245k,a5dd3d6d-64ec-4106-85a6-11e3e5a6309f,LD-2025-01235,,,,,0,,,2025-10-25 11:10:02.536+00,2026-08-11 11:18:41.835+00,7cd4892f-38fe-4d5f-959c-14bf5029b5e6,Hot,f,,0,AUTOMATIC,Reply to Lead,,,a5dd3d6d-64ec-4106-85a6-11e3e5a6309f,,,,,,,,
de6683c5-32e4-41d1-8283-61c42365bbe3,Anthony,Jackson,Titan Pharmaceuticals Group,anthony.jackson@titanpharmaceuticalsgroup.com,+1 (794) 277-9885,NEW,WhatsApp Inbound,Logistics,42,,Inbound Google Organic,,f,f,,,$249k,2aee8d1f-c2a1-47af-84d5-41b6427ecf4c,LD-2025-01236,,,,2026-08-04 11:10:02.784+00,2,,,2026-03-21 11:10:02.784+00,2026-08-11 11:18:41.896+00,1bb812ed-075a-4220-9893-33db0e58443c,Cold,f,,0,AUTOMATIC,Reply to Lead,,,2aee8d1f-c2a1-47af-84d5-41b6427ecf4c,,,,,,,,
d010149a-6c3c-4042-9793-9dfb54e4ead1,Sandra,White,Quantum Holdings Group,sandra.white@quantumholdingsgroup.com,+1 (381) 920-7451,NEW,LinkedIn Outreach,Construction,92,,Executive CXO Summit,,f,f,,,$297k,1dbfd97b-1edd-480c-a2ff-f95162216b35,LD-2025-01237,,,,,0,,,2025-11-20 11:10:03.022+00,2026-08-11 11:18:41.957+00,6623fa17-a8cc-4aa2-a9ff-0f08a8c7e6f2,Hot,f,,0,AUTOMATIC,Reply to Lead,,,1dbfd97b-1edd-480c-a2ff-f95162216b35,,,,,,,,
3490389d-9879-47bd-84df-4ee288e7f7ba,Emily,King,Starlight Energy Group,emily.king@starlightenergygroup.com,+1 (408) 928-6550,NEW,Executive Referral,Retail,41,,Executive CXO Summit,,t,f,,,$448k,4ba0473e-5b49-4921-8443-2397f9c6eb4b,LD-2025-01239,,,,,0,,,2026-03-16 11:10:03.498+00,2026-08-11 11:18:42.017+00,aeceeffe-1a87-4ed1-82c9-5b41cc2e4c80,Cold,f,,0,AUTOMATIC,Reply to Lead,,,4ba0473e-5b49-4921-8443-2397f9c6eb4b,,,,,,,,
d92765ba-3668-4dee-898a-22b343a5d095,Robert,Rodriguez,Synergy Holdings Group,robert.rodriguez@synergyholdingsgroup.com,+1 (953) 202-6612,NEW,Direct Mail Campaign,Automotive,52,,Direct Executive Outreach,,f,f,,,$340k,5a8db5a7-7a00-4e6e-bb6d-6f9d85ca1973,LD-2025-01242,,,,,0,,,2025-12-31 11:10:04.209+00,2026-08-05 11:10:04.209+00,ee399d9c-d933-48d5-b401-306ec7bdc22e,Warm,f,,0,AUTOMATIC,Reply to Lead,,,5a8db5a7-7a00-4e6e-bb6d-6f9d85ca1973,,,,,,,,
94d5e6c7-6d6b-444f-bd6c-65b0a329472f,Linda,Wilson,Velocity Systems Group,linda.wilson@velocitysystemsgroup.com,+1 (460) 191-4113,NEW,Webinar Series,Pharmaceutical,67,,Executive CXO Summit,,f,f,,,$119k,09b18443-1d83-4a99-9f36-95786daaf988,LD-2025-01243,,,,,0,,,2026-01-26 11:10:04.446+00,2026-08-05 11:10:04.446+00,73dd3a5d-5d54-4be3-bc58-f685204bd378,Warm,f,,0,AUTOMATIC,Reply to Lead,,,09b18443-1d83-4a99-9f36-95786daaf988,,,,,,,,
07467b07-8185-42c9-bf50-986bdaaf3f28,Daniel,Hill,Aegis Systems Group,daniel.hill@aegissystemsgroup.com,+1 (498) 695-8785,NEW,G2 Crowd Lead,Technology,54,,Direct Executive Outreach,,f,f,,,$130k,89f6a116-5a31-4ee1-9dec-f734088cd09f,LD-2025-01248,,,,,0,,,2025-10-09 11:10:05.632+00,2026-08-05 11:10:05.632+00,3e005293-abb2-40e3-bb8d-c83ea7c38f88,Warm,f,,0,AUTOMATIC,Reply to Lead,,,89f6a116-5a31-4ee1-9dec-f734088cd09f,,,,,,,,
57f96f1a-abd9-422b-89cf-1787b16b4095,Betty,Brown,Dynamic Energy Group,betty.brown@dynamicenergygroup.com,+1 (281) 477-1025,NEW,Cold Inbound,Retail,52,,LinkedIn Account Based Marketing,,f,f,,,$240k,108f4a8a-e7cd-4edf-833c-e94e9aca3c33,LD-2025-01249,,,,,0,,,2026-01-14 11:10:05.867+00,2026-08-05 11:10:05.867+00,73dd3a5d-5d54-4be3-bc58-f685204bd378,Warm,f,,0,AUTOMATIC,Reply to Lead,,,108f4a8a-e7cd-4edf-833c-e94e9aca3c33,,,,,,,,
c9113efe-a1ac-4747-a195-7317914c3243,Steven,Jackson,Orion Holdings Group,steven.jackson@orionholdingsgroup.com,+1 (698) 817-6129,NEW,G2 Crowd Lead,Automotive,60,,Executive CXO Summit,,f,f,,,$343k,172f10bc-55dd-4489-a682-f84a75d2ead1,LD-2025-01252,,,,,0,,,2026-06-07 11:10:06.577+00,2026-08-05 11:10:06.578+00,7486a411-91a0-45ef-80f5-4e0ed4bb891b,Warm,f,,0,AUTOMATIC,Reply to Lead,,,172f10bc-55dd-4489-a682-f84a75d2ead1,,,,,,,,
eecbb0e5-0b5a-4ffa-9b7d-9f1279a3c7fe,James,Lewis,Paramount Energy Group,james.lewis@paramountenergygroup.com,+1 (907) 731-7520,NEW,WhatsApp Inbound,Food & Beverage,62,,Cloud Transformation Webinar,,f,f,,,$168k,ffec5efc-4483-451b-b256-64f797a5fb9f,LD-2025-01254,,,,,0,,,2026-01-23 11:10:07.055+00,2026-08-05 11:10:07.056+00,4760f22f-427c-460d-8bab-17f36ae27f98,Warm,f,,0,AUTOMATIC,Reply to Lead,,,ffec5efc-4483-451b-b256-64f797a5fb9f,,,,,,,,
c7f4b89f-f615-44c6-8a0d-36e022a51706,Patricia,King,Crestview Robotics Group,patricia.king@crestviewroboticsgroup.com,+1 (776) 738-2509,NEW,Google Search Ads,FMCG,61,,LinkedIn Account Based Marketing,,f,f,,,$281k,bb895974-88a7-43fc-bb2c-9e08a5e2d5f2,LD-2025-01255,,,,,0,,,2026-07-26 11:10:07.292+00,2026-08-05 11:10:07.292+00,483561ee-4978-4ec5-bc44-6274d0dba919,Warm,f,,0,AUTOMATIC,Reply to Lead,,,bb895974-88a7-43fc-bb2c-9e08a5e2d5f2,,,,,,,,
f85cde38-a51a-44e2-a895-1a302add4eb8,Michael,Hill,Summit Pharmaceuticals Group,michael.hill@summitpharmaceuticalsgroup.com,+1 (430) 561-1842,NEW,WhatsApp Inbound,Logistics,65,,Q1 Enterprise Tech Expo,,f,f,,,$284k,8ffda739-8f65-4e81-88bd-98acbcbf7dfa,LD-2025-01256,,,,2026-08-04 11:10:07.53+00,2,,,2025-11-08 11:10:07.53+00,2026-08-05 11:10:07.53+00,73dd3a5d-5d54-4be3-bc58-f685204bd378,Warm,f,,0,AUTOMATIC,Reply to Lead,,,8ffda739-8f65-4e81-88bd-98acbcbf7dfa,,,,,,,,
7334ab23-f02a-449c-9982-bee7b053b9f8,Nancy,White,Apex Pharmaceuticals Group,nancy.white@apexpharmaceuticalsgroup.com,+1 (476) 654-4933,NEW,WhatsApp Inbound,Manufacturing,56,,Executive CXO Summit,,f,f,,,$175k,bd2ace4e-acd4-4ad6-bcee-a6703556f367,LD-2025-01261,,,,2026-08-03 11:10:08.718+00,3,,,2025-08-30 11:10:08.718+00,2026-08-05 11:10:08.719+00,23ed5e20-b1a5-47fc-ba66-f316a7583f6e,Warm,f,,0,AUTOMATIC,Reply to Lead,,,bd2ace4e-acd4-4ad6-bcee-a6703556f367,,,,,,,,
b83c2540-bc1d-4dbc-bcc6-2bc0ad176632,Margaret,King,Genesis Systems Group,margaret.king@genesissystemsgroup.com,+1 (233) 997-9052,NEW,Trade Show Expo 2025,Pharmaceutical,52,,Inbound Google Organic,,f,f,,,$148k,04e6b7c8-a7c0-4730-a3b1-21f3ec80851f,LD-2025-01263,,,,,0,,,2025-12-23 11:10:09.201+00,2026-08-05 11:10:09.202+00,aeceeffe-1a87-4ed1-82c9-5b41cc2e4c80,Warm,f,,0,AUTOMATIC,Reply to Lead,,,04e6b7c8-a7c0-4730-a3b1-21f3ec80851f,,,,,,,,
8e21452d-0edd-4b00-a258-82bfdb4f68bb,Susan,White,Prism Robotics Group,susan.white@prismroboticsgroup.com,+1 (420) 939-9376,NEW,Trade Show Expo 2025,FMCG,81,,Inbound Google Organic,,f,f,,,$453k,478016c6-fd22-45fe-9380-a8b7929c8617,LD-2025-01245,,,,,0,,,2025-11-15 11:10:04.921+00,2026-08-11 11:18:42.138+00,483561ee-4978-4ec5-bc44-6274d0dba919,Hot,f,,0,AUTOMATIC,Reply to Lead,,,478016c6-fd22-45fe-9380-a8b7929c8617,,,,,,,,
42ed959a-0f1a-4f65-a754-96c072270b5a,Thomas,Lewis,Matrix Pharmaceuticals Group,thomas.lewis@matrixpharmaceuticalsgroup.com,+1 (948) 407-4717,NEW,WhatsApp Inbound,Logistics,94,,Executive CXO Summit,,t,f,,,$500k,ec16e03f-6fae-4344-9199-a873a592e170,LD-2025-01246,,,,2026-08-04 11:10:05.159+00,3,,,2026-07-18 11:10:05.159+00,2026-08-11 11:18:42.199+00,42a679ed-ba3b-4b85-bf6a-9d83beb83b78,Hot,f,,0,AUTOMATIC,Reply to Lead,,,ec16e03f-6fae-4344-9199-a873a592e170,,,,,,,,
3d9bd5dd-efdb-4a50-a5af-de16df5badf6,Karen,King,Helios Holdings Group,karen.king@heliosholdingsgroup.com,+1 (587) 429-8810,NEW,Cold Inbound,Construction,96,,LinkedIn Account Based Marketing,,f,f,,,$231k,d06533e1-c4d3-4dc6-9570-892696133cf1,LD-2025-01247,,,,,0,,,2025-12-31 11:10:05.396+00,2026-08-11 11:18:42.259+00,ee399d9c-d933-48d5-b401-306ec7bdc22e,Hot,f,,0,AUTOMATIC,Reply to Lead,,,d06533e1-c4d3-4dc6-9570-892696133cf1,,,,,,,,
893b5a60-6f1d-4ef7-9b36-faa951180757,Donald,Rodriguez,Global Robotics Group,donald.rodriguez@globalroboticsgroup.com,+1 (401) 945-7517,NEW,Direct Mail Campaign,Healthcare,84,,LinkedIn Account Based Marketing,,f,f,,,$266k,77fa6aef-8cff-49ec-956b-84de4fe5eec1,LD-2025-01250,,,,,0,,,2026-06-07 11:10:06.102+00,2026-08-11 11:18:42.32+00,604bb8ab-99ba-4134-8053-815900a040c0,Hot,f,,0,AUTOMATIC,Reply to Lead,,,77fa6aef-8cff-49ec-956b-84de4fe5eec1,,,,,,,,
841b12e6-74f5-4036-9854-8184f0c87692,Ashley,Wilson,Infinitum Pharmaceuticals Group,ashley.wilson@infinitumpharmaceuticalsgroup.com,+1 (832) 582-8616,NEW,WhatsApp Inbound,Manufacturing,81,,Inbound Google Organic,,f,f,,,$148k,e1d32f2d-a8fb-4ce7-9f64-469eb261e242,LD-2025-01251,,,,2026-08-05 11:10:06.34+00,3,,,2025-09-19 11:10:06.34+00,2026-08-11 11:18:42.381+00,73dd3a5d-5d54-4be3-bc58-f685204bd378,Hot,f,,0,AUTOMATIC,Reply to Lead,,,e1d32f2d-a8fb-4ce7-9f64-469eb261e242,,,,,,,,
f2e5e66a-f391-4455-b3bf-9336594db5a0,Donna,White,Equinox Systems Group,donna.white@equinoxsystemsgroup.com,+1 (260) 676-4116,NEW,Direct Mail Campaign,Pharmaceutical,93,,Q1 Enterprise Tech Expo,,t,f,,,$414k,90a4e029-3edc-40d9-9712-05f736eb42a7,LD-2025-01253,,,,,0,,,2026-05-08 11:10:06.814+00,2026-08-11 11:18:42.441+00,e059410e-b03d-4110-8dda-7e2322730e05,Hot,f,,0,AUTOMATIC,Reply to Lead,,,90a4e029-3edc-40d9-9712-05f736eb42a7,,,,,,,,
bd8c17b4-489a-4fcb-9c8e-45ede5509c3d,Michael,Hill,Titan Pharmaceuticals Group,michael.hill@titanpharmaceuticalsgroup.com,+1 (656) 529-2565,NEW,WhatsApp Inbound,Logistics,56,,Executive CXO Summit,,f,f,,,$369k,e8aa6b7c-68c2-4a0a-ab45-f673aaf7abcc,LD-2025-01296,,,,2026-08-04 11:10:17.049+00,1,,,2026-03-25 11:10:17.048+00,2026-08-05 11:10:17.049+00,e7de7c5d-e62d-48de-9ef9-3791d955ebe1,Warm,f,,0,AUTOMATIC,Reply to Lead,,,e8aa6b7c-68c2-4a0a-ab45-f673aaf7abcc,,,,,,,,
94245d9f-4115-4427-9561-9af269cb081e,Elizabeth,Brown,Astral Holdings Group,elizabeth.brown@astralholdingsgroup.com,+1 (631) 740-7484,NEW,Partner Referral,Construction,48,,Inbound Google Organic,,f,f,,,$388k,858fe24e-865c-488f-b1ac-20a02345af1c,LD-2025-01257,,,,,0,,,2026-01-13 11:10:07.768+00,2026-08-11 11:18:42.502+00,483561ee-4978-4ec5-bc44-6274d0dba919,Cold,f,,0,AUTOMATIC,Reply to Lead,,,858fe24e-865c-488f-b1ac-20a02345af1c,,,,,,,,
21e58cc2-9f30-4e5f-8968-74f05d1dfad7,Jessica,Wilson,Ironclad Energy Group,jessica.wilson@ironcladenergygroup.com,+1 (857) 427-1663,NEW,Partner Referral,Retail,96,,LinkedIn Account Based Marketing,,f,f,,,$216k,772a2c1d-cdf3-4c9d-809d-a4bc2ee61036,LD-2025-01259,,,,,0,,,2026-04-28 11:10:08.243+00,2026-08-11 11:18:42.623+00,604bb8ab-99ba-4134-8053-815900a040c0,Hot,f,,0,AUTOMATIC,Reply to Lead,,,772a2c1d-cdf3-4c9d-809d-a4bc2ee61036,,,,,,,,
1a803249-3095-40f6-90d3-f773b80487af,Charles,Jackson,Catalyst Robotics Group,charles.jackson@catalystroboticsgroup.com,+1 (728) 336-9833,NEW,Trade Show Expo 2025,Healthcare,44,,Inbound Google Organic,,t,f,,,$198k,4f12f495-b269-41b1-8c98-960d83e9fbf4,LD-2025-01260,,,,,0,,,2026-06-16 11:10:08.481+00,2026-08-11 11:18:42.683+00,aeceeffe-1a87-4ed1-82c9-5b41cc2e4c80,Cold,f,,0,AUTOMATIC,Reply to Lead,,,4f12f495-b269-41b1-8c98-960d83e9fbf4,,,,,,,,
442b3fe0-efa3-40fb-9ed2-a373f2f24dac,Matthew,Lewis,Vanguard Holdings Group,matthew.lewis@vanguardholdingsgroup.com,+1 (537) 340-1801,NEW,LinkedIn Outreach,Automotive,95,,LinkedIn Account Based Marketing,,f,f,,,$142k,faf41b85-cdfa-4c94-a793-b4b6d71d2080,LD-2025-01262,,,,,0,,,2026-04-10 11:10:08.962+00,2026-08-11 11:18:42.744+00,aba0e0a8-5ab3-4f71-aa3f-84a3aab4d97a,Hot,f,,0,AUTOMATIC,Reply to Lead,,,faf41b85-cdfa-4c94-a793-b4b6d71d2080,,,,,,,,
ad416b44-f1d3-4733-827f-aa3353fa79aa,Mark,Hill,Horizon Energy Group,mark.hill@horizonenergygroup.com,+1 (960) 776-5411,NEW,G2 Crowd Lead,Food & Beverage,36,,LinkedIn Account Based Marketing,,f,f,,,$273k,1c7d06db-8212-427f-ab14-85af593585bd,LD-2025-01264,,,,,0,,,2026-03-27 11:10:09.439+00,2026-08-11 11:18:42.805+00,bfdf8c1f-fe23-4dfb-b2da-5faedf129c36,Cold,f,,0,AUTOMATIC,Reply to Lead,,,1c7d06db-8212-427f-ab14-85af593585bd,,,,,,,,
98ddcf3c-f5fa-4028-90fa-17e458ad2440,Kimberly,Brown,Pinnacle Robotics Group,kimberly.brown@pinnacleroboticsgroup.com,+1 (962) 652-1182,NEW,Direct Mail Campaign,FMCG,46,,Executive CXO Summit,,f,f,,,$332k,05e0182a-c179-49a0-bf01-7c1ebe4ada15,LD-2025-01265,,,,,0,,,2025-12-15 11:10:09.677+00,2026-08-11 11:18:42.867+00,44eb7440-fb3c-48fc-80f4-4eefdcbab25e,Cold,f,,0,AUTOMATIC,Reply to Lead,,,05e0182a-c179-49a0-bf01-7c1ebe4ada15,,,,,,,,
d0f08cfb-f538-4152-b51f-e40dc14852ae,Andrew,Rodriguez,Titan Pharmaceuticals Group,andrew.rodriguez@titanpharmaceuticalsgroup.com,+1 (740) 363-3544,NEW,WhatsApp Inbound,Logistics,93,,Inbound Google Organic,,f,f,,,$460k,0f86c212-7a93-40c8-9f27-eda83ca34b3e,LD-2025-01266,,,,2026-08-04 11:10:09.915+00,3,,,2025-10-31 11:10:09.915+00,2026-08-11 11:18:42.927+00,3e005293-abb2-40e3-bb8d-c83ea7c38f88,Hot,f,,0,AUTOMATIC,Reply to Lead,,,0f86c212-7a93-40c8-9f27-eda83ca34b3e,,,,,,,,
21c6bda9-f647-481d-8be7-b5665a5e8f06,Michelle,Wilson,Quantum Holdings Group,michelle.wilson@quantumholdingsgroup.com,+1 (503) 174-7990,NEW,WhatsApp Inbound,Construction,46,,Cloud Transformation Webinar,,t,f,,,$457k,6922cd0f-1cdf-47d6-b389-cce3df80765c,LD-2025-01267,,,,,0,,,2026-04-06 11:10:10.154+00,2026-08-11 11:18:42.988+00,aeceeffe-1a87-4ed1-82c9-5b41cc2e4c80,Cold,f,,0,AUTOMATIC,Reply to Lead,,,6922cd0f-1cdf-47d6-b389-cce3df80765c,,,,,,,,
e36091a5-1d19-44cf-87a8-37c3dec339cc,Christopher,Rodriguez,Omni Energy Group,christopher.rodriguez@omnienergygroup.com,+1 (629) 933-9101,NEW,Website Organic,Food & Beverage,52,,Q1 Enterprise Tech Expo,,t,f,,,$427k,bf230543-be02-465c-9dd2-e181a2eaecc0,LD-2025-01274,,,,,0,,,2025-08-21 11:10:11.815+00,2026-08-05 11:10:11.816+00,e059410e-b03d-4110-8dda-7e2322730e05,Warm,f,,0,AUTOMATIC,Reply to Lead,,,bf230543-be02-465c-9dd2-e181a2eaecc0,,,,,,,,
da812079-cea5-48fa-b705-a17f6f1a3215,Emily,King,Dynamic Energy Group,emily.king@dynamicenergygroup.com,+1 (760) 656-7276,NEW,Executive Referral,Retail,62,,Direct Executive Outreach,,f,f,,,$275k,66a037e6-a5a1-4338-b448-cac7e6cd9098,LD-2025-01279,,,,,0,,,2026-04-23 11:10:13.006+00,2026-08-05 11:10:13.006+00,4760f22f-427c-460d-8bab-17f36ae27f98,Warm,f,,0,AUTOMATIC,Reply to Lead,,,66a037e6-a5a1-4338-b448-cac7e6cd9098,,,,,,,,
62c5e5a4-edb3-4b24-93cc-c12eed540105,Linda,Wilson,Equinox Systems Group,linda.wilson@equinoxsystemsgroup.com,+1 (770) 287-9626,NEW,Google Search Ads,Pharmaceutical,60,,Executive CXO Summit,,f,f,,,$121k,9b0fb6a1-768f-4616-92f5-7a5c92de5f81,LD-2025-01283,,,,,0,,,2025-11-20 11:10:13.952+00,2026-08-05 11:10:13.952+00,483561ee-4978-4ec5-bc44-6274d0dba919,Warm,f,,0,AUTOMATIC,Reply to Lead,,,9b0fb6a1-768f-4616-92f5-7a5c92de5f81,,,,,,,,
e3de0a8a-48ae-4d8e-a4ec-22a77f77f79a,Susan,White,Crestview Robotics Group,susan.white@crestviewroboticsgroup.com,+1 (941) 149-5378,NEW,Executive Referral,FMCG,65,,Executive CXO Summit,,f,f,,,$473k,82a624c8-69a8-4397-8ae6-b7d7c1319fdb,LD-2025-01285,,,,,0,,,2026-05-20 11:10:14.432+00,2026-08-05 11:10:14.432+00,1bb812ed-075a-4220-9893-33db0e58443c,Warm,f,,0,AUTOMATIC,Reply to Lead,,,82a624c8-69a8-4397-8ae6-b7d7c1319fdb,,,,,,,,
a1875040-4831-4363-97be-e662ee601ec9,Thomas,Lewis,Summit Pharmaceuticals Group,thomas.lewis@summitpharmaceuticalsgroup.com,+1 (483) 941-3513,NEW,WhatsApp Inbound,Logistics,51,,Cloud Transformation Webinar,,f,f,,,$420k,4128c454-845e-4522-b794-9c72d1f82531,LD-2025-01286,,,,2026-08-04 11:10:14.674+00,2,,,2026-03-15 11:10:14.674+00,2026-08-05 11:10:14.674+00,23ed5e20-b1a5-47fc-ba66-f316a7583f6e,Warm,f,,0,AUTOMATIC,Reply to Lead,,,4128c454-845e-4522-b794-9c72d1f82531,,,,,,,,
cc88233d-9827-4201-bd78-14094f70650b,Daniel,Hill,Veritas Systems Group,daniel.hill@veritassystemsgroup.com,+1 (949) 583-1966,NEW,Cold Inbound,Technology,50,,Direct Executive Outreach,,t,f,,,$368k,50f729ac-8a5f-4efa-bca2-09519990e6eb,LD-2025-01288,,,,,0,,,2026-03-28 11:10:15.148+00,2026-08-05 11:10:15.149+00,1bb812ed-075a-4220-9893-33db0e58443c,Warm,f,,0,AUTOMATIC,Reply to Lead,,,50f729ac-8a5f-4efa-bca2-09519990e6eb,,,,,,,,
962591f9-caef-4885-8edf-d78388effd06,Steven,Jackson,Vanguard Holdings Group,steven.jackson@vanguardholdingsgroup.com,+1 (692) 795-4729,NEW,Executive Referral,Automotive,73,,Direct Executive Outreach,,f,f,,,$436k,23631fa2-d33a-4b69-bc87-ac5cb4946088,LD-2025-01292,,,,,0,,,2025-11-21 11:10:16.096+00,2026-08-05 11:10:16.097+00,4760f22f-427c-460d-8bab-17f36ae27f98,Warm,f,,0,AUTOMATIC,Reply to Lead,,,23631fa2-d33a-4b69-bc87-ac5cb4946088,,,,,,,,
2ec2447b-a888-4113-a6a4-e14aa6046c47,Jennifer,White,Starlight Energy Group,jennifer.white@starlightenergygroup.com,+1 (528) 749-4474,NEW,Partner Referral,Retail,97,,Cloud Transformation Webinar,,f,f,,,$110k,ebb302f1-47f7-4066-9378-2eb05dd0e3f2,LD-2025-01269,,,,,0,,,2026-05-01 11:10:10.628+00,2026-08-11 11:18:43.139+00,73dd3a5d-5d54-4be3-bc58-f685204bd378,Hot,f,,0,AUTOMATIC,Reply to Lead,,,ebb302f1-47f7-4066-9378-2eb05dd0e3f2,,,,,,,,
c2356aa3-018e-432f-9095-dba02fdb9a95,William,Lewis,Beacon Robotics Group,william.lewis@beaconroboticsgroup.com,+1 (725) 105-9491,NEW,Direct Mail Campaign,Healthcare,40,,Cloud Transformation Webinar,,f,f,,,$254k,bff1e3d7-07bf-4d36-840b-0d83b78cda0a,LD-2025-01270,,,,,0,,,2026-02-08 11:10:10.865+00,2026-08-11 11:18:43.199+00,6623fa17-a8cc-4aa2-a9ff-0f08a8c7e6f2,Cold,f,,0,AUTOMATIC,Reply to Lead,,,bff1e3d7-07bf-4d36-840b-0d83b78cda0a,,,,,,,,
bd811ba3-53ab-49ee-b2d4-f276e43a213f,Joseph,Hill,Synergy Holdings Group,joseph.hill@synergyholdingsgroup.com,+1 (798) 780-9997,NEW,Executive Referral,Automotive,89,,Inbound Google Organic,,f,f,,,$77k,928154de-f1e0-4b45-9c41-3afe0c939040,LD-2025-01272,,,,,0,,,2026-07-25 11:10:11.338+00,2026-08-11 11:18:43.26+00,e7de7c5d-e62d-48de-9ef9-3791d955ebe1,Hot,f,,0,AUTOMATIC,Reply to Lead,,,928154de-f1e0-4b45-9c41-3afe0c939040,,,,,,,,
c33df093-c46b-420f-a8b3-e2b37e022d93,Sarah,Brown,Velocity Systems Group,sarah.brown@velocitysystemsgroup.com,+1 (411) 915-5391,NEW,Cold Inbound,Pharmaceutical,91,,Direct Executive Outreach,,f,f,,,$452k,13322aaa-ec06-4d17-be1d-0c1a1af758fa,LD-2025-01273,,,,,0,,,2025-09-08 11:10:11.576+00,2026-08-11 11:18:43.321+00,7cd4892f-38fe-4d5f-959c-14bf5029b5e6,Hot,f,,0,AUTOMATIC,Reply to Lead,,,13322aaa-ec06-4d17-be1d-0c1a1af758fa,,,,,,,,
d411fe77-296d-4f82-99ff-f12424e27b37,Lisa,Wilson,Prism Robotics Group,lisa.wilson@prismroboticsgroup.com,+1 (765) 347-2889,NEW,LinkedIn Outreach,FMCG,80,,Inbound Google Organic,,f,f,,,$156k,cc317d39-a852-44da-ae6f-470f3e775a6d,LD-2025-01275,,,,,0,,,2026-07-15 11:10:12.052+00,2026-08-11 11:18:43.382+00,5579bbef-b890-4d99-91e2-e017decbd26e,Hot,f,,0,AUTOMATIC,Reply to Lead,,,cc317d39-a852-44da-ae6f-470f3e775a6d,,,,,,,,
f5f456ce-c68c-4502-8abf-f73bdff3a524,Anthony,Jackson,Matrix Pharmaceuticals Group,anthony.jackson@matrixpharmaceuticalsgroup.com,+1 (544) 703-9191,NEW,WhatsApp Inbound,Logistics,97,,Cloud Transformation Webinar,,f,f,,,$407k,9aecb2fe-2643-4ee5-a0ae-00bb2fc020db,LD-2025-01276,,,,2026-08-04 11:10:12.289+00,2,,,2026-05-15 11:10:12.289+00,2026-08-11 11:18:43.443+00,483561ee-4978-4ec5-bc44-6274d0dba919,Hot,f,,0,AUTOMATIC,Reply to Lead,,,9aecb2fe-2643-4ee5-a0ae-00bb2fc020db,,,,,,,,
e665e771-1780-48fe-92fb-7460d16aad1e,Linda,Wilson,Equinox Systems Inc.,linda.wilson@equinoxsystemsinc.com,+1 (393) 816-3150,NEW,G2 Crowd Lead,Pharmaceutical,65,,Inbound Google Organic,,t,f,,,$84k,78f00908-7fd8-4961-b413-2eb561ea6a21,LD-2025-01323,,,,,0,,,2026-04-08 11:10:23.469+00,2026-08-05 11:10:23.47+00,ee399d9c-d933-48d5-b401-306ec7bdc22e,Warm,f,,0,AUTOMATIC,Reply to Lead,,,78f00908-7fd8-4961-b413-2eb561ea6a21,,,,,,,,
8fc9dba3-a30b-42f5-98d5-2844ad66c095,Sandra,White,Helios Holdings Group,sandra.white@heliosholdingsgroup.com,+1 (222) 954-6170,NEW,G2 Crowd Lead,Construction,87,,Direct Executive Outreach,,f,f,,,$213k,4c823b82-54e1-4252-aaf0-fc85fc2c1d19,LD-2025-01277,,,,,0,,,2025-10-18 11:10:12.527+00,2026-08-11 11:18:43.503+00,5579bbef-b890-4d99-91e2-e017decbd26e,Hot,f,,0,AUTOMATIC,Reply to Lead,,,4c823b82-54e1-4252-aaf0-fc85fc2c1d19,,,,,,,,
0d737800-7a0e-47ec-868d-4f9949be366d,Paul,Lewis,Aegis Systems Group,paul.lewis@aegissystemsgroup.com,+1 (305) 504-8012,NEW,Executive Referral,Technology,86,,Executive CXO Summit,,f,f,,,$65k,fa055f48-ccde-4a5f-ac3b-8dbc0000b7db,LD-2025-01278,,,,,0,,,2025-09-07 11:10:12.764+00,2026-08-11 11:18:43.564+00,af8f43bb-c608-4c5a-9968-fdc97c51a924,Hot,f,,0,AUTOMATIC,Reply to Lead,,,fa055f48-ccde-4a5f-ac3b-8dbc0000b7db,,,,,,,,
0d6158e0-80de-4a28-8b40-d001e2d7f076,Kenneth,Hill,Global Robotics Group,kenneth.hill@globalroboticsgroup.com,+1 (904) 749-9319,NEW,Website Organic,Healthcare,93,,Q1 Enterprise Tech Expo,,f,f,,,$137k,446bda77-5583-4d2e-b5b7-9cb040d25041,LD-2025-01280,,,,,0,,,2026-04-07 11:10:13.243+00,2026-08-11 11:18:43.624+00,e059410e-b03d-4110-8dda-7e2322730e05,Hot,f,,0,AUTOMATIC,Reply to Lead,,,446bda77-5583-4d2e-b5b7-9cb040d25041,,,,,,,,
a452fd67-d539-48cd-b64b-de53e6e87568,Mary,Brown,Infinitum Pharmaceuticals Group,mary.brown@infinitumpharmaceuticalsgroup.com,+1 (748) 432-7632,NEW,WhatsApp Inbound,Manufacturing,35,,Executive CXO Summit,,t,f,,,$85k,ea6804a2-e0d8-4583-9d47-8c739438cf8b,LD-2025-01281,,,,2026-08-03 11:10:13.479+00,2,,,2025-12-18 11:10:13.479+00,2026-08-11 11:18:43.685+00,6623fa17-a8cc-4aa2-a9ff-0f08a8c7e6f2,Cold,f,,0,AUTOMATIC,Reply to Lead,,,ea6804a2-e0d8-4583-9d47-8c739438cf8b,,,,,,,,
3d932f37-5ab0-4e0c-9f3d-c0a71d44cd60,Robert,Rodriguez,Orion Holdings Group,robert.rodriguez@orionholdingsgroup.com,+1 (848) 694-8576,NEW,Executive Referral,Automotive,47,,Direct Executive Outreach,,f,f,,,$474k,7b00b488-f07a-4e01-a83c-aeff07e5bd7f,LD-2025-01282,,,,,0,,,2026-05-16 11:10:13.715+00,2026-08-11 11:18:43.746+00,23ed5e20-b1a5-47fc-ba66-f316a7583f6e,Cold,f,,0,AUTOMATIC,Reply to Lead,,,7b00b488-f07a-4e01-a83c-aeff07e5bd7f,,,,,,,,
0a3548f4-fdab-453f-bc0e-7606263c3a94,Karen,King,Astral Holdings Group,karen.king@astralholdingsgroup.com,+1 (232) 792-2482,NEW,G2 Crowd Lead,Construction,41,,Inbound Google Organic,,f,f,,,$390k,4809eb01-562e-4b91-8a98-1976c98cba39,LD-2025-01287,,,,,0,,,2025-10-20 11:10:14.912+00,2026-08-11 11:18:43.867+00,957794e0-b1d0-41f9-844a-a7637166bdb2,Cold,f,,0,AUTOMATIC,Reply to Lead,,,4809eb01-562e-4b91-8a98-1976c98cba39,,,,,,,,
56aef3f9-ed48-4385-86dc-a77be9c61342,Betty,Brown,Ironclad Energy Group,betty.brown@ironcladenergygroup.com,+1 (273) 934-4595,NEW,G2 Crowd Lead,Retail,40,,LinkedIn Account Based Marketing,,f,f,,,$162k,9cc5552f-3104-4ca1-9c45-7dce1faeea5b,LD-2025-01289,,,,,0,,,2026-06-10 11:10:15.385+00,2026-08-11 11:18:43.927+00,42a679ed-ba3b-4b85-bf6a-9d83beb83b78,Cold,f,,0,AUTOMATIC,Reply to Lead,,,9cc5552f-3104-4ca1-9c45-7dce1faeea5b,,,,,,,,
39fb88ac-058c-4a15-aa26-2b0ea90fc425,Donald,Rodriguez,Catalyst Robotics Group,donald.rodriguez@catalystroboticsgroup.com,+1 (242) 429-2341,NEW,Webinar Series,Healthcare,38,,Executive CXO Summit,,f,f,,,$304k,039a230d-6542-41b3-8b8a-5a92da7bae40,LD-2025-01290,,,,,0,,,2026-05-11 11:10:15.622+00,2026-08-11 11:18:43.988+00,5590f73f-33da-422a-98ed-8fd0fb6917f2,Cold,f,,0,AUTOMATIC,Reply to Lead,,,039a230d-6542-41b3-8b8a-5a92da7bae40,,,,,,,,
ad01a418-0b68-4513-a75b-648c4e7a2572,Ashley,Wilson,Apex Pharmaceuticals Group,ashley.wilson@apexpharmaceuticalsgroup.com,+1 (243) 857-5944,NEW,WhatsApp Inbound,Manufacturing,41,,Direct Executive Outreach,,f,f,,,$133k,37929602-4c05-4469-b87a-e97704335442,LD-2025-01291,,,,2026-08-04 11:10:15.859+00,1,,,2025-11-17 11:10:15.859+00,2026-08-11 11:18:44.049+00,ee399d9c-d933-48d5-b401-306ec7bdc22e,Cold,f,,0,AUTOMATIC,Reply to Lead,,,37929602-4c05-4469-b87a-e97704335442,,,,,,,,
03798174-d991-4d06-9f5d-46f19ee2df1a,Donna,White,Genesis Systems Group,donna.white@genesissystemsgroup.com,+1 (216) 508-1135,NEW,Direct Mail Campaign,Pharmaceutical,37,,Inbound Google Organic,,f,f,,,$260k,28a8c0be-39c6-43d4-ad8f-a55c77401dcc,LD-2025-01293,,,,,0,,,2025-11-16 11:10:16.334+00,2026-08-11 11:18:44.109+00,1bb812ed-075a-4220-9893-33db0e58443c,Cold,f,,0,AUTOMATIC,Reply to Lead,,,28a8c0be-39c6-43d4-ad8f-a55c77401dcc,,,,,,,,
2e1dca00-2edd-4b02-b854-b3f803fdd46f,James,Lewis,Horizon Energy Group,james.lewis@horizonenergygroup.com,+1 (737) 208-6820,NEW,Direct Mail Campaign,Food & Beverage,81,,Inbound Google Organic,,f,f,,,$147k,bad2e179-a3be-45ed-a54b-03029fa27f72,LD-2025-01294,,,,,0,,,2026-06-07 11:10:16.573+00,2026-08-11 11:18:44.171+00,4760f22f-427c-460d-8bab-17f36ae27f98,Hot,f,,0,AUTOMATIC,Reply to Lead,,,bad2e179-a3be-45ed-a54b-03029fa27f72,,,,,,,,
aec62f07-d2b9-4f2d-94e1-40ac2b8b6dfe,Richard,Rodriguez,Nexus Systems Group,richard.rodriguez@nexussystemsgroup.com,+1 (344) 452-7915,NEW,LinkedIn Outreach,Technology,50,,Cloud Transformation Webinar,,f,f,,,$113k,f21a9175-0a92-4bac-906c-fd5ccb7258f8,LD-2025-01298,,,,,0,,,2026-01-19 11:10:17.529+00,2026-08-05 11:10:17.53+00,483561ee-4978-4ec5-bc44-6274d0dba919,Warm,f,,0,AUTOMATIC,Reply to Lead,,,f21a9175-0a92-4bac-906c-fd5ccb7258f8,,,,,,,,
557b6046-94de-4ccc-840e-b6a6ca829843,Jessica,Wilson,Starlight Energy Group,jessica.wilson@starlightenergygroup.com,+1 (711) 270-7947,NEW,Google Search Ads,Retail,69,,Cloud Transformation Webinar,,f,f,,,$294k,fc8cab1d-372f-4f7a-a20e-ce5d684a8d62,LD-2025-01299,,,,,0,,,2026-01-31 11:10:17.768+00,2026-08-05 11:10:17.768+00,957794e0-b1d0-41f9-844a-a7637166bdb2,Warm,f,,0,AUTOMATIC,Reply to Lead,,,fc8cab1d-372f-4f7a-a20e-ce5d684a8d62,,,,,,,,
47f67e37-e1fd-4d15-b91f-b297ff163b56,Charles,Jackson,Beacon Robotics Group,charles.jackson@beaconroboticsgroup.com,+1 (822) 831-3682,NEW,LinkedIn Outreach,Healthcare,58,,LinkedIn Account Based Marketing,,f,f,,,$171k,4c5eac09-0499-4530-837e-7d35c54816da,LD-2025-01300,,,,,0,,,2025-12-12 11:10:18.004+00,2026-08-05 11:10:18.005+00,1bb812ed-075a-4220-9893-33db0e58443c,Warm,f,,0,AUTOMATIC,Reply to Lead,,,4c5eac09-0499-4530-837e-7d35c54816da,,,,,,,,
4437870d-d64d-4a73-84a0-69c93d79a39c,Michelle,Wilson,Quantum Holdings Inc.,michelle.wilson@quantumholdingsinc.com,+1 (839) 484-4049,NEW,Trade Show Expo 2025,Construction,55,,LinkedIn Account Based Marketing,,f,f,,,$425k,8a6209ad-6e96-4d32-ba53-0649ffbcb709,LD-2025-01307,,,,,0,,,2025-12-26 11:10:19.665+00,2026-08-05 11:10:19.666+00,aeceeffe-1a87-4ed1-82c9-5b41cc2e4c80,Warm,f,,0,AUTOMATIC,Reply to Lead,,,8a6209ad-6e96-4d32-ba53-0649ffbcb709,,,,,,,,
692b02c7-0c7b-491a-b7d3-1165980f64e2,John,Jackson,Nexus Systems Inc.,john.jackson@nexussystemsinc.com,+1 (863) 291-2530,NEW,Direct Mail Campaign,Technology,63,,Cloud Transformation Webinar,,f,f,,,$410k,8ca41a77-2c11-499a-9db1-4646cc34946b,LD-2025-01308,,,,,0,,,2025-11-25 11:10:19.903+00,2026-08-05 11:10:19.903+00,e059410e-b03d-4110-8dda-7e2322730e05,Warm,f,,0,AUTOMATIC,Reply to Lead,,,8ca41a77-2c11-499a-9db1-4646cc34946b,,,,,,,,
a0f32786-1a04-4f81-8273-b44c90ccf575,Joseph,Hill,Synergy Holdings Inc.,joseph.hill@synergyholdingsinc.com,+1 (537) 698-7387,NEW,Cold Inbound,Automotive,56,,Direct Executive Outreach,,f,f,,,$131k,7f4ab8ee-d105-4011-a8e6-6fa38fc926d7,LD-2025-01312,,,,,0,,,2026-07-01 11:10:20.849+00,2026-08-05 11:10:20.85+00,1bb812ed-075a-4220-9893-33db0e58443c,Warm,f,,0,AUTOMATIC,Reply to Lead,,,7f4ab8ee-d105-4011-a8e6-6fa38fc926d7,,,,,,,,
6e585fdb-d057-4f4e-9915-ee55789b1351,Lisa,Wilson,Prism Robotics Inc.,lisa.wilson@prismroboticsinc.com,+1 (911) 116-9352,NEW,Partner Referral,FMCG,59,,Executive CXO Summit,,f,f,,,$221k,f3359005-50be-4fb9-90ab-507d7c5e7d99,LD-2025-01315,,,,,0,,,2026-04-25 11:10:21.568+00,2026-08-05 11:10:21.569+00,aba0e0a8-5ab3-4f71-aa3f-84a3aab4d97a,Warm,f,,0,AUTOMATIC,Reply to Lead,,,f3359005-50be-4fb9-90ab-507d7c5e7d99,,,,,,,,
e3472d11-8667-48d2-8703-a41e45af9428,Anthony,Jackson,Matrix Pharmaceuticals Inc.,anthony.jackson@matrixpharmaceuticalsinc.com,+1 (947) 372-4433,NEW,WhatsApp Inbound,Logistics,52,,Executive CXO Summit,,t,f,,,$348k,4ce4b477-acdb-46b9-b7ed-e1c30cac4568,LD-2025-01316,,,,2026-08-04 11:10:21.806+00,3,,,2025-11-11 11:10:21.806+00,2026-08-05 11:10:21.806+00,73dd3a5d-5d54-4be3-bc58-f685204bd378,Warm,f,,0,AUTOMATIC,Reply to Lead,,,4ce4b477-acdb-46b9-b7ed-e1c30cac4568,,,,,,,,
242b3eb0-b937-466a-9b0b-ca896f58ebd1,Elizabeth,Brown,Quantum Holdings Group,elizabeth.brown@quantumholdingsgroup.com,+1 (225) 185-6399,NEW,Google Search Ads,Construction,84,,LinkedIn Account Based Marketing,,f,f,,,$293k,f97cef7f-bcf4-40d0-be96-f3a6a68b758c,LD-2025-01297,,,,,0,,,2025-09-25 11:10:17.287+00,2026-08-11 11:18:44.292+00,5590f73f-33da-422a-98ed-8fd0fb6917f2,Hot,f,,0,AUTOMATIC,Reply to Lead,,,f97cef7f-bcf4-40d0-be96-f3a6a68b758c,,,,,,,,
46093712-f29e-4bc0-b58e-9fc638579559,Nancy,White,Apex Pharmaceuticals Inc.,nancy.white@apexpharmaceuticalsinc.com,+1 (258) 994-2436,NEW,WhatsApp Inbound,Manufacturing,96,,Direct Executive Outreach,,f,f,,,$130k,43aa40c7-1fe7-464b-955f-2d1477019e37,LD-2025-01301,,,,2026-08-05 11:10:18.242+00,2,,,2025-10-15 11:10:18.242+00,2026-08-11 11:18:44.352+00,ee399d9c-d933-48d5-b401-306ec7bdc22e,Hot,f,,0,AUTOMATIC,Reply to Lead,,,43aa40c7-1fe7-464b-955f-2d1477019e37,,,,,,,,
5574db9e-5f92-4037-acf3-cbf571d25033,Christopher,Rodriguez,Paramount Energy Group,christopher.rodriguez@paramountenergygroup.com,+1 (243) 596-6579,NEW,Google Search Ads,Food & Beverage,68,,Inbound Google Organic,,f,f,,,$401k,ffec5efc-4483-451b-b256-64f797a5fb9f,LD-2025-01354,,,,,0,,,2026-05-10 11:10:30.973+00,2026-08-05 11:10:30.973+00,957794e0-b1d0-41f9-844a-a7637166bdb2,Warm,f,,0,AUTOMATIC,Reply to Lead,,,ffec5efc-4483-451b-b256-64f797a5fb9f,,,,,,,,
1523188a-670f-4055-976c-cf32ec25d93f,Matthew,Lewis,Vanguard Holdings Inc.,matthew.lewis@vanguardholdingsinc.com,+1 (209) 625-4184,NEW,G2 Crowd Lead,Automotive,97,,Cloud Transformation Webinar,,t,f,,,$469k,978a5ab6-71e7-4d40-8cf8-d1c3ee2ecb5f,LD-2025-01302,,,,,0,,,2026-03-04 11:10:18.48+00,2026-08-11 11:18:44.413+00,ee399d9c-d933-48d5-b401-306ec7bdc22e,Hot,f,,0,AUTOMATIC,Reply to Lead,,,978a5ab6-71e7-4d40-8cf8-d1c3ee2ecb5f,,,,,,,,
faa3f58d-445d-48e8-9cb1-49f44f4687aa,Margaret,King,Genesis Systems Inc.,margaret.king@genesissystemsinc.com,+1 (257) 621-2502,NEW,Trade Show Expo 2025,Pharmaceutical,47,,Inbound Google Organic,,f,f,,,$114k,9ffa2ead-622b-404c-b159-5c4c8488e79e,LD-2025-01303,,,,,0,,,2025-11-15 11:10:18.717+00,2026-08-11 11:18:44.474+00,23ed5e20-b1a5-47fc-ba66-f316a7583f6e,Cold,f,,0,AUTOMATIC,Reply to Lead,,,9ffa2ead-622b-404c-b159-5c4c8488e79e,,,,,,,,
f15393af-e27c-4b44-ba44-537a5f264820,Mark,Hill,Horizon Energy Inc.,mark.hill@horizonenergyinc.com,+1 (498) 591-5924,NEW,Partner Referral,Food & Beverage,80,,Cloud Transformation Webinar,,f,f,,,$287k,c5486868-dbea-497e-9826-ef2053152713,LD-2025-01304,,,,,0,,,2026-03-06 11:10:18.955+00,2026-08-11 11:18:44.534+00,ee399d9c-d933-48d5-b401-306ec7bdc22e,Hot,f,,0,AUTOMATIC,Reply to Lead,,,c5486868-dbea-497e-9826-ef2053152713,,,,,,,,
2345ad0f-713d-479e-9aec-643ae8aa00a5,Kimberly,Brown,Pinnacle Robotics Inc.,kimberly.brown@pinnacleroboticsinc.com,+1 (276) 787-1236,NEW,Website Organic,FMCG,47,,Inbound Google Organic,,f,f,,,$357k,099261bd-f4cb-4545-bf46-3b461d7707ce,LD-2025-01305,,,,,0,,,2026-02-08 11:10:19.191+00,2026-08-11 11:18:44.595+00,957794e0-b1d0-41f9-844a-a7637166bdb2,Cold,f,,0,AUTOMATIC,Reply to Lead,,,099261bd-f4cb-4545-bf46-3b461d7707ce,,,,,,,,
c0a0fe97-2f89-494f-b7d0-8fb6632e634e,Andrew,Rodriguez,Titan Pharmaceuticals Inc.,andrew.rodriguez@titanpharmaceuticalsinc.com,+1 (847) 387-6587,NEW,WhatsApp Inbound,Logistics,49,,LinkedIn Account Based Marketing,,f,f,,,$269k,dad83353-9b9f-430e-8264-b7767d864bcc,LD-2025-01306,,,,2026-08-05 11:10:19.428+00,3,,,2026-07-02 11:10:19.428+00,2026-08-11 11:18:44.656+00,e059410e-b03d-4110-8dda-7e2322730e05,Cold,f,,0,AUTOMATIC,Reply to Lead,,,dad83353-9b9f-430e-8264-b7767d864bcc,,,,,,,,
00ced225-f82b-4464-a081-71fc1be6f458,Jennifer,White,Starlight Energy Inc.,jennifer.white@starlightenergyinc.com,+1 (833) 866-1960,NEW,Partner Referral,Retail,48,,Executive CXO Summit,,t,f,,,$434k,44eade90-d415-431d-9fad-7547702781a3,LD-2025-01309,,,,,0,,,2025-11-02 11:10:20.139+00,2026-08-11 11:18:44.716+00,aba0e0a8-5ab3-4f71-aa3f-84a3aab4d97a,Cold,f,,0,AUTOMATIC,Reply to Lead,,,44eade90-d415-431d-9fad-7547702781a3,,,,,,,,
cae7eba8-0ad0-476f-b62f-f77947ab64f3,William,Lewis,Beacon Robotics Inc.,william.lewis@beaconroboticsinc.com,+1 (404) 932-4268,NEW,Cold Inbound,Healthcare,40,,LinkedIn Account Based Marketing,,f,f,,,$410k,7880754e-f21c-406b-a503-8ab3fe85a6dc,LD-2025-01310,,,,,0,,,2025-11-13 11:10:20.377+00,2026-08-11 11:18:44.777+00,483561ee-4978-4ec5-bc44-6274d0dba919,Cold,f,,0,AUTOMATIC,Reply to Lead,,,7880754e-f21c-406b-a503-8ab3fe85a6dc,,,,,,,,
6b665568-41df-4e8c-acd0-11f405768d13,Sarah,Brown,Velocity Systems Inc.,sarah.brown@velocitysystemsinc.com,+1 (652) 892-9212,NEW,G2 Crowd Lead,Pharmaceutical,84,,Inbound Google Organic,,f,f,,,$219k,636bbea6-be8d-4785-afa1-d606dc9b4ca7,LD-2025-01313,,,,,0,,,2025-09-18 11:10:21.086+00,2026-08-11 11:18:44.899+00,44eb7440-fb3c-48fc-80f4-4eefdcbab25e,Hot,f,,0,AUTOMATIC,Reply to Lead,,,636bbea6-be8d-4785-afa1-d606dc9b4ca7,,,,,,,,
f5fd8cf0-1e2b-4a1a-86dd-9b439a72fe1e,Christopher,Rodriguez,Omni Energy Inc.,christopher.rodriguez@omnienergyinc.com,+1 (846) 225-2676,NEW,Webinar Series,Food & Beverage,90,,Inbound Google Organic,,f,f,,,$272k,af1d1864-9b90-466d-aaba-0bfef727355c,LD-2025-01314,,,,,0,,,2025-11-07 11:10:21.328+00,2026-08-11 11:18:44.959+00,44eb7440-fb3c-48fc-80f4-4eefdcbab25e,Hot,f,,0,AUTOMATIC,Reply to Lead,,,af1d1864-9b90-466d-aaba-0bfef727355c,,,,,,,,
d0fb81b1-8e46-4a03-9123-5d201c3daee6,Sandra,White,Helios Holdings Inc.,sandra.white@heliosholdingsinc.com,+1 (813) 671-8733,NEW,Executive Referral,Construction,92,,LinkedIn Account Based Marketing,,f,f,,,$132k,50b659ee-8449-4854-8c7d-a2704c56e320,LD-2025-01317,,,,,0,,,2025-09-06 11:10:22.042+00,2026-08-11 11:18:45.02+00,42a679ed-ba3b-4b85-bf6a-9d83beb83b78,Hot,f,,0,AUTOMATIC,Reply to Lead,,,50b659ee-8449-4854-8c7d-a2704c56e320,,,,,,,,
01fc293f-6a26-4226-a467-ad892f8a54b4,Paul,Lewis,Aegis Systems Inc.,paul.lewis@aegissystemsinc.com,+1 (717) 169-7573,NEW,LinkedIn Outreach,Technology,82,,Q1 Enterprise Tech Expo,,f,f,,,$412k,d1684f4a-9158-4049-9d4d-a1a06b5e5ffa,LD-2025-01318,,,,,0,,,2026-06-10 11:10:22.279+00,2026-08-11 11:18:45.081+00,7cd4892f-38fe-4d5f-959c-14bf5029b5e6,Hot,f,,0,AUTOMATIC,Reply to Lead,,,d1684f4a-9158-4049-9d4d-a1a06b5e5ffa,,,,,,,,
838cee93-bedf-4d4a-bd75-173f2a33d1b1,Mary,Brown,Infinitum Pharmaceuticals Inc.,mary.brown@infinitumpharmaceuticalsinc.com,+1 (690) 860-8742,NEW,WhatsApp Inbound,Manufacturing,84,,LinkedIn Account Based Marketing,,f,f,,,$159k,d0153f05-406c-4e7b-a7fe-b3f98cf3f4b2,LD-2025-01321,,,,2026-08-05 11:10:22.99+00,2,,,2025-08-16 11:10:22.99+00,2026-08-11 11:18:45.141+00,6623fa17-a8cc-4aa2-a9ff-0f08a8c7e6f2,Hot,f,,0,AUTOMATIC,Reply to Lead,,,d0153f05-406c-4e7b-a7fe-b3f98cf3f4b2,,,,,,,,
92dfd8e2-131e-4e5e-a145-378c2290ced0,David,Jackson,Paramount Energy Inc.,david.jackson@paramountenergyinc.com,+1 (577) 817-3495,NEW,Google Search Ads,Food & Beverage,61,,Q1 Enterprise Tech Expo,,f,f,,,$488k,2ab7e5c9-35f0-4480-ad52-c852f50f0211,LD-2025-01324,,,,,0,,,2026-01-28 11:10:23.706+00,2026-08-05 11:10:23.706+00,3e005293-abb2-40e3-bb8d-c83ea7c38f88,Warm,f,,0,AUTOMATIC,Reply to Lead,,,2ab7e5c9-35f0-4480-ad52-c852f50f0211,,,,,,,,
d1c90119-be70-4d7f-9f41-1c9b72340cff,Susan,White,Crestview Robotics Inc.,susan.white@crestviewroboticsinc.com,+1 (489) 849-3414,NEW,Partner Referral,FMCG,68,,Q1 Enterprise Tech Expo,,f,f,,,$206k,dbb62477-9e5e-4401-b018-24659ced5447,LD-2025-01325,,,,,0,,,2025-10-31 11:10:23.942+00,2026-08-05 11:10:23.943+00,e7de7c5d-e62d-48de-9ef9-3791d955ebe1,Warm,f,,0,AUTOMATIC,Reply to Lead,,,dbb62477-9e5e-4401-b018-24659ced5447,,,,,,,,
b56d977c-5c7a-4177-8ac2-4c19fb673d9f,Thomas,Lewis,Summit Pharmaceuticals Inc.,thomas.lewis@summitpharmaceuticalsinc.com,+1 (400) 338-3493,NEW,WhatsApp Inbound,Logistics,55,,Q1 Enterprise Tech Expo,,f,f,,,$219k,49955880-1394-42cb-a131-04b0ccd39d4d,LD-2025-01326,,,,2026-08-05 11:10:24.179+00,2,,,2025-09-28 11:10:24.179+00,2026-08-05 11:10:24.179+00,5579bbef-b890-4d99-91e2-e017decbd26e,Warm,f,,0,AUTOMATIC,Reply to Lead,,,49955880-1394-42cb-a131-04b0ccd39d4d,,,,,,,,
2e550921-bfdd-4456-ade7-9e19b67e8854,Betty,Brown,Ironclad Energy Inc.,betty.brown@ironcladenergyinc.com,+1 (662) 465-6290,NEW,Cold Inbound,Retail,76,,Cloud Transformation Webinar,,f,f,,,$278k,2f694078-1b63-43a2-bd36-9661faa5afbc,LD-2025-01329,,,,,0,,,2026-07-22 11:10:24.903+00,2026-08-05 11:10:24.904+00,e059410e-b03d-4110-8dda-7e2322730e05,Warm,f,,0,AUTOMATIC,Reply to Lead,,,2f694078-1b63-43a2-bd36-9661faa5afbc,,,,,,,,
ed6be088-6a05-44ab-961f-8316552a5b2d,Ashley,Wilson,Apex Pharmaceuticals Inc.,ashley.wilson@apexpharmaceuticalsinc.com,+1 (813) 209-2367,NEW,WhatsApp Inbound,Manufacturing,75,,Executive CXO Summit,,f,f,,,$253k,78572ffd-b2af-47e3-bcea-e2c18c1f368c,LD-2025-01331,,,,2026-08-05 11:10:25.435+00,2,,,2025-12-27 11:10:25.435+00,2026-08-05 11:10:25.435+00,aeceeffe-1a87-4ed1-82c9-5b41cc2e4c80,Warm,f,,0,AUTOMATIC,Reply to Lead,,,78572ffd-b2af-47e3-bcea-e2c18c1f368c,,,,,,,,
d982daca-0a51-4269-896a-d1628376952f,Steven,Jackson,Vanguard Holdings Group,steven.jackson@vanguardholdingsgroup.com,+1 (391) 214-2732,NEW,Cold Inbound,Automotive,75,,Q1 Enterprise Tech Expo,,f,f,,,$235k,7be32d2b-6bc4-4cf1-9649-5b2a4171ae6e,LD-2025-01332,,,,,0,,,2026-04-12 11:10:25.675+00,2026-08-05 11:10:25.675+00,bb643de2-92dc-4e74-8a56-a275688b3f0e,Warm,f,,0,AUTOMATIC,Reply to Lead,,,7be32d2b-6bc4-4cf1-9649-5b2a4171ae6e,,,,,,,,
7e220381-8262-48b3-b82c-2d15d3daf533,Donna,White,Genesis Systems Group,donna.white@genesissystemsgroup.com,+1 (254) 136-2748,NEW,Direct Mail Campaign,Pharmaceutical,76,,Q1 Enterprise Tech Expo,,f,f,,,$393k,5155fef9-3722-4f5b-9b9a-3e392bf31623,LD-2025-01333,,,,,0,,,2025-09-10 11:10:25.937+00,2026-08-05 11:10:25.938+00,6623fa17-a8cc-4aa2-a9ff-0f08a8c7e6f2,Warm,f,,0,AUTOMATIC,Reply to Lead,,,5155fef9-3722-4f5b-9b9a-3e392bf31623,,,,,,,,
4ecff25e-d5a4-46bd-a196-bd46541291a5,James,Lewis,Horizon Energy Group,james.lewis@horizonenergygroup.com,+1 (433) 838-5149,NEW,Google Search Ads,Food & Beverage,65,,Cloud Transformation Webinar,,f,f,,,$438k,efd9e626-374e-419f-9ea4-36fd12bde3b1,LD-2025-01334,,,,,0,,,2026-06-28 11:10:26.224+00,2026-08-05 11:10:26.225+00,6623fa17-a8cc-4aa2-a9ff-0f08a8c7e6f2,Warm,f,,0,AUTOMATIC,Reply to Lead,,,efd9e626-374e-419f-9ea4-36fd12bde3b1,,,,,,,,
be455114-cb00-47fd-8f0e-d04943c48316,Elizabeth,Brown,Helios Holdings Group,elizabeth.brown@heliosholdingsgroup.com,+1 (898) 569-7622,NEW,Cold Inbound,Construction,67,,Q1 Enterprise Tech Expo,,f,f,,,$236k,4c823b82-54e1-4252-aaf0-fc85fc2c1d19,LD-2025-01377,,,,,0,,,2025-09-13 11:10:36.477+00,2026-08-05 11:10:36.477+00,bfdf8c1f-fe23-4dfb-b2da-5faedf129c36,Warm,f,,0,AUTOMATIC,Reply to Lead,,,4c823b82-54e1-4252-aaf0-fc85fc2c1d19,,,,,,,,
1a739c0c-99c1-4076-a19e-66b7854b3556,Richard,Rodriguez,Aegis Systems Group,richard.rodriguez@aegissystemsgroup.com,+1 (310) 321-6797,NEW,Partner Referral,Technology,57,,Inbound Google Organic,,f,f,,,$446k,fa055f48-ccde-4a5f-ac3b-8dbc0000b7db,LD-2025-01378,,,,,0,,,2025-08-12 11:10:36.717+00,2026-08-05 11:10:36.718+00,ee399d9c-d933-48d5-b401-306ec7bdc22e,Warm,f,,0,AUTOMATIC,Reply to Lead,,,fa055f48-ccde-4a5f-ac3b-8dbc0000b7db,,,,,,,,
84bbe0d3-4612-477f-b282-90874d830825,Patricia,King,Pinnacle Robotics Group,patricia.king@pinnacleroboticsgroup.com,+1 (237) 820-2034,NEW,Partner Referral,FMCG,61,,LinkedIn Account Based Marketing,,f,f,,,$210k,a5dd3d6d-64ec-4106-85a6-11e3e5a6309f,LD-2025-01335,,,,,0,,,2026-07-14 11:10:26.461+00,2026-08-05 11:10:26.461+00,ee399d9c-d933-48d5-b401-306ec7bdc22e,Warm,f,,0,AUTOMATIC,Reply to Lead,,,a5dd3d6d-64ec-4106-85a6-11e3e5a6309f,,,,,,,,
20a4d2a0-3f2d-4f0c-af1e-79ae16cf86b2,Michael,Hill,Titan Pharmaceuticals Group,michael.hill@titanpharmaceuticalsgroup.com,+1 (976) 600-2606,NEW,WhatsApp Inbound,Logistics,53,,Cloud Transformation Webinar,,f,f,,,$410k,2aee8d1f-c2a1-47af-84d5-41b6427ecf4c,LD-2025-01336,,,,2026-08-04 11:10:26.695+00,1,,,2026-06-19 11:10:26.695+00,2026-08-05 11:10:26.695+00,1bb812ed-075a-4220-9893-33db0e58443c,Warm,f,,0,AUTOMATIC,Reply to Lead,,,2aee8d1f-c2a1-47af-84d5-41b6427ecf4c,,,,,,,,
9eee841e-670d-48de-921b-2341d3ecb19f,Elizabeth,Brown,Quantum Holdings Group,elizabeth.brown@quantumholdingsgroup.com,+1 (622) 904-1582,NEW,Trade Show Expo 2025,Construction,75,,Cloud Transformation Webinar,,t,f,,,$143k,1dbfd97b-1edd-480c-a2ff-f95162216b35,LD-2025-01337,,,,,0,,,2026-04-27 11:10:26.93+00,2026-08-05 11:10:26.93+00,5579bbef-b890-4d99-91e2-e017decbd26e,Warm,f,,0,AUTOMATIC,Reply to Lead,,,1dbfd97b-1edd-480c-a2ff-f95162216b35,,,,,,,,
dff57a1d-f385-4e45-b33c-a89a5b68e781,Charles,Jackson,Beacon Robotics Group,charles.jackson@beaconroboticsgroup.com,+1 (733) 829-6011,NEW,Google Search Ads,Healthcare,67,,LinkedIn Account Based Marketing,,f,f,,,$399k,dcc85dfc-9e1f-4d7d-af81-c507949b4ade,LD-2025-01340,,,,,0,,,2025-09-16 11:10:27.641+00,2026-08-05 11:10:27.642+00,aeceeffe-1a87-4ed1-82c9-5b41cc2e4c80,Warm,f,,0,AUTOMATIC,Reply to Lead,,,dcc85dfc-9e1f-4d7d-af81-c507949b4ade,,,,,,,,
6ccf6d9a-9437-4f4a-8ef0-cda98901317a,Matthew,Lewis,Synergy Holdings Group,matthew.lewis@synergyholdingsgroup.com,+1 (766) 628-1655,NEW,WhatsApp Inbound,Automotive,51,,Q1 Enterprise Tech Expo,,f,f,,,$225k,5a8db5a7-7a00-4e6e-bb6d-6f9d85ca1973,LD-2025-01342,,,,,0,,,2026-01-22 11:10:28.119+00,2026-08-05 11:10:28.12+00,483561ee-4978-4ec5-bc44-6274d0dba919,Warm,f,,0,AUTOMATIC,Reply to Lead,,,5a8db5a7-7a00-4e6e-bb6d-6f9d85ca1973,,,,,,,,
ac541ffd-eeef-41b9-a8fd-1ef709f8889f,Margaret,King,Velocity Systems Group,margaret.king@velocitysystemsgroup.com,+1 (306) 833-8816,NEW,WhatsApp Inbound,Pharmaceutical,58,,Q1 Enterprise Tech Expo,,f,f,,,$189k,09b18443-1d83-4a99-9f36-95786daaf988,LD-2025-01343,,,,,0,,,2026-06-17 11:10:28.356+00,2026-08-05 11:10:28.356+00,42a679ed-ba3b-4b85-bf6a-9d83beb83b78,Warm,f,,0,AUTOMATIC,Reply to Lead,,,09b18443-1d83-4a99-9f36-95786daaf988,,,,,,,,
e49972cd-935a-4cf7-9f42-9d2a69829160,Michelle,Wilson,Helios Holdings Group,michelle.wilson@heliosholdingsgroup.com,+1 (866) 155-3094,NEW,Trade Show Expo 2025,Construction,72,,Executive CXO Summit,,f,f,,,$452k,d06533e1-c4d3-4dc6-9570-892696133cf1,LD-2025-01347,,,,,0,,,2026-03-30 11:10:29.304+00,2026-08-05 11:10:29.304+00,5590f73f-33da-422a-98ed-8fd0fb6917f2,Warm,f,,0,AUTOMATIC,Reply to Lead,,,d06533e1-c4d3-4dc6-9570-892696133cf1,,,,,,,,
dfc6fe10-1480-45d7-8e89-1d49d9e3abf1,John,Jackson,Aegis Systems Group,john.jackson@aegissystemsgroup.com,+1 (849) 970-9281,NEW,WhatsApp Inbound,Technology,60,,Cloud Transformation Webinar,,f,f,,,$404k,89f6a116-5a31-4ee1-9dec-f734088cd09f,LD-2025-01348,,,,,0,,,2025-10-10 11:10:29.54+00,2026-08-05 11:10:29.54+00,957794e0-b1d0-41f9-844a-a7637166bdb2,Warm,f,,0,AUTOMATIC,Reply to Lead,,,89f6a116-5a31-4ee1-9dec-f734088cd09f,,,,,,,,
316aac81-bf9c-40f9-84f7-b8859f305781,Karen,King,Astral Holdings Inc.,karen.king@astralholdingsinc.com,+1 (361) 620-1332,NEW,Executive Referral,Construction,90,,Inbound Google Organic,,f,f,,,$434k,e77f034c-3351-43e4-b06c-0466d38e2da5,LD-2025-01327,,,,,0,,,2026-01-04 11:10:24.427+00,2026-08-11 11:18:45.262+00,af8f43bb-c608-4c5a-9968-fdc97c51a924,Hot,f,,0,AUTOMATIC,Reply to Lead,,,e77f034c-3351-43e4-b06c-0466d38e2da5,,,,,,,,
a694ab87-067d-481d-83f2-c1157766f5ab,Daniel,Hill,Veritas Systems Inc.,daniel.hill@veritassystemsinc.com,+1 (530) 316-2915,NEW,Trade Show Expo 2025,Technology,87,,Inbound Google Organic,,f,f,,,$141k,688e39a3-e9b4-46e6-ab8e-a6806bc6730c,LD-2025-01328,,,,,0,,,2026-02-08 11:10:24.664+00,2026-08-11 11:18:45.322+00,42a679ed-ba3b-4b85-bf6a-9d83beb83b78,Hot,f,,0,AUTOMATIC,Reply to Lead,,,688e39a3-e9b4-46e6-ab8e-a6806bc6730c,,,,,,,,
c3be5a65-4835-4d77-9106-053d5138dc54,Donald,Rodriguez,Catalyst Robotics Inc.,donald.rodriguez@catalystroboticsinc.com,+1 (653) 837-7038,NEW,Cold Inbound,Healthcare,89,,Cloud Transformation Webinar,,t,f,,,$461k,478a3057-5be6-45b8-a53b-f6e8f200c029,LD-2025-01330,,,,,0,,,2026-06-01 11:10:25.14+00,2026-08-11 11:18:45.383+00,7486a411-91a0-45ef-80f5-4e0ed4bb891b,Hot,f,,0,AUTOMATIC,Reply to Lead,,,478a3057-5be6-45b8-a53b-f6e8f200c029,,,,,,,,
2ef9923f-fc2e-4af6-8dea-dc89c83fb391,Richard,Rodriguez,Nexus Systems Group,richard.rodriguez@nexussystemsgroup.com,+1 (986) 760-1386,NEW,Google Search Ads,Technology,87,,LinkedIn Account Based Marketing,,f,f,,,$416k,79643362-51d0-4a00-b203-91ebe70703d6,LD-2025-01338,,,,,0,,,2026-05-07 11:10:27.166+00,2026-08-11 11:18:45.444+00,23ed5e20-b1a5-47fc-ba66-f316a7583f6e,Hot,f,,0,AUTOMATIC,Reply to Lead,,,79643362-51d0-4a00-b203-91ebe70703d6,,,,,,,,
cf16d756-de88-4ed0-b52e-359d7af2c5c4,Jessica,Wilson,Starlight Energy Group,jessica.wilson@starlightenergygroup.com,+1 (841) 979-2898,NEW,Cold Inbound,Retail,90,,LinkedIn Account Based Marketing,,f,f,,,$191k,4ba0473e-5b49-4921-8443-2397f9c6eb4b,LD-2025-01339,,,,,0,,,2026-07-10 11:10:27.405+00,2026-08-11 11:18:45.504+00,bb643de2-92dc-4e74-8a56-a275688b3f0e,Hot,f,,0,AUTOMATIC,Reply to Lead,,,4ba0473e-5b49-4921-8443-2397f9c6eb4b,,,,,,,,
af4b54ee-900f-4942-ab32-953d83ab245b,Nancy,White,Sterling Pharmaceuticals Group,nancy.white@sterlingpharmaceuticalsgroup.com,+1 (271) 212-3489,NEW,WhatsApp Inbound,Manufacturing,45,,LinkedIn Account Based Marketing,,f,f,,,$465k,e3e41a3b-c324-4b7d-a84b-514156c3c2a5,LD-2025-01341,,,,2026-08-05 11:10:27.882+00,3,,,2025-08-15 11:10:27.882+00,2026-08-11 11:18:45.565+00,73dd3a5d-5d54-4be3-bc58-f685204bd378,Cold,f,,0,AUTOMATIC,Reply to Lead,,,e3e41a3b-c324-4b7d-a84b-514156c3c2a5,,,,,,,,
5fb9e9de-fdf5-4772-97a4-894c5b2dffe5,Mark,Hill,Omni Energy Group,mark.hill@omnienergygroup.com,+1 (976) 165-6538,NEW,Partner Referral,Food & Beverage,86,,LinkedIn Account Based Marketing,,t,f,,,$105k,12f4a62d-92cf-4e29-93b9-126d9828178c,LD-2025-01344,,,,,0,,,2025-10-29 11:10:28.593+00,2026-08-11 11:18:45.625+00,23ed5e20-b1a5-47fc-ba66-f316a7583f6e,Hot,f,,0,AUTOMATIC,Reply to Lead,,,12f4a62d-92cf-4e29-93b9-126d9828178c,,,,,,,,
4fd68aeb-7d0f-4338-9672-fcd2c1839788,Kimberly,Brown,Prism Robotics Group,kimberly.brown@prismroboticsgroup.com,+1 (631) 362-7802,NEW,LinkedIn Outreach,FMCG,91,,Direct Executive Outreach,,f,f,,,$255k,478016c6-fd22-45fe-9380-a8b7929c8617,LD-2025-01345,,,,,0,,,2026-01-11 11:10:28.83+00,2026-08-11 11:18:45.686+00,af8f43bb-c608-4c5a-9968-fdc97c51a924,Hot,f,,0,AUTOMATIC,Reply to Lead,,,478016c6-fd22-45fe-9380-a8b7929c8617,,,,,,,,
0f0ee83c-377d-4c4d-b820-3ee97a02544a,Emily,King,Ironclad Energy Group,emily.king@ironcladenergygroup.com,+1 (478) 189-3745,NEW,Website Organic,Retail,50,,Q1 Enterprise Tech Expo,,f,f,,,$415k,772a2c1d-cdf3-4c9d-809d-a4bc2ee61036,LD-2025-01359,,,,,0,,,2026-04-01 11:10:32.159+00,2026-08-05 11:10:32.159+00,4760f22f-427c-460d-8bab-17f36ae27f98,Warm,f,,0,AUTOMATIC,Reply to Lead,,,772a2c1d-cdf3-4c9d-809d-a4bc2ee61036,,,,,,,,
abdb0916-380b-4bdc-ad51-bfb524e487ed,Robert,Rodriguez,Vanguard Holdings Group,robert.rodriguez@vanguardholdingsgroup.com,+1 (437) 810-9121,NEW,LinkedIn Outreach,Automotive,63,,LinkedIn Account Based Marketing,,f,f,,,$387k,faf41b85-cdfa-4c94-a793-b4b6d71d2080,LD-2025-01362,,,,,0,,,2026-04-25 11:10:32.871+00,2026-08-05 11:10:32.871+00,483561ee-4978-4ec5-bc44-6274d0dba919,Warm,f,,0,AUTOMATIC,Reply to Lead,,,faf41b85-cdfa-4c94-a793-b4b6d71d2080,,,,,,,,
fe983d99-4300-4f5c-8420-12e936432050,Susan,White,Pinnacle Robotics Group,susan.white@pinnacleroboticsgroup.com,+1 (557) 688-3696,NEW,LinkedIn Outreach,FMCG,56,,Q1 Enterprise Tech Expo,,t,f,,,$459k,05e0182a-c179-49a0-bf01-7c1ebe4ada15,LD-2025-01365,,,,,0,,,2026-07-09 11:10:33.584+00,2026-08-05 11:10:33.584+00,604bb8ab-99ba-4134-8053-815900a040c0,Warm,f,,0,AUTOMATIC,Reply to Lead,,,05e0182a-c179-49a0-bf01-7c1ebe4ada15,,,,,,,,
60be12cd-6a64-45d0-a6f5-0a3f7eacb6ce,Karen,King,Quantum Holdings Group,karen.king@quantumholdingsgroup.com,+1 (377) 920-1278,NEW,WhatsApp Inbound,Construction,58,,Inbound Google Organic,,f,f,,,$50k,6922cd0f-1cdf-47d6-b389-cce3df80765c,LD-2025-01367,,,,,0,,,2026-01-28 11:10:34.062+00,2026-08-05 11:10:34.063+00,bfdf8c1f-fe23-4dfb-b2da-5faedf129c36,Warm,f,,0,AUTOMATIC,Reply to Lead,,,6922cd0f-1cdf-47d6-b389-cce3df80765c,,,,,,,,
d9795dad-525d-4a84-a625-29a2033ca366,Daniel,Hill,Nexus Systems Group,daniel.hill@nexussystemsgroup.com,+1 (550) 335-3196,NEW,Website Organic,Technology,66,,Direct Executive Outreach,,f,f,,,$434k,a78c7fbc-2a80-4f9e-a179-cf78de6bc10f,LD-2025-01368,,,,,0,,,2026-06-07 11:10:34.305+00,2026-08-05 11:10:34.305+00,af8f43bb-c608-4c5a-9968-fdc97c51a924,Warm,f,,0,AUTOMATIC,Reply to Lead,,,a78c7fbc-2a80-4f9e-a179-cf78de6bc10f,,,,,,,,
060b59b5-8913-4c48-bad5-d02459d47891,Betty,Brown,Starlight Energy Group,betty.brown@starlightenergygroup.com,+1 (439) 369-1888,NEW,LinkedIn Outreach,Retail,75,,Q1 Enterprise Tech Expo,,f,f,,,$195k,ebb302f1-47f7-4066-9378-2eb05dd0e3f2,LD-2025-01369,,,,,0,,,2025-08-31 11:10:34.55+00,2026-08-05 11:10:34.55+00,7cd4892f-38fe-4d5f-959c-14bf5029b5e6,Warm,f,,0,AUTOMATIC,Reply to Lead,,,ebb302f1-47f7-4066-9378-2eb05dd0e3f2,,,,,,,,
526602bc-7738-476f-80eb-b9a2cfbfe5fb,Donald,Rodriguez,Beacon Robotics Group,donald.rodriguez@beaconroboticsgroup.com,+1 (579) 642-1075,NEW,Webinar Series,Healthcare,58,,Q1 Enterprise Tech Expo,,f,f,,,$96k,bff1e3d7-07bf-4d36-840b-0d83b78cda0a,LD-2025-01370,,,,,0,,,2025-10-23 11:10:34.785+00,2026-08-05 11:10:34.785+00,23ed5e20-b1a5-47fc-ba66-f316a7583f6e,Warm,f,,0,AUTOMATIC,Reply to Lead,,,bff1e3d7-07bf-4d36-840b-0d83b78cda0a,,,,,,,,
05174d62-4d9c-4166-8426-796856e764a8,Donna,White,Velocity Systems Group,donna.white@velocitysystemsgroup.com,+1 (209) 113-4631,NEW,Website Organic,Pharmaceutical,68,,Inbound Google Organic,,f,f,,,$219k,13322aaa-ec06-4d17-be1d-0c1a1af758fa,LD-2025-01373,,,,,0,,,2026-03-04 11:10:35.497+00,2026-08-05 11:10:35.497+00,ee399d9c-d933-48d5-b401-306ec7bdc22e,Warm,f,,0,AUTOMATIC,Reply to Lead,,,13322aaa-ec06-4d17-be1d-0c1a1af758fa,,,,,,,,
ed42bbed-2fc6-4f19-8f34-a86bdaf561e9,William,Lewis,Global Robotics Group,william.lewis@globalroboticsgroup.com,+1 (288) 305-9317,NEW,Trade Show Expo 2025,Healthcare,94,,Q1 Enterprise Tech Expo,,f,f,,,$120k,77fa6aef-8cff-49ec-956b-84de4fe5eec1,LD-2025-01350,,,,,0,,,2025-10-15 11:10:30.015+00,2026-08-11 11:18:45.868+00,23ed5e20-b1a5-47fc-ba66-f316a7583f6e,Hot,f,,0,AUTOMATIC,Reply to Lead,,,77fa6aef-8cff-49ec-956b-84de4fe5eec1,,,,,,,,
33c64c87-af2d-4047-88b0-61baca3ce8f6,Barbara,King,Infinitum Pharmaceuticals Group,barbara.king@infinitumpharmaceuticalsgroup.com,+1 (997) 464-5462,NEW,WhatsApp Inbound,Manufacturing,95,,LinkedIn Account Based Marketing,,t,f,,,$70k,e1d32f2d-a8fb-4ce7-9f64-469eb261e242,LD-2025-01351,,,,2026-08-03 11:10:30.252+00,2,,,2026-03-03 11:10:30.252+00,2026-08-11 11:18:45.928+00,ee399d9c-d933-48d5-b401-306ec7bdc22e,Hot,f,,0,AUTOMATIC,Reply to Lead,,,e1d32f2d-a8fb-4ce7-9f64-469eb261e242,,,,,,,,
c51b3d54-b9c4-4e4d-bdf5-fbf8ea0fd3e1,Joseph,Hill,Orion Holdings Group,joseph.hill@orionholdingsgroup.com,+1 (388) 132-2432,NEW,Trade Show Expo 2025,Automotive,39,,Q1 Enterprise Tech Expo,,f,f,,,$89k,172f10bc-55dd-4489-a682-f84a75d2ead1,LD-2025-01352,,,,,0,,,2026-01-09 11:10:30.498+00,2026-08-11 11:18:45.989+00,e059410e-b03d-4110-8dda-7e2322730e05,Cold,f,,0,AUTOMATIC,Reply to Lead,,,172f10bc-55dd-4489-a682-f84a75d2ead1,,,,,,,,
d21ae658-246d-4df4-a9a1-f8026e72e1ff,Sarah,Brown,Equinox Systems Group,sarah.brown@equinoxsystemsgroup.com,+1 (419) 365-9820,NEW,Trade Show Expo 2025,Pharmaceutical,88,,Executive CXO Summit,,f,f,,,$317k,90a4e029-3edc-40d9-9712-05f736eb42a7,LD-2025-01353,,,,,0,,,2025-09-02 11:10:30.735+00,2026-08-11 11:18:46.05+00,957794e0-b1d0-41f9-844a-a7637166bdb2,Hot,f,,0,AUTOMATIC,Reply to Lead,,,90a4e029-3edc-40d9-9712-05f736eb42a7,,,,,,,,
d1da329c-cc8d-4487-ab0d-de0267d4d9e1,Lisa,Wilson,Crestview Robotics Group,lisa.wilson@crestviewroboticsgroup.com,+1 (277) 608-6104,NEW,Google Search Ads,FMCG,95,,Q1 Enterprise Tech Expo,,f,f,,,$420k,bb895974-88a7-43fc-bb2c-9e08a5e2d5f2,LD-2025-01355,,,,,0,,,2026-04-18 11:10:31.21+00,2026-08-11 11:18:46.111+00,23ed5e20-b1a5-47fc-ba66-f316a7583f6e,Hot,f,,0,AUTOMATIC,Reply to Lead,,,bb895974-88a7-43fc-bb2c-9e08a5e2d5f2,,,,,,,,
b83c1c8a-5ea0-47cf-8203-10fb7a12a527,Anthony,Jackson,Summit Pharmaceuticals Group,anthony.jackson@summitpharmaceuticalsgroup.com,+1 (387) 415-9303,NEW,WhatsApp Inbound,Logistics,46,,Executive CXO Summit,,f,f,,,$98k,8ffda739-8f65-4e81-88bd-98acbcbf7dfa,LD-2025-01356,,,,2026-08-03 11:10:31.45+00,3,,,2026-02-16 11:10:31.45+00,2026-08-11 11:18:46.172+00,bfdf8c1f-fe23-4dfb-b2da-5faedf129c36,Cold,f,,0,AUTOMATIC,Reply to Lead,,,8ffda739-8f65-4e81-88bd-98acbcbf7dfa,,,,,,,,
90d7ca2b-ec0d-42eb-a44d-fe4cb63fe8be,Sandra,White,Astral Holdings Group,sandra.white@astralholdingsgroup.com,+1 (619) 867-3141,NEW,Direct Mail Campaign,Construction,42,,Direct Executive Outreach,,f,f,,,$328k,858fe24e-865c-488f-b1ac-20a02345af1c,LD-2025-01357,,,,,0,,,2026-05-24 11:10:31.686+00,2026-08-11 11:18:46.233+00,1bb812ed-075a-4220-9893-33db0e58443c,Cold,f,,0,AUTOMATIC,Reply to Lead,,,858fe24e-865c-488f-b1ac-20a02345af1c,,,,,,,,
75c0a3d6-c276-47e1-a85f-94b193e7f3a7,Paul,Lewis,Veritas Systems Group,paul.lewis@veritassystemsgroup.com,+1 (306) 452-4227,NEW,LinkedIn Outreach,Technology,40,,Q1 Enterprise Tech Expo,,t,f,,,$186k,3a11b027-3335-4ec0-8e92-1bb2711636a2,LD-2025-01358,,,,,0,,,2025-08-26 11:10:31.921+00,2026-08-11 11:18:46.294+00,e059410e-b03d-4110-8dda-7e2322730e05,Cold,f,,0,AUTOMATIC,Reply to Lead,,,3a11b027-3335-4ec0-8e92-1bb2711636a2,,,,,,,,
2e650b74-aa0d-49c4-9f70-92e9a798fa64,Kenneth,Hill,Catalyst Robotics Group,kenneth.hill@catalystroboticsgroup.com,+1 (754) 223-4131,NEW,Direct Mail Campaign,Healthcare,48,,Q1 Enterprise Tech Expo,,f,f,,,$438k,4f12f495-b269-41b1-8c98-960d83e9fbf4,LD-2025-01360,,,,,0,,,2025-11-28 11:10:32.396+00,2026-08-11 11:18:46.354+00,7cd4892f-38fe-4d5f-959c-14bf5029b5e6,Cold,f,,0,AUTOMATIC,Reply to Lead,,,4f12f495-b269-41b1-8c98-960d83e9fbf4,,,,,,,,
16c32220-7b76-437c-b76b-8190acbd1a68,Mary,Brown,Apex Pharmaceuticals Group,mary.brown@apexpharmaceuticalsgroup.com,+1 (826) 928-3507,NEW,WhatsApp Inbound,Manufacturing,45,,Executive CXO Summit,,f,f,,,$452k,bd2ace4e-acd4-4ad6-bcee-a6703556f367,LD-2025-01361,,,,2026-08-05 11:10:32.633+00,2,,,2025-10-31 11:10:32.633+00,2026-08-11 11:18:46.415+00,483561ee-4978-4ec5-bc44-6274d0dba919,Cold,f,,0,AUTOMATIC,Reply to Lead,,,bd2ace4e-acd4-4ad6-bcee-a6703556f367,,,,,,,,
31ca6973-1be6-4c5e-b68f-4918157f1dcd,David,Jackson,Horizon Energy Group,david.jackson@horizonenergygroup.com,+1 (387) 874-6680,NEW,Direct Mail Campaign,Food & Beverage,82,,Direct Executive Outreach,,f,f,,,$413k,1c7d06db-8212-427f-ab14-85af593585bd,LD-2025-01364,,,,,0,,,2026-03-04 11:10:33.347+00,2026-08-11 11:18:46.536+00,bfdf8c1f-fe23-4dfb-b2da-5faedf129c36,Hot,f,,0,AUTOMATIC,Reply to Lead,,,1c7d06db-8212-427f-ab14-85af593585bd,,,,,,,,
24c0eec0-6503-4519-b93a-bbd70b1de8c2,Thomas,Lewis,Titan Pharmaceuticals Group,thomas.lewis@titanpharmaceuticalsgroup.com,+1 (436) 791-5298,NEW,WhatsApp Inbound,Logistics,91,,Q1 Enterprise Tech Expo,,f,f,,,$104k,0f86c212-7a93-40c8-9f27-eda83ca34b3e,LD-2025-01366,,,,2026-08-03 11:10:33.822+00,3,,,2025-08-24 11:10:33.822+00,2026-08-11 11:18:46.597+00,483561ee-4978-4ec5-bc44-6274d0dba919,Hot,f,,0,AUTOMATIC,Reply to Lead,,,0f86c212-7a93-40c8-9f27-eda83ca34b3e,,,,,,,,
c5d4661b-7163-4b4d-8c1a-ad29c1af0db4,Ashley,Wilson,Sterling Pharmaceuticals Group,ashley.wilson@sterlingpharmaceuticalsgroup.com,+1 (588) 930-8699,NEW,WhatsApp Inbound,Manufacturing,98,,Direct Executive Outreach,,f,f,,,$442k,1e46e8fa-fb49-4667-acf5-0f6b3b431d4a,LD-2025-01371,,,,2026-08-05 11:10:35.023+00,1,,,2025-12-30 11:10:35.023+00,2026-08-11 11:18:46.658+00,483561ee-4978-4ec5-bc44-6274d0dba919,Hot,f,,0,AUTOMATIC,Reply to Lead,,,1e46e8fa-fb49-4667-acf5-0f6b3b431d4a,,,,,,,,
2a3050e8-5182-42c3-ad77-3b1c8fb5f4cd,Steven,Jackson,Synergy Holdings Group,steven.jackson@synergyholdingsgroup.com,+1 (693) 636-5527,NEW,Website Organic,Automotive,97,,Direct Executive Outreach,,t,f,,,$394k,928154de-f1e0-4b45-9c41-3afe0c939040,LD-2025-01372,,,,,0,,,2026-01-16 11:10:35.258+00,2026-08-11 11:18:46.719+00,4760f22f-427c-460d-8bab-17f36ae27f98,Hot,f,,0,AUTOMATIC,Reply to Lead,,,928154de-f1e0-4b45-9c41-3afe0c939040,,,,,,,,
5e754af8-c05c-4965-bc57-72e3b738113d,James,Lewis,Omni Energy Group,james.lewis@omnienergygroup.com,+1 (392) 424-1983,NEW,LinkedIn Outreach,Food & Beverage,42,,Q1 Enterprise Tech Expo,,f,f,,,$419k,bf230543-be02-465c-9dd2-e181a2eaecc0,LD-2025-01374,,,,,0,,,2026-07-18 11:10:35.754+00,2026-08-11 11:18:46.78+00,483561ee-4978-4ec5-bc44-6274d0dba919,Cold,f,,0,AUTOMATIC,Reply to Lead,,,bf230543-be02-465c-9dd2-e181a2eaecc0,,,,,,,,
8df1ec37-8521-4e66-bb45-0431cadc2a5d,Patricia,King,Prism Robotics Group,patricia.king@prismroboticsgroup.com,+1 (739) 286-3993,NEW,G2 Crowd Lead,FMCG,81,,Executive CXO Summit,,f,f,,,$80k,cc317d39-a852-44da-ae6f-470f3e775a6d,LD-2025-01375,,,,,0,,,2026-06-09 11:10:35.995+00,2026-08-11 11:18:46.84+00,6623fa17-a8cc-4aa2-a9ff-0f08a8c7e6f2,Hot,f,,0,AUTOMATIC,Reply to Lead,,,cc317d39-a852-44da-ae6f-470f3e775a6d,,,,,,,,
02be149d-20d7-4ee4-8dbb-7bdcfbd42af3,Charles,Jackson,Global Robotics Group,charles.jackson@globalroboticsgroup.com,+1 (723) 885-4825,NEW,Cold Inbound,Healthcare,60,,Executive CXO Summit,,f,f,,,$334k,446bda77-5583-4d2e-b5b7-9cb040d25041,LD-2025-01380,,,,,0,,,2025-10-19 11:10:37.195+00,2026-08-05 11:10:37.195+00,af8f43bb-c608-4c5a-9968-fdc97c51a924,Warm,f,,0,AUTOMATIC,Reply to Lead,,,446bda77-5583-4d2e-b5b7-9cb040d25041,,,,,,,,
ca17fccb-f4ec-4416-bda9-144e3e439172,Andrew,Rodriguez,Summit Pharmaceuticals Group,andrew.rodriguez@summitpharmaceuticalsgroup.com,+1 (256) 748-9734,NEW,WhatsApp Inbound,Logistics,78,,Direct Executive Outreach,,t,f,,,$308k,4128c454-845e-4522-b794-9c72d1f82531,LD-2025-01386,,,,2026-08-04 11:10:38.639+00,3,,,2025-11-30 11:10:38.639+00,2026-08-05 11:10:38.639+00,e7de7c5d-e62d-48de-9ef9-3791d955ebe1,Warm,f,,0,AUTOMATIC,Reply to Lead,,,4128c454-845e-4522-b794-9c72d1f82531,,,,,,,,
18b10af0-460b-4b3d-a455-bd49200e09c0,William,Lewis,Catalyst Robotics Inc.,william.lewis@catalystroboticsinc.com,+1 (287) 829-4557,NEW,Partner Referral,Healthcare,64,,Inbound Google Organic,,f,f,,,$265k,478a3057-5be6-45b8-a53b-f6e8f200c029,LD-2025-01430,,,,,0,,,2026-05-29 11:10:49.512+00,2026-08-05 11:10:49.513+00,aba0e0a8-5ab3-4f71-aa3f-84a3aab4d97a,Warm,f,,0,AUTOMATIC,Reply to Lead,,,478a3057-5be6-45b8-a53b-f6e8f200c029,,,,,,,,
8e8057f7-1a66-4593-841d-549d7407cce8,Michelle,Wilson,Astral Holdings Group,michelle.wilson@astralholdingsgroup.com,+1 (954) 747-7750,NEW,Cold Inbound,Construction,69,,Cloud Transformation Webinar,,f,f,,,$353k,4809eb01-562e-4b91-8a98-1976c98cba39,LD-2025-01387,,,,,0,,,2026-05-30 11:10:38.881+00,2026-08-05 11:10:38.882+00,23ed5e20-b1a5-47fc-ba66-f316a7583f6e,Warm,f,,0,AUTOMATIC,Reply to Lead,,,4809eb01-562e-4b91-8a98-1976c98cba39,,,,,,,,
3678bb68-d792-4e07-9068-0d35ecaefe7f,William,Lewis,Catalyst Robotics Group,william.lewis@catalystroboticsgroup.com,+1 (422) 318-6407,NEW,Webinar Series,Healthcare,52,,Executive CXO Summit,,f,f,,,$354k,039a230d-6542-41b3-8b8a-5a92da7bae40,LD-2025-01390,,,,,0,,,2025-08-23 11:10:39.608+00,2026-08-05 11:10:39.609+00,3e005293-abb2-40e3-bb8d-c83ea7c38f88,Warm,f,,0,AUTOMATIC,Reply to Lead,,,039a230d-6542-41b3-8b8a-5a92da7bae40,,,,,,,,
7272aee1-26ee-402a-8b5a-bc7e05d8eeff,Joseph,Hill,Vanguard Holdings Group,joseph.hill@vanguardholdingsgroup.com,+1 (965) 483-8625,NEW,G2 Crowd Lead,Automotive,58,,Cloud Transformation Webinar,,f,f,,,$439k,23631fa2-d33a-4b69-bc87-ac5cb4946088,LD-2025-01392,,,,,0,,,2025-11-18 11:10:40.106+00,2026-08-05 11:10:40.106+00,6623fa17-a8cc-4aa2-a9ff-0f08a8c7e6f2,Warm,f,,0,AUTOMATIC,Reply to Lead,,,23631fa2-d33a-4b69-bc87-ac5cb4946088,,,,,,,,
41ec71d9-0d5a-4a52-85f5-449b5e6b1246,Anthony,Jackson,Titan Pharmaceuticals Group,anthony.jackson@titanpharmaceuticalsgroup.com,+1 (559) 218-5120,NEW,WhatsApp Inbound,Logistics,52,,LinkedIn Account Based Marketing,,f,f,,,$476k,e8aa6b7c-68c2-4a0a-ab45-f673aaf7abcc,LD-2025-01396,,,,2026-08-04 11:10:41.064+00,1,,,2026-06-04 11:10:41.064+00,2026-08-05 11:10:41.064+00,5579bbef-b890-4d99-91e2-e017decbd26e,Warm,f,,0,AUTOMATIC,Reply to Lead,,,e8aa6b7c-68c2-4a0a-ab45-f673aaf7abcc,,,,,,,,
263e6e9d-89d3-4f07-acaf-42b53bd1fd5f,Sandra,White,Quantum Holdings Group,sandra.white@quantumholdingsgroup.com,+1 (839) 692-7453,NEW,Cold Inbound,Construction,75,,Inbound Google Organic,,f,f,,,$276k,f97cef7f-bcf4-40d0-be96-f3a6a68b758c,LD-2025-01397,,,,,0,,,2026-04-17 11:10:41.302+00,2026-08-05 11:10:41.302+00,483561ee-4978-4ec5-bc44-6274d0dba919,Warm,f,,0,AUTOMATIC,Reply to Lead,,,f97cef7f-bcf4-40d0-be96-f3a6a68b758c,,,,,,,,
b7ecf1e2-b5e3-4a2d-97ec-f05623b31653,Kenneth,Hill,Beacon Robotics Group,kenneth.hill@beaconroboticsgroup.com,+1 (864) 244-4172,NEW,Website Organic,Healthcare,75,,LinkedIn Account Based Marketing,,t,f,,,$421k,4c5eac09-0499-4530-837e-7d35c54816da,LD-2025-01400,,,,,0,,,2026-05-23 11:10:42.019+00,2026-08-05 11:10:42.019+00,af8f43bb-c608-4c5a-9968-fdc97c51a924,Warm,f,,0,AUTOMATIC,Reply to Lead,,,4c5eac09-0499-4530-837e-7d35c54816da,,,,,,,,
7248959e-a8fe-49be-b497-c8d856d968bc,Mary,Brown,Apex Pharmaceuticals Inc.,mary.brown@apexpharmaceuticalsinc.com,+1 (739) 465-3264,NEW,WhatsApp Inbound,Manufacturing,54,,Cloud Transformation Webinar,,f,f,,,$145k,43aa40c7-1fe7-464b-955f-2d1477019e37,LD-2025-01401,,,,2026-08-04 11:10:42.259+00,2,,,2025-09-15 11:10:42.259+00,2026-08-05 11:10:42.259+00,73dd3a5d-5d54-4be3-bc58-f685204bd378,Warm,f,,0,AUTOMATIC,Reply to Lead,,,43aa40c7-1fe7-464b-955f-2d1477019e37,,,,,,,,
16dc86fb-388b-4aba-b50e-5ae68da92fde,Jessica,Wilson,Dynamic Energy Group,jessica.wilson@dynamicenergygroup.com,+1 (303) 674-1921,NEW,LinkedIn Outreach,Retail,49,,Q1 Enterprise Tech Expo,,t,f,,,$88k,66a037e6-a5a1-4338-b448-cac7e6cd9098,LD-2025-01379,,,,,0,,,2025-09-03 11:10:36.956+00,2026-08-11 11:18:46.962+00,3e005293-abb2-40e3-bb8d-c83ea7c38f88,Cold,f,,0,AUTOMATIC,Reply to Lead,,,66a037e6-a5a1-4338-b448-cac7e6cd9098,,,,,,,,
171e5660-bc5f-4b6d-ad85-29faa1be6dea,Nancy,White,Infinitum Pharmaceuticals Group,nancy.white@infinitumpharmaceuticalsgroup.com,+1 (696) 648-4895,NEW,WhatsApp Inbound,Manufacturing,37,,Direct Executive Outreach,,f,f,,,$218k,ea6804a2-e0d8-4583-9d47-8c739438cf8b,LD-2025-01381,,,,2026-08-03 11:10:37.432+00,3,,,2026-06-15 11:10:37.432+00,2026-08-11 11:18:47.023+00,42a679ed-ba3b-4b85-bf6a-9d83beb83b78,Cold,f,,0,AUTOMATIC,Reply to Lead,,,ea6804a2-e0d8-4583-9d47-8c739438cf8b,,,,,,,,
526ffabb-31e2-49b3-a79c-4903ba047fe3,Matthew,Lewis,Orion Holdings Group,matthew.lewis@orionholdingsgroup.com,+1 (575) 291-8352,NEW,LinkedIn Outreach,Automotive,80,,Inbound Google Organic,,f,f,,,$111k,7b00b488-f07a-4e01-a83c-aeff07e5bd7f,LD-2025-01382,,,,,0,,,2025-09-09 11:10:37.671+00,2026-08-11 11:18:47.083+00,5579bbef-b890-4d99-91e2-e017decbd26e,Hot,f,,0,AUTOMATIC,Reply to Lead,,,7b00b488-f07a-4e01-a83c-aeff07e5bd7f,,,,,,,,
1e901e38-0d22-49c7-ab86-8c79c55b9475,Margaret,King,Equinox Systems Group,margaret.king@equinoxsystemsgroup.com,+1 (457) 149-3366,NEW,Google Search Ads,Pharmaceutical,38,,Direct Executive Outreach,,f,f,,,$95k,9b0fb6a1-768f-4616-92f5-7a5c92de5f81,LD-2025-01383,,,,,0,,,2026-03-02 11:10:37.909+00,2026-08-11 11:18:47.144+00,e059410e-b03d-4110-8dda-7e2322730e05,Cold,f,,0,AUTOMATIC,Reply to Lead,,,9b0fb6a1-768f-4616-92f5-7a5c92de5f81,,,,,,,,
ef267e8d-4274-4ad8-a1f0-2898573ccb53,Mark,Hill,Paramount Energy Group,mark.hill@paramountenergygroup.com,+1 (542) 522-6165,NEW,WhatsApp Inbound,Food & Beverage,44,,Direct Executive Outreach,,f,f,,,$227k,bd3478a6-5401-43f0-a1c7-ebb71e0a6462,LD-2025-01384,,,,,0,,,2026-05-19 11:10:38.151+00,2026-08-11 11:18:47.265+00,aba0e0a8-5ab3-4f71-aa3f-84a3aab4d97a,Cold,f,,0,AUTOMATIC,Reply to Lead,,,bd3478a6-5401-43f0-a1c7-ebb71e0a6462,,,,,,,,
2fe762a3-2bd3-46aa-849c-3a38a0fd15e6,Kimberly,Brown,Crestview Robotics Group,kimberly.brown@crestviewroboticsgroup.com,+1 (753) 937-9515,NEW,Partner Referral,FMCG,93,,Direct Executive Outreach,,f,f,,,$257k,82a624c8-69a8-4397-8ae6-b7d7c1319fdb,LD-2025-01385,,,,,0,,,2026-01-03 11:10:38.396+00,2026-08-11 11:18:47.326+00,bb643de2-92dc-4e74-8a56-a275688b3f0e,Hot,f,,0,AUTOMATIC,Reply to Lead,,,82a624c8-69a8-4397-8ae6-b7d7c1319fdb,,,,,,,,
e2d0afe9-290b-42b5-b68a-1607e5cf9b66,John,Jackson,Veritas Systems Group,john.jackson@veritassystemsgroup.com,+1 (432) 571-2645,NEW,Webinar Series,Technology,43,,Inbound Google Organic,,f,f,,,$122k,50f729ac-8a5f-4efa-bca2-09519990e6eb,LD-2025-01388,,,,,0,,,2026-07-31 11:10:39.131+00,2026-08-11 11:18:47.387+00,957794e0-b1d0-41f9-844a-a7637166bdb2,Cold,f,,0,AUTOMATIC,Reply to Lead,,,50f729ac-8a5f-4efa-bca2-09519990e6eb,,,,,,,,
3e3f8d39-e469-45fb-9477-765c4d616d1f,Barbara,King,Apex Pharmaceuticals Group,barbara.king@apexpharmaceuticalsgroup.com,+1 (955) 762-6265,NEW,WhatsApp Inbound,Manufacturing,80,,Executive CXO Summit,,f,f,,,$478k,37929602-4c05-4469-b87a-e97704335442,LD-2025-01391,,,,2026-08-04 11:10:39.851+00,3,,,2026-05-25 11:10:39.851+00,2026-08-11 11:18:47.51+00,af8f43bb-c608-4c5a-9968-fdc97c51a924,Hot,f,,0,AUTOMATIC,Reply to Lead,,,37929602-4c05-4469-b87a-e97704335442,,,,,,,,
4ac26e8b-9cb2-4f25-af57-65ec4f8f7f13,Sarah,Brown,Genesis Systems Group,sarah.brown@genesissystemsgroup.com,+1 (269) 405-5116,NEW,Google Search Ads,Pharmaceutical,49,,Q1 Enterprise Tech Expo,,t,f,,,$396k,28a8c0be-39c6-43d4-ad8f-a55c77401dcc,LD-2025-01393,,,,,0,,,2025-10-14 11:10:40.35+00,2026-08-11 11:18:47.571+00,e7de7c5d-e62d-48de-9ef9-3791d955ebe1,Cold,f,,0,AUTOMATIC,Reply to Lead,,,28a8c0be-39c6-43d4-ad8f-a55c77401dcc,,,,,,,,
28ed2b3d-097e-4bfe-a021-ae08741a82b1,Christopher,Rodriguez,Horizon Energy Group,christopher.rodriguez@horizonenergygroup.com,+1 (861) 359-1583,NEW,Trade Show Expo 2025,Food & Beverage,88,,LinkedIn Account Based Marketing,,f,f,,,$427k,bad2e179-a3be-45ed-a54b-03029fa27f72,LD-2025-01394,,,,,0,,,2026-07-29 11:10:40.588+00,2026-08-11 11:18:47.632+00,42a679ed-ba3b-4b85-bf6a-9d83beb83b78,Hot,f,,0,AUTOMATIC,Reply to Lead,,,bad2e179-a3be-45ed-a54b-03029fa27f72,,,,,,,,
9fe3f172-4313-4c9f-b685-4eb0ed07bb96,Lisa,Wilson,Pinnacle Robotics Group,lisa.wilson@pinnacleroboticsgroup.com,+1 (221) 784-9456,NEW,Direct Mail Campaign,FMCG,35,,Inbound Google Organic,,f,f,,,$147k,119dc26f-7e6e-46fe-abc2-49b4ecf585e5,LD-2025-01395,,,,,0,,,2026-05-08 11:10:40.826+00,2026-08-11 11:18:47.693+00,3e005293-abb2-40e3-bb8d-c83ea7c38f88,Cold,f,,0,AUTOMATIC,Reply to Lead,,,119dc26f-7e6e-46fe-abc2-49b4ecf585e5,,,,,,,,
e8a714d8-427d-4ad3-b858-c7c1ac629208,Paul,Lewis,Nexus Systems Group,paul.lewis@nexussystemsgroup.com,+1 (288) 211-7402,NEW,G2 Crowd Lead,Technology,97,,LinkedIn Account Based Marketing,,f,f,,,$352k,f21a9175-0a92-4bac-906c-fd5ccb7258f8,LD-2025-01398,,,,,0,,,2026-05-15 11:10:41.539+00,2026-08-11 11:18:47.753+00,aba0e0a8-5ab3-4f71-aa3f-84a3aab4d97a,Hot,f,,0,AUTOMATIC,Reply to Lead,,,f21a9175-0a92-4bac-906c-fd5ccb7258f8,,,,,,,,
7dd99872-a6da-4f69-8114-a4b55fca8580,Emily,King,Starlight Energy Group,emily.king@starlightenergygroup.com,+1 (597) 853-8767,NEW,WhatsApp Inbound,Retail,37,,Inbound Google Organic,,f,f,,,$146k,fc8cab1d-372f-4f7a-a20e-ce5d684a8d62,LD-2025-01399,,,,,0,,,2026-01-08 11:10:41.78+00,2026-08-11 11:18:47.814+00,73dd3a5d-5d54-4be3-bc58-f685204bd378,Cold,f,,0,AUTOMATIC,Reply to Lead,,,fc8cab1d-372f-4f7a-a20e-ce5d684a8d62,,,,,,,,
04b2344d-4c36-48e4-a282-7170527d6a32,David,Jackson,Horizon Energy Inc.,david.jackson@horizonenergyinc.com,+1 (980) 959-8851,NEW,Executive Referral,Food & Beverage,51,,Q1 Enterprise Tech Expo,,f,f,,,$370k,c5486868-dbea-497e-9826-ef2053152713,LD-2025-01404,,,,,0,,,2025-09-04 11:10:42.972+00,2026-08-05 11:10:42.973+00,4760f22f-427c-460d-8bab-17f36ae27f98,Warm,f,,0,AUTOMATIC,Reply to Lead,,,c5486868-dbea-497e-9826-ef2053152713,,,,,,,,
c0aef4b7-7890-4f99-a1c5-9fbc4f989b51,Michael,Hill,Summit Pharmaceuticals Group,michael.hill@summitpharmaceuticalsgroup.com,+1 (886) 370-8912,NEW,WhatsApp Inbound,Logistics,57,,Cloud Transformation Webinar,,t,f,,,$387k,8ffda739-8f65-4e81-88bd-98acbcbf7dfa,LD-2025-01456,,,,2026-08-03 11:10:55.792+00,2,,,2026-06-10 11:10:55.792+00,2026-08-05 11:10:55.792+00,aeceeffe-1a87-4ed1-82c9-5b41cc2e4c80,Warm,f,,0,AUTOMATIC,Reply to Lead,,,8ffda739-8f65-4e81-88bd-98acbcbf7dfa,,,,,,,,
8a7bbcd3-0a63-4bff-93d2-1c9d87113d8a,Susan,White,Pinnacle Robotics Inc.,susan.white@pinnacleroboticsinc.com,+1 (870) 284-2584,NEW,Webinar Series,FMCG,63,,Q1 Enterprise Tech Expo,,f,f,,,$195k,099261bd-f4cb-4545-bf46-3b461d7707ce,LD-2025-01405,,,,,0,,,2026-04-10 11:10:43.211+00,2026-08-05 11:10:43.212+00,e7de7c5d-e62d-48de-9ef9-3791d955ebe1,Warm,f,,0,AUTOMATIC,Reply to Lead,,,099261bd-f4cb-4545-bf46-3b461d7707ce,,,,,,,,
30f5df86-907e-4219-a27f-25ddd227cbe7,Thomas,Lewis,Titan Pharmaceuticals Inc.,thomas.lewis@titanpharmaceuticalsinc.com,+1 (858) 167-6211,NEW,WhatsApp Inbound,Logistics,74,,Inbound Google Organic,,f,f,,,$118k,dad83353-9b9f-430e-8264-b7767d864bcc,LD-2025-01406,,,,2026-08-05 11:10:43.457+00,2,,,2026-02-05 11:10:43.457+00,2026-08-05 11:10:43.457+00,aba0e0a8-5ab3-4f71-aa3f-84a3aab4d97a,Warm,f,,0,AUTOMATIC,Reply to Lead,,,dad83353-9b9f-430e-8264-b7767d864bcc,,,,,,,,
65582dd3-c73a-488f-a22f-401ed025e9b7,Donald,Rodriguez,Beacon Robotics Inc.,donald.rodriguez@beaconroboticsinc.com,+1 (547) 130-5660,NEW,LinkedIn Outreach,Healthcare,66,,Q1 Enterprise Tech Expo,,f,f,,,$334k,7880754e-f21c-406b-a503-8ab3fe85a6dc,LD-2025-01410,,,,,0,,,2026-06-10 11:10:44.429+00,2026-08-05 11:10:44.43+00,e059410e-b03d-4110-8dda-7e2322730e05,Warm,f,,0,AUTOMATIC,Reply to Lead,,,7880754e-f21c-406b-a503-8ab3fe85a6dc,,,,,,,,
35b364ae-99ad-4c2d-88bf-79388962a4ee,Michael,Hill,Matrix Pharmaceuticals Inc.,michael.hill@matrixpharmaceuticalsinc.com,+1 (802) 926-2661,NEW,WhatsApp Inbound,Logistics,56,,Direct Executive Outreach,,f,f,,,$125k,4ce4b477-acdb-46b9-b7ed-e1c30cac4568,LD-2025-01416,,,,2026-08-03 11:10:45.929+00,2,,,2026-07-27 11:10:45.929+00,2026-08-05 11:10:45.929+00,44eb7440-fb3c-48fc-80f4-4eefdcbab25e,Warm,f,,0,AUTOMATIC,Reply to Lead,,,4ce4b477-acdb-46b9-b7ed-e1c30cac4568,,,,,,,,
8a235ee9-fff2-4b20-b1a3-f6b7fddec2c6,Richard,Rodriguez,Aegis Systems Inc.,richard.rodriguez@aegissystemsinc.com,+1 (421) 436-8762,NEW,Cold Inbound,Technology,69,,Executive CXO Summit,,f,f,,,$406k,d1684f4a-9158-4049-9d4d-a1a06b5e5ffa,LD-2025-01418,,,,,0,,,2025-10-20 11:10:46.466+00,2026-08-05 11:10:46.466+00,7cd4892f-38fe-4d5f-959c-14bf5029b5e6,Warm,f,,0,AUTOMATIC,Reply to Lead,,,d1684f4a-9158-4049-9d4d-a1a06b5e5ffa,,,,,,,,
d1168b2c-ee73-44e6-a98e-b9f058558c7f,Jessica,Wilson,Dynamic Energy Inc.,jessica.wilson@dynamicenergyinc.com,+1 (334) 177-8665,NEW,Partner Referral,Retail,76,,LinkedIn Account Based Marketing,,f,f,,,$383k,45880b56-5d45-41a6-8fdb-7cf7d415fee9,LD-2025-01419,,,,,0,,,2025-08-05 11:10:46.705+00,2026-08-05 11:10:46.705+00,73dd3a5d-5d54-4be3-bc58-f685204bd378,Warm,f,,0,AUTOMATIC,Reply to Lead,,,45880b56-5d45-41a6-8fdb-7cf7d415fee9,,,,,,,,
b4de095f-4786-48c8-8293-a392e20f4b5c,Charles,Jackson,Global Robotics Inc.,charles.jackson@globalroboticsinc.com,+1 (811) 155-9848,NEW,Direct Mail Campaign,Healthcare,69,,Cloud Transformation Webinar,,f,f,,,$214k,d968ffca-de67-45e0-9f70-e3e506e21219,LD-2025-01420,,,,,0,,,2026-03-29 11:10:46.968+00,2026-08-05 11:10:46.968+00,44eb7440-fb3c-48fc-80f4-4eefdcbab25e,Warm,f,,0,AUTOMATIC,Reply to Lead,,,d968ffca-de67-45e0-9f70-e3e506e21219,,,,,,,,
0ea31582-9abe-4df8-a73b-87e2743e15cc,Nancy,White,Infinitum Pharmaceuticals Inc.,nancy.white@infinitumpharmaceuticalsinc.com,+1 (603) 503-4756,NEW,WhatsApp Inbound,Manufacturing,78,,Inbound Google Organic,,t,f,,,$479k,d0153f05-406c-4e7b-a7fe-b3f98cf3f4b2,LD-2025-01421,,,,2026-08-03 11:10:47.204+00,3,,,2026-07-10 11:10:47.204+00,2026-08-05 11:10:47.205+00,5590f73f-33da-422a-98ed-8fd0fb6917f2,Warm,f,,0,AUTOMATIC,Reply to Lead,,,d0153f05-406c-4e7b-a7fe-b3f98cf3f4b2,,,,,,,,
d417326d-139f-438c-aaa6-2d4a8b7fc249,Matthew,Lewis,Orion Holdings Inc.,matthew.lewis@orionholdingsinc.com,+1 (595) 499-5168,NEW,Executive Referral,Automotive,55,,Direct Executive Outreach,,f,f,,,$352k,a7df6bd2-a1c8-4647-a278-7207c58c805c,LD-2025-01422,,,,,0,,,2026-07-21 11:10:47.45+00,2026-08-05 11:10:47.451+00,604bb8ab-99ba-4134-8053-815900a040c0,Warm,f,,0,AUTOMATIC,Reply to Lead,,,a7df6bd2-a1c8-4647-a278-7207c58c805c,,,,,,,,
c541f238-5704-46ed-9dd1-c92309026d24,Margaret,King,Equinox Systems Inc.,margaret.king@equinoxsystemsinc.com,+1 (375) 938-5253,NEW,Webinar Series,Pharmaceutical,67,,Q1 Enterprise Tech Expo,,f,f,,,$438k,78f00908-7fd8-4961-b413-2eb561ea6a21,LD-2025-01423,,,,,0,,,2026-04-10 11:10:47.691+00,2026-08-05 11:10:47.692+00,e7de7c5d-e62d-48de-9ef9-3791d955ebe1,Warm,f,,0,AUTOMATIC,Reply to Lead,,,78f00908-7fd8-4961-b413-2eb561ea6a21,,,,,,,,
b7a394a1-4d83-4d58-8123-fb57f07bdea8,Kimberly,Brown,Crestview Robotics Inc.,kimberly.brown@crestviewroboticsinc.com,+1 (570) 590-4006,NEW,LinkedIn Outreach,FMCG,76,,Direct Executive Outreach,,f,f,,,$398k,dbb62477-9e5e-4401-b018-24659ced5447,LD-2025-01425,,,,,0,,,2025-09-22 11:10:48.3+00,2026-08-05 11:10:48.301+00,1bb812ed-075a-4220-9893-33db0e58443c,Warm,f,,0,AUTOMATIC,Reply to Lead,,,dbb62477-9e5e-4401-b018-24659ced5447,,,,,,,,
ceca9935-dd1e-4b2d-b5d5-47ffc2e9b893,Andrew,Rodriguez,Summit Pharmaceuticals Inc.,andrew.rodriguez@summitpharmaceuticalsinc.com,+1 (853) 486-4534,NEW,WhatsApp Inbound,Logistics,68,,LinkedIn Account Based Marketing,,f,f,,,$441k,49955880-1394-42cb-a131-04b0ccd39d4d,LD-2025-01426,,,,2026-08-04 11:10:48.537+00,2,,,2026-04-08 11:10:48.537+00,2026-08-05 11:10:48.538+00,4760f22f-427c-460d-8bab-17f36ae27f98,Warm,f,,0,AUTOMATIC,Reply to Lead,,,49955880-1394-42cb-a131-04b0ccd39d4d,,,,,,,,
e5321da8-9466-45a3-9cc1-2023a4031d2d,Linda,Wilson,Genesis Systems Inc.,linda.wilson@genesissystemsinc.com,+1 (551) 635-9556,NEW,Partner Referral,Pharmaceutical,86,,Executive CXO Summit,,f,f,,,$441k,9ffa2ead-622b-404c-b159-5c4c8488e79e,LD-2025-01403,,,,,0,,,2026-02-17 11:10:42.734+00,2026-08-11 11:18:47.935+00,7486a411-91a0-45ef-80f5-4e0ed4bb891b,Hot,f,,0,AUTOMATIC,Reply to Lead,,,9ffa2ead-622b-404c-b159-5c4c8488e79e,,,,,,,,
f291f0ec-d57f-47d1-961f-a1a414b93901,Karen,King,Quantum Holdings Inc.,karen.king@quantumholdingsinc.com,+1 (470) 301-1639,NEW,LinkedIn Outreach,Construction,92,,Cloud Transformation Webinar,,t,f,,,$195k,8a6209ad-6e96-4d32-ba53-0649ffbcb709,LD-2025-01407,,,,,0,,,2025-11-23 11:10:43.699+00,2026-08-11 11:18:47.996+00,7486a411-91a0-45ef-80f5-4e0ed4bb891b,Hot,f,,0,AUTOMATIC,Reply to Lead,,,8a6209ad-6e96-4d32-ba53-0649ffbcb709,,,,,,,,
ec681546-44ed-49b2-bcb6-24c5334fc3bd,Daniel,Hill,Nexus Systems Inc.,daniel.hill@nexussystemsinc.com,+1 (474) 174-3973,NEW,Cold Inbound,Technology,81,,Inbound Google Organic,,f,f,,,$369k,8ca41a77-2c11-499a-9db1-4646cc34946b,LD-2025-01408,,,,,0,,,2025-10-21 11:10:43.937+00,2026-08-11 11:18:48.057+00,7cd4892f-38fe-4d5f-959c-14bf5029b5e6,Hot,f,,0,AUTOMATIC,Reply to Lead,,,8ca41a77-2c11-499a-9db1-4646cc34946b,,,,,,,,
b08b4dbc-5207-45ec-9888-67dab61aebe9,Betty,Brown,Starlight Energy Inc.,betty.brown@starlightenergyinc.com,+1 (763) 910-9738,NEW,WhatsApp Inbound,Retail,91,,Cloud Transformation Webinar,,f,f,,,$264k,44eade90-d415-431d-9fad-7547702781a3,LD-2025-01409,,,,,0,,,2025-09-03 11:10:44.19+00,2026-08-11 11:18:48.117+00,5590f73f-33da-422a-98ed-8fd0fb6917f2,Hot,f,,0,AUTOMATIC,Reply to Lead,,,44eade90-d415-431d-9fad-7547702781a3,,,,,,,,
8ea1881e-25f0-4e6c-969f-b0e199458888,Ashley,Wilson,Sterling Pharmaceuticals Inc.,ashley.wilson@sterlingpharmaceuticalsinc.com,+1 (498) 532-5882,NEW,WhatsApp Inbound,Manufacturing,84,,Executive CXO Summit,,f,f,,,$429k,01d1bc6b-8071-4596-a764-a189494a311c,LD-2025-01411,,,,2026-08-04 11:10:44.674+00,1,,,2026-07-28 11:10:44.673+00,2026-08-11 11:18:48.178+00,7cd4892f-38fe-4d5f-959c-14bf5029b5e6,Hot,f,,0,AUTOMATIC,Reply to Lead,,,01d1bc6b-8071-4596-a764-a189494a311c,,,,,,,,
1dbc065d-203d-4380-a46f-0eba8a346d9c,Steven,Jackson,Synergy Holdings Inc.,steven.jackson@synergyholdingsinc.com,+1 (857) 113-7173,NEW,Executive Referral,Automotive,41,,Cloud Transformation Webinar,,f,f,,,$282k,7f4ab8ee-d105-4011-a8e6-6fa38fc926d7,LD-2025-01412,,,,,0,,,2025-10-27 11:10:44.937+00,2026-08-11 11:18:48.239+00,1bb812ed-075a-4220-9893-33db0e58443c,Cold,f,,0,AUTOMATIC,Reply to Lead,,,7f4ab8ee-d105-4011-a8e6-6fa38fc926d7,,,,,,,,
db988218-f4f0-4b39-af41-44eb193144aa,Donna,White,Velocity Systems Inc.,donna.white@velocitysystemsinc.com,+1 (209) 522-7204,NEW,G2 Crowd Lead,Pharmaceutical,48,,Q1 Enterprise Tech Expo,,f,f,,,$406k,636bbea6-be8d-4785-afa1-d606dc9b4ca7,LD-2025-01413,,,,,0,,,2025-10-04 11:10:45.214+00,2026-08-11 11:18:48.3+00,af8f43bb-c608-4c5a-9968-fdc97c51a924,Cold,f,,0,AUTOMATIC,Reply to Lead,,,636bbea6-be8d-4785-afa1-d606dc9b4ca7,,,,,,,,
27974265-ac90-4a90-ae3a-dd97e114f552,James,Lewis,Omni Energy Inc.,james.lewis@omnienergyinc.com,+1 (959) 132-9897,NEW,LinkedIn Outreach,Food & Beverage,80,,Q1 Enterprise Tech Expo,,t,f,,,$167k,af1d1864-9b90-466d-aaba-0bfef727355c,LD-2025-01414,,,,,0,,,2025-12-18 11:10:45.453+00,2026-08-11 11:18:48.361+00,73dd3a5d-5d54-4be3-bc58-f685204bd378,Hot,f,,0,AUTOMATIC,Reply to Lead,,,af1d1864-9b90-466d-aaba-0bfef727355c,,,,,,,,
37185019-e868-46f1-a649-450a3be37ae6,Patricia,King,Prism Robotics Inc.,patricia.king@prismroboticsinc.com,+1 (591) 691-2304,NEW,Trade Show Expo 2025,FMCG,41,,Q1 Enterprise Tech Expo,,f,f,,,$207k,f3359005-50be-4fb9-90ab-507d7c5e7d99,LD-2025-01415,,,,,0,,,2026-04-01 11:10:45.69+00,2026-08-11 11:18:48.422+00,5590f73f-33da-422a-98ed-8fd0fb6917f2,Cold,f,,0,AUTOMATIC,Reply to Lead,,,f3359005-50be-4fb9-90ab-507d7c5e7d99,,,,,,,,
8a82b462-afd2-4e0a-9892-bea4efdd1cba,recommendationnc,Query,"",recommendationnc@naukri.com,"",NEW,email,,50,,,,f,f,65 Important Logical Reasoning Questions &amp; Answers - For Freshers,"This week's highlight

Here is the featured article from this week for you

What Is a Good ATS Score? Full Benchmarks Guide

13697 views

0 likes

Pro Tip: Reading through the latest articles give you an upper hand in your job search

How to Pass the TCS NQT Aptitude Test?

396918 views

14 likes

65 Important Logical Reasoning Questions & Answers - For Freshers

2863979 views

1082 likes

How to Make a Fresher Resume That Recruiters Notice

121432 views

1 likes

View all articles

Unsubscribe

|

Report a problem

You have received this mail because your e-mail ID is registered with Naukri.com. This is a system-generated e-mail, please don't reply to this message.

Please do not pay any money to anyone who promises to find you a job. IEIL shall not have any responsibility in this regard. We recommend that you visit our Terms & Conditions and the Security Advice for more information.",,,,,sheiksaud671@gmail.com,least-workload,,0,,,2026-08-05 12:56:54.5+00,2026-08-05 12:56:54.605+00,63fa2b66-da53-4776-811f-81daad0b4364,Warm,f,,0,AUTOMATIC,Reply to Lead,,,,,,,,,,,
45222c15-81cf-4b74-8bc6-df8e8290cda3,Thomas,Lewis,Summit Pharmaceuticals Group,thomas.lewis@summitpharmaceuticalsgroup.com,+1 (483) 580-6929,NEW,WhatsApp Inbound,Logistics,68,,Q1 Enterprise Tech Expo,,f,f,,,$111k,4128c454-845e-4522-b794-9c72d1f82531,LD-2025-01486,,,,2026-08-05 11:11:02.933+00,2,,,2026-02-16 11:11:02.933+00,2026-08-05 11:11:02.933+00,aeceeffe-1a87-4ed1-82c9-5b41cc2e4c80,Warm,f,,0,AUTOMATIC,Reply to Lead,,,4128c454-845e-4522-b794-9c72d1f82531,,,,,,,,
45e08f81-0421-424f-b050-14b57620a297,Karen,King,Astral Holdings Group,karen.king@astralholdingsgroup.com,+1 (914) 106-7286,NEW,Webinar Series,Construction,76,,LinkedIn Account Based Marketing,,f,f,,,$133k,4809eb01-562e-4b91-8a98-1976c98cba39,LD-2025-01487,,,,,0,,,2026-01-23 11:11:03.169+00,2026-08-05 11:11:03.17+00,1bb812ed-075a-4220-9893-33db0e58443c,Warm,f,,0,AUTOMATIC,Reply to Lead,,,4809eb01-562e-4b91-8a98-1976c98cba39,,,,,,,,
5d0cc65a-d32d-4380-964e-5ac5ed6c6d97,Steven,Jackson,Vanguard Holdings Group,steven.jackson@vanguardholdingsgroup.com,+1 (589) 138-3437,NEW,Cold Inbound,Automotive,58,,Executive CXO Summit,,f,f,,,$413k,23631fa2-d33a-4b69-bc87-ac5cb4946088,LD-2025-01492,,,,,0,,,2025-09-09 11:11:04.358+00,2026-08-05 11:11:04.358+00,42a679ed-ba3b-4b85-bf6a-9d83beb83b78,Warm,f,,0,AUTOMATIC,Reply to Lead,,,23631fa2-d33a-4b69-bc87-ac5cb4946088,,,,,,,,
2fca445f-e2a9-40b7-ad36-aaf0c69020f6,Elizabeth,Brown,Helios Holdings Inc.,elizabeth.brown@heliosholdingsinc.com,+1 (895) 352-9355,NEW,Trade Show Expo 2025,Construction,47,,LinkedIn Account Based Marketing,,f,f,,,$459k,50b659ee-8449-4854-8c7d-a2704c56e320,LD-2025-01417,,,,,0,,,2025-12-18 11:10:46.218+00,2026-08-11 11:18:48.483+00,e059410e-b03d-4110-8dda-7e2322730e05,Cold,f,,0,AUTOMATIC,Reply to Lead,,,50b659ee-8449-4854-8c7d-a2704c56e320,,,,,,,,
91a82c82-e381-4cb4-888c-9512eb4a2a17,Mark,Hill,Paramount Energy Inc.,mark.hill@paramountenergyinc.com,+1 (776) 763-9660,NEW,Direct Mail Campaign,Food & Beverage,80,,Q1 Enterprise Tech Expo,,f,f,,,$412k,2ab7e5c9-35f0-4480-ad52-c852f50f0211,LD-2025-01424,,,,,0,,,2026-05-19 11:10:48.063+00,2026-08-11 11:18:48.544+00,7486a411-91a0-45ef-80f5-4e0ed4bb891b,Hot,f,,0,AUTOMATIC,Reply to Lead,,,2ab7e5c9-35f0-4480-ad52-c852f50f0211,,,,,,,,
da1ed95f-6f14-42b7-a72c-d4cea6627b26,Michelle,Wilson,Astral Holdings Inc.,michelle.wilson@astralholdingsinc.com,+1 (703) 571-6454,NEW,Partner Referral,Construction,97,,Executive CXO Summit,,f,f,,,$368k,e77f034c-3351-43e4-b06c-0466d38e2da5,LD-2025-01427,,,,,0,,,2026-04-22 11:10:48.775+00,2026-08-11 11:18:48.604+00,44eb7440-fb3c-48fc-80f4-4eefdcbab25e,Hot,f,,0,AUTOMATIC,Reply to Lead,,,e77f034c-3351-43e4-b06c-0466d38e2da5,,,,,,,,
25e4b743-74c6-4d72-994a-1ad6db603188,John,Jackson,Veritas Systems Inc.,john.jackson@veritassystemsinc.com,+1 (360) 997-5295,NEW,WhatsApp Inbound,Technology,43,,Cloud Transformation Webinar,,t,f,,,$209k,688e39a3-e9b4-46e6-ab8e-a6806bc6730c,LD-2025-01428,,,,,0,,,2026-01-20 11:10:49.032+00,2026-08-11 11:18:48.671+00,e7de7c5d-e62d-48de-9ef9-3791d955ebe1,Cold,f,,0,AUTOMATIC,Reply to Lead,,,688e39a3-e9b4-46e6-ab8e-a6806bc6730c,,,,,,,,
ef60daa6-9eb6-4a07-ae61-94982983b7ee,Barbara,King,Apex Pharmaceuticals Inc.,barbara.king@apexpharmaceuticalsinc.com,+1 (992) 736-5260,NEW,WhatsApp Inbound,Manufacturing,60,,Cloud Transformation Webinar,,f,f,,,$268k,78572ffd-b2af-47e3-bcea-e2c18c1f368c,LD-2025-01431,,,,2026-08-05 11:10:49.774+00,1,,,2026-07-31 11:10:49.774+00,2026-08-05 11:10:49.775+00,aeceeffe-1a87-4ed1-82c9-5b41cc2e4c80,Warm,f,,0,AUTOMATIC,Reply to Lead,,,78572ffd-b2af-47e3-bcea-e2c18c1f368c,,,,,,,,
08eacc85-2d4d-4ae5-a4bd-88dfeecb310f,Joseph,Hill,Vanguard Holdings Group,joseph.hill@vanguardholdingsgroup.com,+1 (684) 674-6677,NEW,Website Organic,Automotive,66,,Q1 Enterprise Tech Expo,,f,f,,,$362k,7be32d2b-6bc4-4cf1-9649-5b2a4171ae6e,LD-2025-01432,,,,,0,,,2025-09-12 11:10:50.015+00,2026-08-05 11:10:50.016+00,42a679ed-ba3b-4b85-bf6a-9d83beb83b78,Warm,f,,0,AUTOMATIC,Reply to Lead,,,7be32d2b-6bc4-4cf1-9649-5b2a4171ae6e,,,,,,,,
c2137320-10e6-45d1-acc0-fe449cd66d45,Christopher,Rodriguez,Horizon Energy Group,christopher.rodriguez@horizonenergygroup.com,+1 (918) 122-9378,NEW,WhatsApp Inbound,Food & Beverage,50,,Executive CXO Summit,,f,f,,,$476k,efd9e626-374e-419f-9ea4-36fd12bde3b1,LD-2025-01434,,,,,0,,,2026-05-23 11:10:50.498+00,2026-08-05 11:10:50.498+00,3e005293-abb2-40e3-bb8d-c83ea7c38f88,Warm,f,,0,AUTOMATIC,Reply to Lead,,,efd9e626-374e-419f-9ea4-36fd12bde3b1,,,,,,,,
b15fe374-c0f4-4e04-8bbd-f0d1a5bef4b1,Lisa,Wilson,Pinnacle Robotics Group,lisa.wilson@pinnacleroboticsgroup.com,+1 (857) 295-4506,NEW,Webinar Series,FMCG,58,,Direct Executive Outreach,,t,f,,,$195k,a5dd3d6d-64ec-4106-85a6-11e3e5a6309f,LD-2025-01435,,,,,0,,,2025-09-27 11:10:50.734+00,2026-08-05 11:10:50.734+00,23ed5e20-b1a5-47fc-ba66-f316a7583f6e,Warm,f,,0,AUTOMATIC,Reply to Lead,,,a5dd3d6d-64ec-4106-85a6-11e3e5a6309f,,,,,,,,
2ca8b6a7-a4cf-47d6-8373-ec0cc12bd4a9,Paul,Lewis,Nexus Systems Group,paul.lewis@nexussystemsgroup.com,+1 (996) 681-2095,NEW,WhatsApp Inbound,Technology,74,,Q1 Enterprise Tech Expo,,f,f,,,$162k,79643362-51d0-4a00-b203-91ebe70703d6,LD-2025-01438,,,,,0,,,2026-02-25 11:10:51.443+00,2026-08-05 11:10:51.443+00,44eb7440-fb3c-48fc-80f4-4eefdcbab25e,Warm,f,,0,AUTOMATIC,Reply to Lead,,,79643362-51d0-4a00-b203-91ebe70703d6,,,,,,,,
9f884b18-db11-4b18-89c3-54979b894917,Kenneth,Hill,Beacon Robotics Group,kenneth.hill@beaconroboticsgroup.com,+1 (591) 360-1640,NEW,Website Organic,Healthcare,77,,Cloud Transformation Webinar,,f,f,,,$58k,dcc85dfc-9e1f-4d7d-af81-c507949b4ade,LD-2025-01440,,,,,0,,,2026-07-10 11:10:51.919+00,2026-08-05 11:10:51.92+00,aeceeffe-1a87-4ed1-82c9-5b41cc2e4c80,Warm,f,,0,AUTOMATIC,Reply to Lead,,,dcc85dfc-9e1f-4d7d-af81-c507949b4ade,,,,,,,,
b09c17b2-cad0-40a0-a4f5-2f6967c72d06,safwaan,sheik,,sheiksaud671@gmail.com,9980929875,NEW,Website,,75,Request a Quote Page,Website Quote Form,"{""firstName"":""safwaan"",""lastName"":""sheik"",""email"":""sheiksaud671@gmail.com"",""phone"":""9980929875"",""company"":"""",""message"":""Service Needed: Industrial Services\n\nI want infoooo"",""budgetRange"":""SAR 50,000 - 200,000"",""source"":""Website"",""sourceDetail"":""Request a Quote Page"",""campaign"":""Website Quote Form""}",f,f,,,"SAR 50,000 - 200,000",c25f279e-c1e6-4a53-8ba3-427c22e94955,LD-2026-00593,,,,,0,,,2026-08-10 05:23:29.536+00,2026-08-10 05:23:29.536+00,8f71bfd4-bcc9-40d6-9621-904c8077d318,Warm,f,,0,AUTOMATIC,Reply to Lead,,,c25f279e-c1e6-4a53-8ba3-427c22e94955,,,,,,,,
2ffdabff-7930-4463-8941-5c84479a043e,rayyan,sheik,soda compaanyyy,sheikrayyanahmed@gmail.com,89939399393,NEW,Website,,85,Request a Quote Page,Website Quote Form,"{""firstName"":""rayyan"",""lastName"":""sheik"",""email"":""sheikrayyanahmed@gmail.com"",""phone"":""89939399393"",""company"":""soda compaanyyy"",""message"":""Service Needed: Civil Construction\n\ninfoooo"",""budgetRange"":""Under SAR 50,000"",""source"":""Website"",""sourceDetail"":""Request a Quote Page"",""campaign"":""Website Quote Form""}",f,f,,,"Under SAR 50,000",62da325c-acd0-432f-aaeb-6713a8813e56,LD-2026-00620,,,,,0,,,2026-08-10 05:26:18.799+00,2026-08-11 11:18:51.221+00,8f71bfd4-bcc9-40d6-9621-904c8077d318,Hot,f,,0,AUTOMATIC,Reply to Lead,,,62da325c-acd0-432f-aaeb-6713a8813e56,,,,,,,,
bc3237ff-4fa0-4764-816f-ec0f5bac96df,Sarah's,Client,PepsiCo Global Corp 1786516650048,sarah.client_1786516650048@pepsico.com,,NEW,,,50,,,,f,f,,,,a16f08f6-09ab-4a11-83b3-a8a4d95bd738,,,,,,0,,,2026-08-12 06:37:30.796+00,2026-08-12 06:37:30.796+00,d71890f9-1f96-4d1d-be3b-bdd6832be466,Warm,f,,0,AUTOMATIC,Reply to Lead,,,a16f08f6-09ab-4a11-83b3-a8a4d95bd738,,,,,,,,
25b7949a-ba91-44fa-a15c-c1b367793d31,General,Enquiry,PepsiCo Global Corp 1786516650048,gen_1786516650048@pepsico.com,,NEW,Website,,90,,,,f,f,,,,a7816d40-7724-438d-9fb3-352682da3b1e,LD-2026-00595,,,,,0,,,2026-08-12 06:37:37.273+00,2026-08-12 06:46:55.131+00,8f71bfd4-bcc9-40d6-9621-904c8077d318,Hot,f,,0,AUTOMATIC,Reply to Lead,,,a7816d40-7724-438d-9fb3-352682da3b1e,,,,,,,,
a79d4f87-1e27-438b-90fc-648167689919,Linda,Wilson,Velocity Systems Group,linda.wilson@velocitysystemsgroup.com,+1 (987) 931-8920,NEW,LinkedIn Outreach,Pharmaceutical,61,,Direct Executive Outreach,,f,f,,,$151k,09b18443-1d83-4a99-9f36-95786daaf988,LD-2025-01443,,,,,0,,,2025-12-26 11:10:52.638+00,2026-08-05 11:10:52.638+00,af8f43bb-c608-4c5a-9968-fdc97c51a924,Warm,f,,0,AUTOMATIC,Reply to Lead,,,09b18443-1d83-4a99-9f36-95786daaf988,,,,,,,,
cfbacfc1-cf48-40a5-8c21-0ec8b03f1a63,David,Jackson,Omni Energy Group,david.jackson@omnienergygroup.com,+1 (731) 483-7013,NEW,LinkedIn Outreach,Food & Beverage,65,,Cloud Transformation Webinar,,f,f,,,$337k,12f4a62d-92cf-4e29-93b9-126d9828178c,LD-2025-01444,,,,,0,,,2026-03-04 11:10:52.877+00,2026-08-05 11:10:52.877+00,bb643de2-92dc-4e74-8a56-a275688b3f0e,Warm,f,,0,AUTOMATIC,Reply to Lead,,,12f4a62d-92cf-4e29-93b9-126d9828178c,,,,,,,,
cb9ec68a-2cca-4618-9081-7091849507ed,Karen,King,Helios Holdings Group,karen.king@heliosholdingsgroup.com,+1 (337) 887-4069,NEW,Website Organic,Construction,71,,Direct Executive Outreach,,f,f,,,$479k,d06533e1-c4d3-4dc6-9570-892696133cf1,LD-2025-01447,,,,,0,,,2026-05-12 11:10:53.593+00,2026-08-05 11:10:53.594+00,6623fa17-a8cc-4aa2-a9ff-0f08a8c7e6f2,Warm,f,,0,AUTOMATIC,Reply to Lead,,,d06533e1-c4d3-4dc6-9570-892696133cf1,,,,,,,,
4b97f777-740a-42d6-b428-098751719801,Daniel,Hill,Aegis Systems Group,daniel.hill@aegissystemsgroup.com,+1 (845) 989-7825,NEW,Partner Referral,Technology,58,,LinkedIn Account Based Marketing,,f,f,,,$300k,89f6a116-5a31-4ee1-9dec-f734088cd09f,LD-2025-01448,,,,,0,,,2026-04-14 11:10:53.832+00,2026-08-05 11:10:53.832+00,6623fa17-a8cc-4aa2-a9ff-0f08a8c7e6f2,Warm,f,,0,AUTOMATIC,Reply to Lead,,,89f6a116-5a31-4ee1-9dec-f734088cd09f,,,,,,,,
aecc806b-2493-4524-8613-32268b87c3fc,Donald,Rodriguez,Global Robotics Group,donald.rodriguez@globalroboticsgroup.com,+1 (764) 978-6760,NEW,Google Search Ads,Healthcare,63,,Inbound Google Organic,,f,f,,,$94k,77fa6aef-8cff-49ec-956b-84de4fe5eec1,LD-2025-01450,,,,,0,,,2025-08-30 11:10:54.357+00,2026-08-05 11:10:54.358+00,957794e0-b1d0-41f9-844a-a7637166bdb2,Warm,f,,0,AUTOMATIC,Reply to Lead,,,77fa6aef-8cff-49ec-956b-84de4fe5eec1,,,,,,,,
7650d877-e44b-4ac2-ac1c-ba962e74bd0f,Patricia,King,Crestview Robotics Group,patricia.king@crestviewroboticsgroup.com,+1 (850) 175-6712,NEW,Partner Referral,FMCG,56,,Executive CXO Summit,,f,f,,,$257k,bb895974-88a7-43fc-bb2c-9e08a5e2d5f2,LD-2025-01455,,,,,0,,,2026-01-28 11:10:55.556+00,2026-08-05 11:10:55.556+00,6623fa17-a8cc-4aa2-a9ff-0f08a8c7e6f2,Warm,f,,0,AUTOMATIC,Reply to Lead,,,bb895974-88a7-43fc-bb2c-9e08a5e2d5f2,,,,,,,,
07c11c71-ceb4-448e-a564-fc26447c8147,Sarah,Brown,Genesis Systems Group,sarah.brown@genesissystemsgroup.com,+1 (498) 764-8478,NEW,WhatsApp Inbound,Pharmaceutical,44,,LinkedIn Account Based Marketing,,f,f,,,$479k,5155fef9-3722-4f5b-9b9a-3e392bf31623,LD-2025-01433,,,,,0,,,2025-08-17 11:10:50.258+00,2026-08-11 11:18:48.793+00,1bb812ed-075a-4220-9893-33db0e58443c,Cold,f,,0,AUTOMATIC,Reply to Lead,,,5155fef9-3722-4f5b-9b9a-3e392bf31623,,,,,,,,
2e4e28c6-02e9-4c26-930a-3a8bc1ea3cbc,Anthony,Jackson,Titan Pharmaceuticals Group,anthony.jackson@titanpharmaceuticalsgroup.com,+1 (237) 328-1126,NEW,WhatsApp Inbound,Logistics,47,,Direct Executive Outreach,,f,f,,,$402k,2aee8d1f-c2a1-47af-84d5-41b6427ecf4c,LD-2025-01436,,,,2026-08-03 11:10:50.97+00,2,,,2025-08-09 11:10:50.97+00,2026-08-11 11:18:48.854+00,44eb7440-fb3c-48fc-80f4-4eefdcbab25e,Cold,f,,0,AUTOMATIC,Reply to Lead,,,2aee8d1f-c2a1-47af-84d5-41b6427ecf4c,,,,,,,,
fceb5f19-f4f5-48ca-a347-ea8bea16da08,Sandra,White,Quantum Holdings Group,sandra.white@quantumholdingsgroup.com,+1 (672) 544-5381,NEW,Website Organic,Construction,98,,Inbound Google Organic,,f,f,,,$282k,1dbfd97b-1edd-480c-a2ff-f95162216b35,LD-2025-01437,,,,,0,,,2026-07-18 11:10:51.206+00,2026-08-11 11:18:48.915+00,7486a411-91a0-45ef-80f5-4e0ed4bb891b,Hot,f,,0,AUTOMATIC,Reply to Lead,,,1dbfd97b-1edd-480c-a2ff-f95162216b35,,,,,,,,
168977f8-296f-43e4-865f-333b1f8ed0cd,Emily,King,Starlight Energy Group,emily.king@starlightenergygroup.com,+1 (408) 158-1371,NEW,LinkedIn Outreach,Retail,37,,Inbound Google Organic,,f,f,,,$87k,4ba0473e-5b49-4921-8443-2397f9c6eb4b,LD-2025-01439,,,,,0,,,2025-10-04 11:10:51.681+00,2026-08-11 11:18:48.975+00,3e005293-abb2-40e3-bb8d-c83ea7c38f88,Cold,f,,0,AUTOMATIC,Reply to Lead,,,4ba0473e-5b49-4921-8443-2397f9c6eb4b,,,,,,,,
8c772868-deec-46a9-a34b-8d122816a69b,Mary,Brown,Sterling Pharmaceuticals Group,mary.brown@sterlingpharmaceuticalsgroup.com,+1 (855) 448-6369,NEW,WhatsApp Inbound,Manufacturing,89,,Direct Executive Outreach,,f,f,,,$490k,e3e41a3b-c324-4b7d-a84b-514156c3c2a5,LD-2025-01441,,,,2026-08-03 11:10:52.156+00,2,,,2026-06-05 11:10:52.156+00,2026-08-11 11:18:49.036+00,aeceeffe-1a87-4ed1-82c9-5b41cc2e4c80,Hot,f,,0,AUTOMATIC,Reply to Lead,,,e3e41a3b-c324-4b7d-a84b-514156c3c2a5,,,,,,,,
6169102f-bdcf-4126-bd0e-44ed2d46c7a0,Robert,Rodriguez,Synergy Holdings Group,robert.rodriguez@synergyholdingsgroup.com,+1 (639) 319-1590,NEW,Website Organic,Automotive,81,,Executive CXO Summit,,t,f,,,$376k,5a8db5a7-7a00-4e6e-bb6d-6f9d85ca1973,LD-2025-01442,,,,,0,,,2026-06-12 11:10:52.393+00,2026-08-11 11:18:49.097+00,44eb7440-fb3c-48fc-80f4-4eefdcbab25e,Hot,f,,0,AUTOMATIC,Reply to Lead,,,5a8db5a7-7a00-4e6e-bb6d-6f9d85ca1973,,,,,,,,
f4a5c3e0-f408-48fc-9443-b6e0f46ae159,Susan,White,Prism Robotics Group,susan.white@prismroboticsgroup.com,+1 (444) 649-6085,NEW,WhatsApp Inbound,FMCG,45,,LinkedIn Account Based Marketing,,f,f,,,$254k,478016c6-fd22-45fe-9380-a8b7929c8617,LD-2025-01445,,,,,0,,,2025-10-31 11:10:53.114+00,2026-08-11 11:18:49.157+00,6623fa17-a8cc-4aa2-a9ff-0f08a8c7e6f2,Cold,f,,0,AUTOMATIC,Reply to Lead,,,478016c6-fd22-45fe-9380-a8b7929c8617,,,,,,,,
34cf039b-11ee-4b94-9556-5386d4cdacef,Thomas,Lewis,Matrix Pharmaceuticals Group,thomas.lewis@matrixpharmaceuticalsgroup.com,+1 (399) 664-8549,NEW,WhatsApp Inbound,Logistics,86,,Q1 Enterprise Tech Expo,,f,f,,,$474k,ec16e03f-6fae-4344-9199-a873a592e170,LD-2025-01446,,,,2026-08-03 11:10:53.354+00,2,,,2025-10-24 11:10:53.354+00,2026-08-11 11:18:49.218+00,5590f73f-33da-422a-98ed-8fd0fb6917f2,Hot,f,,0,AUTOMATIC,Reply to Lead,,,ec16e03f-6fae-4344-9199-a873a592e170,,,,,,,,
922db902-9e2c-4f49-ae18-60af4ca57146,Betty,Brown,Dynamic Energy Group,betty.brown@dynamicenergygroup.com,+1 (591) 949-9879,NEW,Partner Referral,Retail,35,,Inbound Google Organic,,t,f,,,$143k,108f4a8a-e7cd-4edf-833c-e94e9aca3c33,LD-2025-01449,,,,,0,,,2026-04-14 11:10:54.104+00,2026-08-11 11:18:49.279+00,aeceeffe-1a87-4ed1-82c9-5b41cc2e4c80,Cold,f,,0,AUTOMATIC,Reply to Lead,,,108f4a8a-e7cd-4edf-833c-e94e9aca3c33,,,,,,,,
4e34d35c-030e-4692-90da-7016e6940367,Ashley,Wilson,Infinitum Pharmaceuticals Group,ashley.wilson@infinitumpharmaceuticalsgroup.com,+1 (633) 476-2865,NEW,WhatsApp Inbound,Manufacturing,84,,Inbound Google Organic,,f,f,,,$309k,e1d32f2d-a8fb-4ce7-9f64-469eb261e242,LD-2025-01451,,,,2026-08-04 11:10:54.597+00,2,,,2026-04-10 11:10:54.597+00,2026-08-11 11:18:49.34+00,e7de7c5d-e62d-48de-9ef9-3791d955ebe1,Hot,f,,0,AUTOMATIC,Reply to Lead,,,e1d32f2d-a8fb-4ce7-9f64-469eb261e242,,,,,,,,
52a41369-e8d8-47d3-99d8-41fec4969c2d,Steven,Jackson,Orion Holdings Group,steven.jackson@orionholdingsgroup.com,+1 (679) 272-7797,NEW,Partner Referral,Automotive,90,,Cloud Transformation Webinar,,f,f,,,$214k,172f10bc-55dd-4489-a682-f84a75d2ead1,LD-2025-01452,,,,,0,,,2025-09-28 11:10:54.838+00,2026-08-11 11:18:49.4+00,aeceeffe-1a87-4ed1-82c9-5b41cc2e4c80,Hot,f,,0,AUTOMATIC,Reply to Lead,,,172f10bc-55dd-4489-a682-f84a75d2ead1,,,,,,,,
2fd1e191-930d-4adb-a1f0-1510074ff579,Donna,White,Equinox Systems Group,donna.white@equinoxsystemsgroup.com,+1 (270) 144-3405,NEW,Google Search Ads,Pharmaceutical,93,,Executive CXO Summit,,f,f,,,$330k,90a4e029-3edc-40d9-9712-05f736eb42a7,LD-2025-01453,,,,,0,,,2026-03-16 11:10:55.077+00,2026-08-11 11:18:49.463+00,483561ee-4978-4ec5-bc44-6274d0dba919,Hot,f,,0,AUTOMATIC,Reply to Lead,,,90a4e029-3edc-40d9-9712-05f736eb42a7,,,,,,,,
7976ef62-4edf-42f3-8f02-12d855a47c2b,Elizabeth,Brown,Astral Holdings Group,elizabeth.brown@astralholdingsgroup.com,+1 (634) 795-3968,NEW,Website Organic,Construction,50,,Executive CXO Summit,,f,f,,,$316k,858fe24e-865c-488f-b1ac-20a02345af1c,LD-2025-01457,,,,,0,,,2026-06-14 11:10:56.034+00,2026-08-05 11:10:56.034+00,e059410e-b03d-4110-8dda-7e2322730e05,Warm,f,,0,AUTOMATIC,Reply to Lead,,,858fe24e-865c-488f-b1ac-20a02345af1c,,,,,,,,
ad338bc5-2f39-49e7-aa62-b585146f0989,Matthew,Lewis,Vanguard Holdings Group,matthew.lewis@vanguardholdingsgroup.com,+1 (854) 706-2945,NEW,WhatsApp Inbound,Automotive,55,,Executive CXO Summit,,f,f,,,$388k,faf41b85-cdfa-4c94-a793-b4b6d71d2080,LD-2025-01462,,,,,0,,,2025-09-07 11:10:57.224+00,2026-08-05 11:10:57.224+00,ee399d9c-d933-48d5-b401-306ec7bdc22e,Warm,f,,0,AUTOMATIC,Reply to Lead,,,faf41b85-cdfa-4c94-a793-b4b6d71d2080,,,,,,,,
ddac933b-580f-467e-97d7-e96b0401ad7f,Kimberly,Brown,Pinnacle Robotics Group,kimberly.brown@pinnacleroboticsgroup.com,+1 (909) 694-2781,NEW,Cold Inbound,FMCG,73,,Cloud Transformation Webinar,,f,f,,,$427k,05e0182a-c179-49a0-bf01-7c1ebe4ada15,LD-2025-01465,,,,,0,,,2025-12-07 11:10:57.942+00,2026-08-05 11:10:57.943+00,6623fa17-a8cc-4aa2-a9ff-0f08a8c7e6f2,Warm,f,,0,AUTOMATIC,Reply to Lead,,,05e0182a-c179-49a0-bf01-7c1ebe4ada15,,,,,,,,
5ed2cc1c-263d-4064-bd03-5fc60a4f87e7,Andrew,Rodriguez,Titan Pharmaceuticals Group,andrew.rodriguez@titanpharmaceuticalsgroup.com,+1 (246) 720-3697,NEW,WhatsApp Inbound,Logistics,60,,Inbound Google Organic,,f,f,,,$369k,0f86c212-7a93-40c8-9f27-eda83ca34b3e,LD-2025-01466,,,,2026-08-04 11:10:58.18+00,1,,,2026-05-02 11:10:58.18+00,2026-08-05 11:10:58.18+00,483561ee-4978-4ec5-bc44-6274d0dba919,Warm,f,,0,AUTOMATIC,Reply to Lead,,,0f86c212-7a93-40c8-9f27-eda83ca34b3e,,,,,,,,
bb002f79-607e-491d-bc56-58bacaa61acc,John,Jackson,Nexus Systems Group,john.jackson@nexussystemsgroup.com,+1 (951) 117-7831,NEW,Executive Referral,Technology,51,,Inbound Google Organic,,f,f,,,$401k,a78c7fbc-2a80-4f9e-a179-cf78de6bc10f,LD-2025-01468,,,,,0,,,2026-07-20 11:10:58.665+00,2026-08-05 11:10:58.666+00,bfdf8c1f-fe23-4dfb-b2da-5faedf129c36,Warm,f,,0,AUTOMATIC,Reply to Lead,,,a78c7fbc-2a80-4f9e-a179-cf78de6bc10f,,,,,,,,
fed43452-fca9-4623-8530-ea1fbb53cdef,William,Lewis,Beacon Robotics Group,william.lewis@beaconroboticsgroup.com,+1 (929) 923-9483,NEW,Trade Show Expo 2025,Healthcare,52,,Cloud Transformation Webinar,,t,f,,,$212k,bff1e3d7-07bf-4d36-840b-0d83b78cda0a,LD-2025-01470,,,,,0,,,2026-02-03 11:10:59.139+00,2026-08-05 11:10:59.139+00,23ed5e20-b1a5-47fc-ba66-f316a7583f6e,Warm,f,,0,AUTOMATIC,Reply to Lead,,,bff1e3d7-07bf-4d36-840b-0d83b78cda0a,,,,,,,,
a14978d4-28ca-4ed1-872b-81811d901c31,Joseph,Hill,Synergy Holdings Group,joseph.hill@synergyholdingsgroup.com,+1 (231) 379-4926,NEW,WhatsApp Inbound,Automotive,77,,LinkedIn Account Based Marketing,,f,f,,,$494k,928154de-f1e0-4b45-9c41-3afe0c939040,LD-2025-01472,,,,,0,,,2026-03-28 11:10:59.614+00,2026-08-05 11:10:59.614+00,6623fa17-a8cc-4aa2-a9ff-0f08a8c7e6f2,Warm,f,,0,AUTOMATIC,Reply to Lead,,,928154de-f1e0-4b45-9c41-3afe0c939040,,,,,,,,
55f42055-b852-418f-83d8-b624055cf8c0,Lisa,Wilson,Prism Robotics Group,lisa.wilson@prismroboticsgroup.com,+1 (368) 956-1418,NEW,Webinar Series,FMCG,68,,Q1 Enterprise Tech Expo,,f,f,,,$254k,cc317d39-a852-44da-ae6f-470f3e775a6d,LD-2025-01475,,,,,0,,,2025-12-29 11:11:00.329+00,2026-08-05 11:11:00.329+00,5590f73f-33da-422a-98ed-8fd0fb6917f2,Warm,f,,0,AUTOMATIC,Reply to Lead,,,cc317d39-a852-44da-ae6f-470f3e775a6d,,,,,,,,
8ebb4896-7401-4a0f-a7df-5c9162e16094,Sandra,White,Helios Holdings Group,sandra.white@heliosholdingsgroup.com,+1 (325) 739-2941,NEW,Cold Inbound,Construction,53,,Inbound Google Organic,,t,f,,,$320k,4c823b82-54e1-4252-aaf0-fc85fc2c1d19,LD-2025-01477,,,,,0,,,2026-03-30 11:11:00.802+00,2026-08-05 11:11:00.802+00,604bb8ab-99ba-4134-8053-815900a040c0,Warm,f,,0,AUTOMATIC,Reply to Lead,,,4c823b82-54e1-4252-aaf0-fc85fc2c1d19,,,,,,,,
fad144dd-ed1f-4758-b27b-da9b41ae3a63,Mary,Brown,Infinitum Pharmaceuticals Group,mary.brown@infinitumpharmaceuticalsgroup.com,+1 (900) 654-7310,NEW,WhatsApp Inbound,Manufacturing,68,,LinkedIn Account Based Marketing,,f,f,,,$131k,ea6804a2-e0d8-4583-9d47-8c739438cf8b,LD-2025-01481,,,,2026-08-05 11:11:01.75+00,3,,,2026-07-26 11:11:01.75+00,2026-08-05 11:11:01.75+00,5579bbef-b890-4d99-91e2-e017decbd26e,Warm,f,,0,AUTOMATIC,Reply to Lead,,,ea6804a2-e0d8-4583-9d47-8c739438cf8b,,,,,,,,
2f66e198-2c17-4ae1-a1ab-adf333cd3769,Jessica,Wilson,Ironclad Energy Group,jessica.wilson@ironcladenergygroup.com,+1 (607) 192-8386,NEW,Executive Referral,Retail,88,,LinkedIn Account Based Marketing,,f,f,,,$391k,772a2c1d-cdf3-4c9d-809d-a4bc2ee61036,LD-2025-01459,,,,,0,,,2025-12-10 11:10:56.512+00,2026-08-11 11:18:49.644+00,e059410e-b03d-4110-8dda-7e2322730e05,Hot,f,,0,AUTOMATIC,Reply to Lead,,,772a2c1d-cdf3-4c9d-809d-a4bc2ee61036,,,,,,,,
6797c033-8654-4efb-b64a-3306a1748f65,Charles,Jackson,Catalyst Robotics Group,charles.jackson@catalystroboticsgroup.com,+1 (595) 669-2395,NEW,WhatsApp Inbound,Healthcare,80,,Q1 Enterprise Tech Expo,,f,f,,,$375k,4f12f495-b269-41b1-8c98-960d83e9fbf4,LD-2025-01460,,,,,0,,,2025-11-11 11:10:56.748+00,2026-08-11 11:18:49.705+00,aeceeffe-1a87-4ed1-82c9-5b41cc2e4c80,Hot,f,,0,AUTOMATIC,Reply to Lead,,,4f12f495-b269-41b1-8c98-960d83e9fbf4,,,,,,,,
c36d618f-fb1b-436e-aff5-2086e8882615,Nancy,White,Apex Pharmaceuticals Group,nancy.white@apexpharmaceuticalsgroup.com,+1 (666) 386-6928,NEW,WhatsApp Inbound,Manufacturing,35,,Q1 Enterprise Tech Expo,,f,f,,,$204k,bd2ace4e-acd4-4ad6-bcee-a6703556f367,LD-2025-01461,,,,2026-08-03 11:10:56.986+00,1,,,2025-12-14 11:10:56.986+00,2026-08-11 11:18:49.765+00,5579bbef-b890-4d99-91e2-e017decbd26e,Cold,f,,0,AUTOMATIC,Reply to Lead,,,bd2ace4e-acd4-4ad6-bcee-a6703556f367,,,,,,,,
ee6e5598-66b6-4bfb-aec0-48f2b5f1724a,Margaret,King,Genesis Systems Group,margaret.king@genesissystemsgroup.com,+1 (827) 265-6077,NEW,Trade Show Expo 2025,Pharmaceutical,48,,Q1 Enterprise Tech Expo,,t,f,,,$253k,04e6b7c8-a7c0-4730-a3b1-21f3ec80851f,LD-2025-01463,,,,,0,,,2025-09-30 11:10:57.464+00,2026-08-11 11:18:49.826+00,3e005293-abb2-40e3-bb8d-c83ea7c38f88,Cold,f,,0,AUTOMATIC,Reply to Lead,,,04e6b7c8-a7c0-4730-a3b1-21f3ec80851f,,,,,,,,
e4a0443c-9f1e-49d3-a13f-e135eb95ac64,Mark,Hill,Horizon Energy Group,mark.hill@horizonenergygroup.com,+1 (653) 896-4173,NEW,Cold Inbound,Food & Beverage,91,,Inbound Google Organic,,f,f,,,$299k,1c7d06db-8212-427f-ab14-85af593585bd,LD-2025-01464,,,,,0,,,2025-12-31 11:10:57.702+00,2026-08-11 11:18:49.887+00,44eb7440-fb3c-48fc-80f4-4eefdcbab25e,Hot,f,,0,AUTOMATIC,Reply to Lead,,,1c7d06db-8212-427f-ab14-85af593585bd,,,,,,,,
4ff9a6c7-7b6b-4b38-8c6d-d8d2de09659d,Michelle,Wilson,Quantum Holdings Group,michelle.wilson@quantumholdingsgroup.com,+1 (965) 512-7299,NEW,Google Search Ads,Construction,47,,Direct Executive Outreach,,f,f,,,$155k,6922cd0f-1cdf-47d6-b389-cce3df80765c,LD-2025-01467,,,,,0,,,2026-06-03 11:10:58.427+00,2026-08-11 11:18:49.948+00,7cd4892f-38fe-4d5f-959c-14bf5029b5e6,Cold,f,,0,AUTOMATIC,Reply to Lead,,,6922cd0f-1cdf-47d6-b389-cce3df80765c,,,,,,,,
2a7c8de0-9000-459d-a274-fcd6566c2fc8,Jennifer,White,Starlight Energy Group,jennifer.white@starlightenergygroup.com,+1 (718) 457-7634,NEW,WhatsApp Inbound,Retail,47,,Executive CXO Summit,,f,f,,,$179k,ebb302f1-47f7-4066-9378-2eb05dd0e3f2,LD-2025-01469,,,,,0,,,2025-08-16 11:10:58.902+00,2026-08-11 11:18:50.008+00,957794e0-b1d0-41f9-844a-a7637166bdb2,Cold,f,,0,AUTOMATIC,Reply to Lead,,,ebb302f1-47f7-4066-9378-2eb05dd0e3f2,,,,,,,,
3c713027-8aac-4236-aef9-3cae37ee155e,Sarah,Brown,Velocity Systems Group,sarah.brown@velocitysystemsgroup.com,+1 (281) 699-2305,NEW,Google Search Ads,Pharmaceutical,84,,Q1 Enterprise Tech Expo,,f,f,,,$125k,13322aaa-ec06-4d17-be1d-0c1a1af758fa,LD-2025-01473,,,,,0,,,2026-01-26 11:10:59.852+00,2026-08-11 11:18:50.13+00,af8f43bb-c608-4c5a-9968-fdc97c51a924,Hot,f,,0,AUTOMATIC,Reply to Lead,,,13322aaa-ec06-4d17-be1d-0c1a1af758fa,,,,,,,,
9085bfb6-5d80-4518-8fa8-e3d11db8dc8b,Robert,Rodriguez,Vanguard Holdings Inc.,robert.rodriguez@vanguardholdingsinc.com,+1 (526) 260-4897,NEW,Webinar Series,Automotive,39,,Executive CXO Summit,,f,f,,,$314k,978a5ab6-71e7-4d40-8cf8-d1c3ee2ecb5f,LD-2025-01402,,,,,0,,,2026-01-02 11:10:42.498+00,2026-08-11 11:18:47.875+00,4760f22f-427c-460d-8bab-17f36ae27f98,Cold,f,,0,AUTOMATIC,Reply to Lead,,,978a5ab6-71e7-4d40-8cf8-d1c3ee2ecb5f,,,,,,,,
55dba8ec-bd86-4b2e-9a71-dbffbaa64727,Jennifer,White,Ironclad Energy Inc.,jennifer.white@ironcladenergyinc.com,+1 (848) 471-9145,NEW,Website Organic,Retail,35,,LinkedIn Account Based Marketing,,f,f,,,$497k,2f694078-1b63-43a2-bd36-9661faa5afbc,LD-2025-01429,,,,,0,,,2026-04-08 11:10:49.269+00,2026-08-11 11:18:48.732+00,bfdf8c1f-fe23-4dfb-b2da-5faedf129c36,Cold,f,,0,AUTOMATIC,Reply to Lead,,,2f694078-1b63-43a2-bd36-9661faa5afbc,,,,,,,,
1df9c2cb-9f9e-48b7-85fd-9d616bbd9e20,James,Lewis,Paramount Energy Group,james.lewis@paramountenergygroup.com,+1 (418) 961-5620,NEW,Partner Referral,Food & Beverage,82,,Inbound Google Organic,,f,f,,,$240k,ffec5efc-4483-451b-b256-64f797a5fb9f,LD-2025-01454,,,,,0,,,2025-10-24 11:10:55.314+00,2026-08-11 11:18:49.523+00,42a679ed-ba3b-4b85-bf6a-9d83beb83b78,Hot,f,,0,AUTOMATIC,Reply to Lead,,,ffec5efc-4483-451b-b256-64f797a5fb9f,,,,,,,,
06c26e93-7c50-4f29-bc60-14e71b966fbb,Existing,Contact,PepsiCo Global 1786515831110,pepsico_contact_1786515831110@pepsico.com,,NEW,,,50,,,,f,f,,,,,,,,,,0,,,2026-08-12 06:23:51.883+00,2026-08-12 06:23:51.883+00,ea818ba2-70c1-49e3-98b3-b897dc9b36c0,Warm,f,,0,AUTOMATIC,Reply to Lead,,,,,,,,,,,
79335d02-00e0-4c1e-9fb4-dc4f6ad2a884,Existing,Contact,PepsiCo Global 1786515943845,pepsico_contact_1786515943845@pepsico.com,,NEW,,,50,,,,f,f,,,,,,,,,,0,,,2026-08-12 06:25:44.996+00,2026-08-12 06:25:44.996+00,ef8cd2d6-7fc3-43cc-adbc-a972880998af,Warm,f,,0,AUTOMATIC,Reply to Lead,,,,,,,,,,,
ea1e76a7-05ea-4ef5-95a8-3c3bc86e834d,Existing,Contact,PepsiCo Global 1786515985945,pepsico_contact_1786515985945@pepsico.com,,NEW,,,50,,,,f,f,,,,,,,,,,0,,,2026-08-12 06:26:26.97+00,2026-08-12 06:26:26.97+00,0d006baa-e2d4-4c4b-989e-9d8bbfe60dc1,Warm,f,,0,AUTOMATIC,Reply to Lead,,,,,,,,,,,
5ac18a47-c214-4862-a99b-47b94f5f69f6,Richard,Rodriguez,Veritas Systems Group,richard.rodriguez@veritassystemsgroup.com,+1 (418) 681-6177,NEW,Direct Mail Campaign,Technology,86,,Cloud Transformation Webinar,,f,f,,,$167k,3a11b027-3335-4ec0-8e92-1bb2711636a2,LD-2025-01458,,,,,0,,,2026-06-27 11:10:56.272+00,2026-08-11 11:18:49.584+00,3e005293-abb2-40e3-bb8d-c83ea7c38f88,Hot,f,,0,AUTOMATIC,Reply to Lead,,,3a11b027-3335-4ec0-8e92-1bb2711636a2,,,,,,,,
c32ee1d5-9661-40d3-9990-9a786bfdc1bb,Barbara,King,Sterling Pharmaceuticals Group,barbara.king@sterlingpharmaceuticalsgroup.com,+1 (450) 545-3991,NEW,WhatsApp Inbound,Manufacturing,86,,Inbound Google Organic,,f,f,,,$489k,1e46e8fa-fb49-4667-acf5-0f6b3b431d4a,LD-2025-01471,,,,2026-08-04 11:10:59.375+00,2,,,2026-03-24 11:10:59.375+00,2026-08-11 11:18:50.069+00,4760f22f-427c-460d-8bab-17f36ae27f98,Hot,f,,0,AUTOMATIC,Reply to Lead,,,1e46e8fa-fb49-4667-acf5-0f6b3b431d4a,,,,,,,,
21fbd07f-0ffe-405e-b53c-e8bf9e50b042,Linda,Wilson,Equinox Systems Group,linda.wilson@equinoxsystemsgroup.com,+1 (436) 136-6137,NEW,LinkedIn Outreach,Pharmaceutical,35,,Executive CXO Summit,,f,f,,,$390k,9b0fb6a1-768f-4616-92f5-7a5c92de5f81,LD-2025-01483,,,,,0,,,2026-04-15 11:11:02.222+00,2026-08-11 11:18:50.556+00,3e005293-abb2-40e3-bb8d-c83ea7c38f88,Cold,f,,0,AUTOMATIC,Reply to Lead,,,9b0fb6a1-768f-4616-92f5-7a5c92de5f81,,,,,,,,
733643ac-ee95-4d9b-a207-090142c5e1dc,Michael,Hill_1786515232810,Titan Pharmaceuticals Group,michael.hill_1786515232810@titanpharma.com,,NEW,Website,,90,,,,f,f,,,"$150,000",05b6080e-248f-4441-ac2a-80860f180436,LD-2026-00569,,,,,0,,,2026-08-12 06:13:54.851+00,2026-08-12 06:46:55.307+00,8f71bfd4-bcc9-40d6-9621-904c8077d318,Hot,f,,0,AUTOMATIC,Reply to Lead,,,05b6080e-248f-4441-ac2a-80860f180436,,,,,,,,
f01c27c6-5a6f-4a2f-8594-51995d146421,Christopher,Rodriguez,Omni Energy Group,christopher.rodriguez@omnienergygroup.com,+1 (772) 153-3929,NEW,WhatsApp Inbound,Food & Beverage,36,,Direct Executive Outreach,,f,f,,,$488k,bf230543-be02-465c-9dd2-e181a2eaecc0,LD-2025-01474,,,,,0,,,2026-03-16 11:11:00.092+00,2026-08-11 11:18:50.19+00,957794e0-b1d0-41f9-844a-a7637166bdb2,Cold,f,,0,AUTOMATIC,Reply to Lead,,,bf230543-be02-465c-9dd2-e181a2eaecc0,,,,,,,,
04fb2a53-ca2a-4349-ba8d-0717b1f1f231,Anthony,Jackson,Matrix Pharmaceuticals Group,anthony.jackson@matrixpharmaceuticalsgroup.com,+1 (436) 805-4031,NEW,WhatsApp Inbound,Logistics,82,,Executive CXO Summit,,f,f,,,$145k,9aecb2fe-2643-4ee5-a0ae-00bb2fc020db,LD-2025-01476,,,,2026-08-05 11:11:00.566+00,2,,,2026-02-10 11:11:00.566+00,2026-08-11 11:18:50.253+00,6623fa17-a8cc-4aa2-a9ff-0f08a8c7e6f2,Hot,f,,0,AUTOMATIC,Reply to Lead,,,9aecb2fe-2643-4ee5-a0ae-00bb2fc020db,,,,,,,,
40982c42-a926-425e-9c65-a83385148bec,Paul,Lewis,Aegis Systems Group,paul.lewis@aegissystemsgroup.com,+1 (366) 291-9520,NEW,Cold Inbound,Technology,89,,Cloud Transformation Webinar,,f,f,,,$478k,fa055f48-ccde-4a5f-ac3b-8dbc0000b7db,LD-2025-01478,,,,,0,,,2026-01-16 11:11:01.039+00,2026-08-11 11:18:50.314+00,42a679ed-ba3b-4b85-bf6a-9d83beb83b78,Hot,f,,0,AUTOMATIC,Reply to Lead,,,fa055f48-ccde-4a5f-ac3b-8dbc0000b7db,,,,,,,,
abdc4518-78b7-4306-9b72-84ef8dc1ac46,Emily,King,Dynamic Energy Group,emily.king@dynamicenergygroup.com,+1 (488) 814-5484,NEW,WhatsApp Inbound,Retail,98,,LinkedIn Account Based Marketing,,f,f,,,$189k,66a037e6-a5a1-4338-b448-cac7e6cd9098,LD-2025-01479,,,,,0,,,2026-07-02 11:11:01.276+00,2026-08-11 11:18:50.374+00,3e005293-abb2-40e3-bb8d-c83ea7c38f88,Hot,f,,0,AUTOMATIC,Reply to Lead,,,66a037e6-a5a1-4338-b448-cac7e6cd9098,,,,,,,,
47d7b799-70b8-41b2-a757-626865d56c10,Mohammad,Zeeshan,"",mohd.zeeshann110@gmail.com,"",NEW,email,,50,,,,f,f,testing the CRM,IJSGUHRUSURSHD,,,,,leads@inbound.volvitech.com,assignment-rules,,0,,email,2026-08-12 07:23:59.4+00,2026-08-17 05:11:22.165+00,ef8cd2d6-7fc3-43cc-adbc-a972880998af,Cold,f,2026-08-12 07:23:59.9+00,0,AUTOMATIC,Reply to Lead,,,,,,,,,,,
5d4b5f2a-7b79-46c9-b554-d756d040368e,Manual,Prospect,Manual Prospect Inc,manual_1786516750097@prospect.com,,NEW,Manual Entry,,75,,,,f,f,,,,2b3d15fd-69ba-4c26-854f-2ecdb0a47327,LD-2026-00632,,,,,0,,,2026-08-12 06:39:25.896+00,2026-08-12 06:39:25.896+00,a7059642-3c33-42b6-9307-4860753ba1cc,Warm,f,,0,AUTOMATIC,Reply to Lead,,,2b3d15fd-69ba-4c26-854f-2ecdb0a47327,,,,,,,,
c576aad8-6a35-4bad-a3f5-3a93a97232df,Sarah's,Client,PepsiCo Global Corp 1786516807103,sarah.client_1786516807103@pepsico.com,,NEW,,,50,,,,f,f,,,,1ec1acdd-d554-4551-a65e-2c6bd5a12cc3,,,,,,0,,,2026-08-12 06:40:07.816+00,2026-08-12 06:40:07.816+00,75a47989-b9ac-4733-a4ba-d3568a7b193c,Warm,f,,0,AUTOMATIC,Reply to Lead,,,1ec1acdd-d554-4551-a65e-2c6bd5a12cc3,,,,,,,,
0cc89f44-4648-478f-a038-be14cbbd9e18,Sarah's,Client,PepsiCo Global Corp 1786516844087,sarah.client_1786516844087@pepsico.com,,NEW,,,50,,,,f,f,,,,eecc800c-08ba-4990-b203-e5efd6a20ea6,,,,,,0,,,2026-08-12 06:40:44.824+00,2026-08-12 06:40:44.824+00,eed70aae-cb82-42cc-a98a-d55cdf52d3b8,Warm,f,,0,AUTOMATIC,Reply to Lead,,,eecc800c-08ba-4990-b203-e5efd6a20ea6,,,,,,,,
a3d4e72c-bfa8-4105-a3a0-9717eacf50fa,Kenneth,Hill,Global Robotics Group,kenneth.hill@globalroboticsgroup.com,+1 (481) 940-8754,NEW,Direct Mail Campaign,Healthcare,88,,Executive CXO Summit,,f,f,,,$297k,446bda77-5583-4d2e-b5b7-9cb040d25041,LD-2025-01480,,,,,0,,,2026-03-04 11:11:01.512+00,2026-08-11 11:18:50.435+00,5579bbef-b890-4d99-91e2-e017decbd26e,Hot,f,,0,AUTOMATIC,Reply to Lead,,,446bda77-5583-4d2e-b5b7-9cb040d25041,,,,,,,,
b873fd66-bbf3-46df-8f41-89d8dabaf7dd,Robert,Rodriguez,Orion Holdings Group,robert.rodriguez@orionholdingsgroup.com,+1 (990) 305-8458,NEW,WhatsApp Inbound,Automotive,88,,Inbound Google Organic,,f,f,,,$497k,7b00b488-f07a-4e01-a83c-aeff07e5bd7f,LD-2025-01482,,,,,0,,,2026-07-03 11:11:01.986+00,2026-08-11 11:18:50.495+00,44eb7440-fb3c-48fc-80f4-4eefdcbab25e,Hot,f,,0,AUTOMATIC,Reply to Lead,,,7b00b488-f07a-4e01-a83c-aeff07e5bd7f,,,,,,,,
f5b23d42-818b-4354-93cc-ec2786de066a,Donna,White,Genesis Systems Group,donna.white@genesissystemsgroup.com,+1 (815) 109-2264,NEW,Webinar Series,Pharmaceutical,59,,Inbound Google Organic,,f,f,,,$253k,28a8c0be-39c6-43d4-ad8f-a55c77401dcc,LD-2025-01493,,,,,0,,,2025-10-03 11:11:04.596+00,2026-08-05 11:11:04.596+00,3e005293-abb2-40e3-bb8d-c83ea7c38f88,Warm,f,,0,AUTOMATIC,Reply to Lead,,,28a8c0be-39c6-43d4-ad8f-a55c77401dcc,,,,,,,,
147caedc-6cca-4547-aee0-815fe0784298,James,Lewis,Horizon Energy Group,james.lewis@horizonenergygroup.com,+1 (554) 509-1474,NEW,Google Search Ads,Food & Beverage,59,,Q1 Enterprise Tech Expo,,f,f,,,$106k,bad2e179-a3be-45ed-a54b-03029fa27f72,LD-2025-01494,,,,,0,,,2026-04-28 11:11:04.842+00,2026-08-05 11:11:04.842+00,5579bbef-b890-4d99-91e2-e017decbd26e,Warm,f,,0,AUTOMATIC,Reply to Lead,,,bad2e179-a3be-45ed-a54b-03029fa27f72,,,,,,,,
95890b7d-13d2-4557-ac29-ab74ce9b2a44,Elizabeth,Brown,Quantum Holdings Group,elizabeth.brown@quantumholdingsgroup.com,+1 (949) 925-8312,NEW,Direct Mail Campaign,Construction,51,,LinkedIn Account Based Marketing,,f,f,,,$479k,f97cef7f-bcf4-40d0-be96-f3a6a68b758c,LD-2025-01497,,,,,0,,,2026-02-21 11:11:05.566+00,2026-08-05 11:11:05.566+00,5579bbef-b890-4d99-91e2-e017decbd26e,Warm,f,,0,AUTOMATIC,Reply to Lead,,,f97cef7f-bcf4-40d0-be96-f3a6a68b758c,,,,,,,,
6408fdcd-6057-45cd-a799-79eedf3ae63c,Richard,Rodriguez,Nexus Systems Group,richard.rodriguez@nexussystemsgroup.com,+1 (466) 883-9889,NEW,Cold Inbound,Technology,53,,LinkedIn Account Based Marketing,,t,f,,,$284k,f21a9175-0a92-4bac-906c-fd5ccb7258f8,LD-2025-01498,,,,,0,,,2025-10-03 11:11:05.805+00,2026-08-05 11:11:05.805+00,957794e0-b1d0-41f9-844a-a7637166bdb2,Warm,f,,0,AUTOMATIC,Reply to Lead,,,f21a9175-0a92-4bac-906c-fd5ccb7258f8,,,,,,,,
ba5d533c-b9ad-4148-840e-41fc6f6c7e20,Charles,Jackson,Beacon Robotics Group,charles.jackson@beaconroboticsgroup.com,+1 (408) 183-5788,NEW,Partner Referral,Healthcare,71,,Inbound Google Organic,,f,f,,,$415k,4c5eac09-0499-4530-837e-7d35c54816da,LD-2025-01500,,,,,0,,,2025-11-22 11:11:06.28+00,2026-08-05 11:11:06.281+00,1bb812ed-075a-4220-9893-33db0e58443c,Warm,f,,0,AUTOMATIC,Reply to Lead,,,4c5eac09-0499-4530-837e-7d35c54816da,,,,,,,,
036e30da-298b-45bf-a3be-e08cfb8f8af4,Rahul,Sharma,Sharma Global Enterprises,rahul.sharma@sharmaglobal.com,+919632217484,NEW,WhatsApp Inbound,Manufacturing,69,,Inbound Google Organic,,t,f,Maaaaadar,Can I get 20 porta cabins?,$467k,43aa40c7-1fe7-464b-955f-2d1477019e37,LD-2025-01001,,,,2026-08-12 12:06:54.755+00,0,919632217484,whatsapp,2026-06-01 11:09:06.584+00,2026-08-12 12:25:35.867+00,42a679ed-ba3b-4b85-bf6a-9d83beb83b78,Warm,f,2026-08-12 12:06:55.217+00,10,AUTOMATIC,Reply to Lead,,,43aa40c7-1fe7-464b-955f-2d1477019e37,,,,,,,,
379799fa-4a60-4d37-8898-106d7e24e651,Andrew,Rodriguez,Summit Pharmaceuticals Inc.,andrew.rodriguez@summitpharmaceuticalsinc.com,+1 (261) 408-3824,NEW,WhatsApp Inbound,Logistics,41,,Cloud Transformation Webinar,,f,f,,,$403k,49955880-1394-42cb-a131-04b0ccd39d4d,LD-2025-01026,,,,2026-08-03 11:09:12.653+00,1,,,2026-06-28 11:09:12.653+00,2026-08-11 11:18:35.562+00,5590f73f-33da-422a-98ed-8fd0fb6917f2,Cold,f,,0,AUTOMATIC,Reply to Lead,,,49955880-1394-42cb-a131-04b0ccd39d4d,,,,,,,,
652faccd-92ff-4556-abad-3acbb0c9f7c7,David,Jackson,Paramount Energy Group,david.jackson@paramountenergygroup.com,+1 (879) 188-9402,NEW,Partner Referral,Food & Beverage,91,,Inbound Google Organic,,t,f,,,$108k,bd3478a6-5401-43f0-a1c7-ebb71e0a6462,LD-2025-01484,,,,,0,,,2026-03-20 11:11:02.458+00,2026-08-11 11:18:50.616+00,7486a411-91a0-45ef-80f5-4e0ed4bb891b,Hot,f,,0,AUTOMATIC,Reply to Lead,,,bd3478a6-5401-43f0-a1c7-ebb71e0a6462,,,,,,,,
97636701-d091-4239-8d92-62977d7171bd,Susan,White,Crestview Robotics Group,susan.white@crestviewroboticsgroup.com,+1 (839) 846-8122,NEW,Executive Referral,FMCG,80,,Direct Executive Outreach,,f,f,,,$81k,82a624c8-69a8-4397-8ae6-b7d7c1319fdb,LD-2025-01485,,,,,0,,,2026-04-19 11:11:02.696+00,2026-08-11 11:18:50.676+00,44eb7440-fb3c-48fc-80f4-4eefdcbab25e,Hot,f,,0,AUTOMATIC,Reply to Lead,,,82a624c8-69a8-4397-8ae6-b7d7c1319fdb,,,,,,,,
dc2e2fd1-064e-4ebf-9483-97aac766a246,Betty,Brown,Ironclad Energy Group,betty.brown@ironcladenergygroup.com,+1 (689) 120-8964,NEW,Direct Mail Campaign,Retail,48,,Inbound Google Organic,,f,f,,,$147k,9cc5552f-3104-4ca1-9c45-7dce1faeea5b,LD-2025-01489,,,,,0,,,2026-01-10 11:11:03.644+00,2026-08-11 11:18:50.797+00,1bb812ed-075a-4220-9893-33db0e58443c,Cold,f,,0,AUTOMATIC,Reply to Lead,,,9cc5552f-3104-4ca1-9c45-7dce1faeea5b,,,,,,,,
9a9b301b-232b-40d2-9b3c-ea6e6f02deb2,Donald,Rodriguez,Catalyst Robotics Group,donald.rodriguez@catalystroboticsgroup.com,+1 (675) 218-6037,NEW,Google Search Ads,Healthcare,48,,Direct Executive Outreach,,f,f,,,$409k,039a230d-6542-41b3-8b8a-5a92da7bae40,LD-2025-01490,,,,,0,,,2026-04-03 11:11:03.883+00,2026-08-11 11:18:50.858+00,3e005293-abb2-40e3-bb8d-c83ea7c38f88,Cold,f,,0,AUTOMATIC,Reply to Lead,,,039a230d-6542-41b3-8b8a-5a92da7bae40,,,,,,,,
f3aee445-8da3-41a7-be4a-87f381bb0ccb,Ashley,Wilson,Apex Pharmaceuticals Group,ashley.wilson@apexpharmaceuticalsgroup.com,+1 (681) 509-6863,NEW,WhatsApp Inbound,Manufacturing,45,,Q1 Enterprise Tech Expo,,t,f,,,$327k,37929602-4c05-4469-b87a-e97704335442,LD-2025-01491,,,,2026-08-05 11:11:04.119+00,1,,,2025-08-20 11:11:04.118+00,2026-08-11 11:18:50.918+00,42a679ed-ba3b-4b85-bf6a-9d83beb83b78,Cold,f,,0,AUTOMATIC,Reply to Lead,,,37929602-4c05-4469-b87a-e97704335442,,,,,,,,
9cb3b80e-cef7-4fa1-9fbe-7d0572472c2b,Patricia,King,Pinnacle Robotics Group,patricia.king@pinnacleroboticsgroup.com,+1 (221) 256-1648,NEW,Cold Inbound,FMCG,87,,Executive CXO Summit,,f,f,,,$185k,119dc26f-7e6e-46fe-abc2-49b4ecf585e5,LD-2025-01495,,,,,0,,,2025-10-02 11:11:05.085+00,2026-08-11 11:18:50.979+00,957794e0-b1d0-41f9-844a-a7637166bdb2,Hot,f,,0,AUTOMATIC,Reply to Lead,,,119dc26f-7e6e-46fe-abc2-49b4ecf585e5,,,,,,,,
57063aa5-a42c-47ed-a0b1-856e91ed7743,Jessica,Wilson,Starlight Energy Group,jessica.wilson@starlightenergygroup.com,+1 (354) 152-2945,NEW,Trade Show Expo 2025,Retail,80,,Q1 Enterprise Tech Expo,,f,f,,,$231k,fc8cab1d-372f-4f7a-a20e-ce5d684a8d62,LD-2025-01499,,,,,0,,,2025-10-10 11:11:06.042+00,2026-08-11 11:18:51.039+00,4760f22f-427c-460d-8bab-17f36ae27f98,Hot,f,,0,AUTOMATIC,Reply to Lead,,,fc8cab1d-372f-4f7a-a20e-ce5d684a8d62,,,,,,,,
f438199a-bf5d-42b8-9e4b-0253701e03de,Mohammed,Zeeshan,,mohammedzeeshu46@gmail.com,+91 88672-22317,NEW,Instagram,,75,Bio Link Form,Instagram Bio,"{""firstName"":""Mohammed"",""lastName"":""Zeeshan"",""phone"":""+91 88672-22317"",""email"":""mohammedzeeshu46@gmail.com"",""message"":""Service Needed: Industrial Services\n\nFgdyreg"",""source"":""Instagram"",""sourceDetail"":""Bio Link Form"",""campaign"":""Instagram Bio""}",f,f,,,,b98abf11-0a87-4083-911b-80f0e67d07ec,LD-2026-00619,,,,,0,,email,2026-08-12 11:54:24.109+00,2026-08-12 11:54:24.109+00,ef8cd2d6-7fc3-43cc-adbc-a972880998af,Warm,f,2026-08-12 11:54:24.109+00,0,AUTOMATIC,Reply to Lead,,,b98abf11-0a87-4083-911b-80f0e67d07ec,,,,,,,,
da814c67-f53e-41e7-b189-f0cebb15fbea,Santhanaraj,Selvaraj,,inbound-919843567394-1786362716088@whatsapp.local,919843567394,NEW,WhatsApp,General,65,,,"{""from"":""919843567394"",""senderName"":""Santhanaraj Selvaraj"",""firstMessage"":""[image Attachment]"",""metaMessageId"":""wamid.HBgMOTE5ODQzNTY3Mzk0FQIAEhggQUNEODg1REZERkIxODNCMzc4MEJCRjZFRUM0OURFRDMA"",""extractedAI"":{""firstName"":null,""lastName"":null,""email"":null,""phone"":null,""company"":null,""message"":null,""subject"":null,""industry"":null,""budgetRange"":null}}",f,f,Inbound WhatsApp Inquiry,[image Attachment],N/A,,LD-2026-00524,,,,2026-08-08 16:44:55+00,0,919843567394,whatsapp,2026-08-10 11:51:56.69+00,2026-08-14 11:10:13.317+00,,Warm,f,,0,AUTOMATIC,Reply to Lead,,,,,,,,,,,
6e1d66f4-848a-406a-8abe-6fce3a4da599,Mohammad,Zeeshan,"",mohd.zeeshann110@gmail.com,"",NEW,email,,50,,,,f,f,Testing,Hsbsjdbdjb,,,,,leads@inbound.volvitech.com,assignment-rules,,0,,email,2026-08-12 12:11:01.944+00,2026-08-17 05:11:22.401+00,ef8cd2d6-7fc3-43cc-adbc-a972880998af,Cold,f,2026-08-12 12:11:02.412+00,0,AUTOMATIC,Reply to Lead,,,,,,,,,,,
8c467513-21b8-4c2d-88b8-827231375630,Joseph,Hill,Vanguard Holdings Group,joseph.hill@vanguardholdingsgroup.com,+1 (408) 540-2211,NEW,Webinar Series,Automotive,47,,Inbound Google Organic,,f,f,,,$118k,7be32d2b-6bc4-4cf1-9649-5b2a4171ae6e,LD-2025-01032,,,,,0,,,2026-03-02 11:09:14.071+00,2026-08-11 11:18:35.749+00,ee399d9c-d933-48d5-b401-306ec7bdc22e,Cold,f,,0,AUTOMATIC,Reply to Lead,,,7be32d2b-6bc4-4cf1-9649-5b2a4171ae6e,,,,,,,,
8b9683bf-153c-4ad6-a3d2-a109f02dcb27,Ashley,Wilson,Infinitum Pharmaceuticals Group,ashley.wilson@infinitumpharmaceuticalsgroup.com,+1 (599) 643-5514,NEW,WhatsApp Inbound,Manufacturing,46,,LinkedIn Account Based Marketing,,f,f,,,$488k,e1d32f2d-a8fb-4ce7-9f64-469eb261e242,LD-2025-01051,,,,2026-08-05 11:09:18.529+00,3,,,2025-09-20 11:09:18.529+00,2026-08-11 11:18:36.357+00,604bb8ab-99ba-4134-8053-815900a040c0,Cold,f,,0,AUTOMATIC,Reply to Lead,,,e1d32f2d-a8fb-4ce7-9f64-469eb261e242,,,,,,,,
d93886ec-0db8-470e-be17-088ce422e236,Anthony,Jackson,Matrix Pharmaceuticals Group,anthony.jackson@matrixpharmaceuticalsgroup.com,+1 (537) 428-8689,NEW,WhatsApp Inbound,Logistics,46,,Q1 Enterprise Tech Expo,,f,f,,,$332k,9aecb2fe-2643-4ee5-a0ae-00bb2fc020db,LD-2025-01076,,,,2026-08-05 11:09:24.405+00,3,,,2026-07-27 11:09:24.405+00,2026-08-11 11:18:36.843+00,ee399d9c-d933-48d5-b401-306ec7bdc22e,Cold,f,,0,AUTOMATIC,Reply to Lead,,,9aecb2fe-2643-4ee5-a0ae-00bb2fc020db,,,,,,,,
d743dfa9-1e48-429f-b376-48e8599ce2d4,Paul,Lewis,Aegis Systems Group,paul.lewis@aegissystemsgroup.com,+1 (288) 862-9087,NEW,LinkedIn Outreach,Technology,80,,Cloud Transformation Webinar,,t,f,,,$171k,fa055f48-ccde-4a5f-ac3b-8dbc0000b7db,LD-2025-01078,,,,,0,,,2026-01-05 11:09:24.874+00,2026-08-11 11:18:36.965+00,44eb7440-fb3c-48fc-80f4-4eefdcbab25e,Hot,f,,0,AUTOMATIC,Reply to Lead,,,fa055f48-ccde-4a5f-ac3b-8dbc0000b7db,,,,,,,,
4bda0b24-c439-4415-a5a7-1b08ab26c925,Emily,King,Dynamic Energy Group,emily.king@dynamicenergygroup.com,+1 (652) 866-7966,NEW,Executive Referral,Retail,40,,Cloud Transformation Webinar,,f,f,,,$284k,66a037e6-a5a1-4338-b448-cac7e6cd9098,LD-2025-01079,,,,,0,,,2026-01-13 11:09:25.108+00,2026-08-11 11:18:37.026+00,73dd3a5d-5d54-4be3-bc58-f685204bd378,Cold,f,,0,AUTOMATIC,Reply to Lead,,,66a037e6-a5a1-4338-b448-cac7e6cd9098,,,,,,,,
5ed4ba40-5108-49d3-a753-a2d11790ca34,Andrew,Rodriguez,Titan Pharmaceuticals Inc.,andrew.rodriguez@titanpharmaceuticalsinc.com,+1 (742) 819-1814,NEW,WhatsApp Inbound,Logistics,91,,Inbound Google Organic,,t,f,,,$131k,dad83353-9b9f-430e-8264-b7767d864bcc,LD-2025-01106,,,,2026-08-03 11:09:31.437+00,1,,,2026-03-22 11:09:31.437+00,2026-08-11 11:18:37.936+00,23ed5e20-b1a5-47fc-ba66-f316a7583f6e,Hot,f,,0,AUTOMATIC,Reply to Lead,,,dad83353-9b9f-430e-8264-b7767d864bcc,,,,,,,,
35968681-c746-4858-8781-488ae9b557fe,Donna,White,Genesis Systems Group,donna.white@genesissystemsgroup.com,+1 (539) 954-6208,NEW,Cold Inbound,Pharmaceutical,86,,Q1 Enterprise Tech Expo,,f,f,,,$147k,5155fef9-3722-4f5b-9b9a-3e392bf31623,LD-2025-01133,,,,,0,,,2026-06-03 11:09:38.328+00,2026-08-11 11:18:38.787+00,604bb8ab-99ba-4134-8053-815900a040c0,Hot,f,,0,AUTOMATIC,Reply to Lead,,,5155fef9-3722-4f5b-9b9a-3e392bf31623,,,,,,,,
d7b6e406-ebe3-445d-88be-d62db01c8108,John,Jackson,Aegis Systems Group,john.jackson@aegissystemsgroup.com,+1 (719) 671-8753,NEW,Cold Inbound,Technology,35,,Executive CXO Summit,,t,f,,,$234k,89f6a116-5a31-4ee1-9dec-f734088cd09f,LD-2025-01148,,,,,0,,,2026-06-30 11:09:41.846+00,2026-08-11 11:18:39.463+00,5590f73f-33da-422a-98ed-8fd0fb6917f2,Cold,f,,0,AUTOMATIC,Reply to Lead,,,89f6a116-5a31-4ee1-9dec-f734088cd09f,,,,,,,,
2c60cf8a-8afb-42d1-b23a-9822c2d1fc33,David,Jackson,Horizon Energy Group,david.jackson@horizonenergygroup.com,+1 (368) 242-6769,NEW,Webinar Series,Food & Beverage,81,,Q1 Enterprise Tech Expo,,f,f,,,$232k,1c7d06db-8212-427f-ab14-85af593585bd,LD-2025-01164,,,,,0,,,2026-01-10 11:09:45.609+00,2026-08-11 11:18:39.706+00,44eb7440-fb3c-48fc-80f4-4eefdcbab25e,Hot,f,,0,AUTOMATIC,Reply to Lead,,,1c7d06db-8212-427f-ab14-85af593585bd,,,,,,,,
b5fc850e-3746-47e0-93bb-b40d7420a863,Nancy,White,Infinitum Pharmaceuticals Group,nancy.white@infinitumpharmaceuticalsgroup.com,+1 (641) 406-8276,NEW,WhatsApp Inbound,Manufacturing,42,,LinkedIn Account Based Marketing,,f,f,,,$373k,ea6804a2-e0d8-4583-9d47-8c739438cf8b,LD-2025-01181,,,,2026-08-04 11:09:49.635+00,1,,,2026-02-24 11:09:49.635+00,2026-08-11 11:18:40.134+00,7486a411-91a0-45ef-80f5-4e0ed4bb891b,Cold,f,,0,AUTOMATIC,Reply to Lead,,,ea6804a2-e0d8-4583-9d47-8c739438cf8b,,,,,,,,
ba030845-18bf-4580-afe4-21ce750f36e4,Alex,Smith,PepsiCo Global 1786515943845,alex.smith_1786515943845@pepsico.com,,NEW,WhatsApp,,90,,,,f,f,,,,52d5ee2b-1e95-481d-8024-9fb699e0ca5f,LD-2026-00552,,,,,0,,,2026-08-12 06:25:48.375+00,2026-08-12 06:46:55.719+00,ef8cd2d6-7fc3-43cc-adbc-a972880998af,Hot,f,,0,AUTOMATIC,Reply to Lead,,,52d5ee2b-1e95-481d-8024-9fb699e0ca5f,,,,,,,,
0265012a-0d23-4225-87a5-fae50f2cd676,Michelle,Wilson,Astral Holdings Group,michelle.wilson@astralholdingsgroup.com,+1 (430) 886-6037,NEW,Website Organic,Construction,48,,LinkedIn Account Based Marketing,,f,f,,,$335k,4809eb01-562e-4b91-8a98-1976c98cba39,LD-2025-01187,,,,,0,,,2026-01-17 11:09:51.054+00,2026-08-11 11:18:40.377+00,ee399d9c-d933-48d5-b401-306ec7bdc22e,Cold,f,,0,AUTOMATIC,Reply to Lead,,,4809eb01-562e-4b91-8a98-1976c98cba39,,,,,,,,
aa839754-c8a5-47bb-afda-6115a51e3f02,Ashley,Wilson,Sterling Pharmaceuticals Inc.,ashley.wilson@sterlingpharmaceuticalsinc.com,+1 (875) 216-6911,NEW,WhatsApp Inbound,Manufacturing,91,,Cloud Transformation Webinar,,t,f,,,$261k,01d1bc6b-8071-4596-a764-a189494a311c,LD-2025-01211,,,,2026-08-04 11:09:56.768+00,3,,,2026-02-17 11:09:56.768+00,2026-08-11 11:18:41.105+00,1bb812ed-075a-4220-9893-33db0e58443c,Hot,f,,0,AUTOMATIC,Reply to Lead,,,01d1bc6b-8071-4596-a764-a189494a311c,,,,,,,,
51606d0b-34f4-494d-8e93-6f07be9ac723,Tariq,Al-Harbi,Instagram User,inbound-tariq_harbi@instagram.local,,NEW,instagram,,90,@tariq_harbi,,"""{\""senderId\"":\""ig_auto_test_99\"",\""senderName\"":\""Tariq Al-Harbi\"",\""username\"":\""tariq_harbi\"",\""text\"":\""Hello, need modular office pricing for 50 people.\""}""",f,f,,"Hello, need modular office pricing for 50 people.",,8a155cf5-c398-4605-8bf5-b6a5453df805,,,,,,0,,email,2026-08-14 18:55:55.998+00,2026-08-14 19:11:31.048+00,2ceac54d-eb8f-4b8e-a0f9-5e657c4542aa,Hot,f,,0,AUTOMATIC,Reply to Lead,,,8a155cf5-c398-4605-8bf5-b6a5453df805,,,,,,,,
2a85e3be-ec07-41eb-8b2b-c076e7870ea0,Majed,Al-Otaibi,Riyadh Construction,majed@riyadhconst.com,+966501234567,NEW,Email,,85,Gmail Mock Integration,GCC Site Cabin Campaign,"{""simulated"":true,""headers"":{""from"":""majed@riyadhconst.com"",""subject"":""Quote request for site cabins""}}",f,f,,,,e36adc11-50c5-40bd-b627-2db2eb404c50,,,,,,0,,email,2026-08-14 19:02:43.161+00,2026-08-14 19:11:31.785+00,2ceac54d-eb8f-4b8e-a0f9-5e657c4542aa,Hot,f,,0,AUTOMATIC,Reply to Lead,,,e36adc11-50c5-40bd-b627-2db2eb404c50,,,,,,,,
7a9736a7-5b5e-48d1-bed6-8c977fb7549d,Hassan,Raza,KFN Holdings,hassan.raza@kfn.com.sa,+966551122334,NEW,LinkedIn,,95,LinkedIn Lead Gen Forms Mock,Enterprise Prefab Buildings,"{""simulated"":true,""linkedin_form_id"":""li_form_993"",""profile_url"":""linkedin.com/in/hassanraza""}",f,f,,,,adc833ad-1be5-41fe-9540-6f265e97aa49,,,,,,0,,email,2026-08-14 19:02:43.175+00,2026-08-14 19:11:31.852+00,2ceac54d-eb8f-4b8e-a0f9-5e657c4542aa,Hot,f,,0,AUTOMATIC,Reply to Lead,,,adc833ad-1be5-41fe-9540-6f265e97aa49,,,,,,,,
bf30f4c6-fb3b-4ff5-97bf-2f33903de62b,Michael,Hill,Matrix Pharmaceuticals Inc.,michael.hill@matrixpharmaceuticalsinc.com,+1 (689) 251-4623,NEW,WhatsApp Inbound,Logistics,86,,LinkedIn Account Based Marketing,,f,f,,,$482k,4ce4b477-acdb-46b9-b7ed-e1c30cac4568,LD-2025-01216,,,,2026-08-05 11:09:57.99+00,2,,,2025-11-01 11:09:57.99+00,2026-08-11 11:18:41.288+00,7cd4892f-38fe-4d5f-959c-14bf5029b5e6,Hot,f,,0,AUTOMATIC,Reply to Lead,,,4ce4b477-acdb-46b9-b7ed-e1c30cac4568,,,,,,,,
41012365-a054-4c65-8696-a5f02ecfee1a,David,Jackson,Omni Energy Group,david.jackson@omnienergygroup.com,+1 (468) 727-9129,NEW,Trade Show Expo 2025,Food & Beverage,82,,LinkedIn Account Based Marketing,,f,f,,,$205k,12f4a62d-92cf-4e29-93b9-126d9828178c,LD-2025-01244,,,,,0,,,2026-05-04 11:10:04.683+00,2026-08-11 11:18:42.078+00,42a679ed-ba3b-4b85-bf6a-9d83beb83b78,Hot,f,,0,AUTOMATIC,Reply to Lead,,,12f4a62d-92cf-4e29-93b9-126d9828178c,,,,,,,,
5cfb17f5-758e-426b-8539-11948026d681,Richard,Rodriguez,Veritas Systems Group,richard.rodriguez@veritassystemsgroup.com,+1 (266) 849-1508,NEW,Direct Mail Campaign,Technology,39,,Inbound Google Organic,,f,f,,,$489k,3a11b027-3335-4ec0-8e92-1bb2711636a2,LD-2025-01258,,,,,0,,,2025-11-26 11:10:08.007+00,2026-08-11 11:18:42.562+00,5590f73f-33da-422a-98ed-8fd0fb6917f2,Cold,f,,0,AUTOMATIC,Reply to Lead,,,3a11b027-3335-4ec0-8e92-1bb2711636a2,,,,,,,,
86ad130f-aed2-4295-aafd-9e06cb97f11f,John,Jackson,Nexus Systems Group,john.jackson@nexussystemsgroup.com,+1 (563) 421-5607,NEW,Webinar Series,Technology,43,,Direct Executive Outreach,,f,f,,,$382k,a78c7fbc-2a80-4f9e-a179-cf78de6bc10f,LD-2025-01268,,,,,0,,,2026-01-04 11:10:10.39+00,2026-08-11 11:18:43.048+00,1bb812ed-075a-4220-9893-33db0e58443c,Cold,f,,0,AUTOMATIC,Reply to Lead,,,a78c7fbc-2a80-4f9e-a179-cf78de6bc10f,,,,,,,,
a5a64cf8-a249-46b2-b95f-e54fc7eea88a,David,Jackson,Paramount Energy Group,david.jackson@paramountenergygroup.com,+1 (614) 770-6974,NEW,Trade Show Expo 2025,Food & Beverage,38,,Cloud Transformation Webinar,,f,f,,,$483k,bd3478a6-5401-43f0-a1c7-ebb71e0a6462,LD-2025-01284,,,,,0,,,2026-06-09 11:10:14.188+00,2026-08-11 11:18:43.806+00,7486a411-91a0-45ef-80f5-4e0ed4bb891b,Cold,f,,0,AUTOMATIC,Reply to Lead,,,bd3478a6-5401-43f0-a1c7-ebb71e0a6462,,,,,,,,
30c81090-9c5d-46d3-bdb1-acb62b0454c5,Patricia,King,Pinnacle Robotics Group,patricia.king@pinnacleroboticsgroup.com,+1 (531) 106-3034,NEW,Executive Referral,FMCG,48,,LinkedIn Account Based Marketing,,t,f,,,$102k,119dc26f-7e6e-46fe-abc2-49b4ecf585e5,LD-2025-01295,,,,,0,,,2026-05-22 11:10:16.812+00,2026-08-11 11:18:44.231+00,bb643de2-92dc-4e74-8a56-a275688b3f0e,Cold,f,,0,AUTOMATIC,Reply to Lead,,,119dc26f-7e6e-46fe-abc2-49b4ecf585e5,,,,,,,,
52c1f43f-6710-4924-a6ac-c47f8b6fe428,Barbara,King,Sterling Pharmaceuticals Inc.,barbara.king@sterlingpharmaceuticalsinc.com,+1 (970) 758-7812,NEW,WhatsApp Inbound,Manufacturing,93,,Executive CXO Summit,,f,f,,,$275k,01d1bc6b-8071-4596-a764-a189494a311c,LD-2025-01311,,,,2026-08-04 11:10:20.613+00,2,,,2025-08-14 11:10:20.613+00,2026-08-11 11:18:44.838+00,bfdf8c1f-fe23-4dfb-b2da-5faedf129c36,Hot,f,,0,AUTOMATIC,Reply to Lead,,,01d1bc6b-8071-4596-a764-a189494a311c,,,,,,,,
a72d51dc-4300-4ccd-8d4f-8f0d7a8abec3,Robert,Rodriguez,Orion Holdings Inc.,robert.rodriguez@orionholdingsinc.com,+1 (504) 343-2774,NEW,Direct Mail Campaign,Automotive,39,,Cloud Transformation Webinar,,f,f,,,$433k,a7df6bd2-a1c8-4647-a278-7207c58c805c,LD-2025-01322,,,,,0,,,2026-05-01 11:10:23.232+00,2026-08-11 11:18:45.201+00,73dd3a5d-5d54-4be3-bc58-f685204bd378,Cold,f,,0,AUTOMATIC,Reply to Lead,,,a7df6bd2-a1c8-4647-a278-7207c58c805c,,,,,,,,
03914a46-b41b-4e1c-9d39-0fdeca5b0b08,Andrew,Rodriguez,Matrix Pharmaceuticals Group,andrew.rodriguez@matrixpharmaceuticalsgroup.com,+1 (969) 599-4072,NEW,WhatsApp Inbound,Logistics,90,,Cloud Transformation Webinar,,f,f,,,$385k,ec16e03f-6fae-4344-9199-a873a592e170,LD-2025-01346,,,,2026-08-05 11:10:29.067+00,2,,,2025-09-29 11:10:29.067+00,2026-08-11 11:18:45.746+00,4760f22f-427c-460d-8bab-17f36ae27f98,Hot,f,,0,AUTOMATIC,Reply to Lead,,,ec16e03f-6fae-4344-9199-a873a592e170,,,,,,,,
45cc9823-6ed1-4751-82dd-659671f7a2da,Jennifer,White,Dynamic Energy Group,jennifer.white@dynamicenergygroup.com,+1 (610) 213-1338,NEW,G2 Crowd Lead,Retail,84,,Direct Executive Outreach,,f,f,,,$381k,108f4a8a-e7cd-4edf-833c-e94e9aca3c33,LD-2025-01349,,,,,0,,,2025-09-28 11:10:29.777+00,2026-08-11 11:18:45.807+00,604bb8ab-99ba-4134-8053-815900a040c0,Hot,f,,0,AUTOMATIC,Reply to Lead,,,108f4a8a-e7cd-4edf-833c-e94e9aca3c33,,,,,,,,
12a6adb8-a98b-41da-8c4b-0348b0c8517d,Linda,Wilson,Genesis Systems Group,linda.wilson@genesissystemsgroup.com,+1 (745) 703-3353,NEW,G2 Crowd Lead,Pharmaceutical,90,,Inbound Google Organic,,f,f,,,$135k,04e6b7c8-a7c0-4730-a3b1-21f3ec80851f,LD-2025-01363,,,,,0,,,2026-04-12 11:10:33.109+00,2026-08-11 11:18:46.476+00,aba0e0a8-5ab3-4f71-aa3f-84a3aab4d97a,Hot,f,,0,AUTOMATIC,Reply to Lead,,,04e6b7c8-a7c0-4730-a3b1-21f3ec80851f,,,,,,,,
37b950d9-1cc4-41b1-9312-3cf5055044a9,Michael,Hill,Matrix Pharmaceuticals Group,michael.hill@matrixpharmaceuticalsgroup.com,+1 (877) 219-8154,NEW,WhatsApp Inbound,Logistics,89,,Inbound Google Organic,,f,f,,,$300k,9aecb2fe-2643-4ee5-a0ae-00bb2fc020db,LD-2025-01376,,,,2026-08-05 11:10:36.238+00,1,,,2025-09-05 11:10:36.238+00,2026-08-11 11:18:46.901+00,6623fa17-a8cc-4aa2-a9ff-0f08a8c7e6f2,Hot,f,,0,AUTOMATIC,Reply to Lead,,,9aecb2fe-2643-4ee5-a0ae-00bb2fc020db,,,,,,,,
32b9967c-0b6c-4273-9453-2da2b94e5794,Jennifer,White,Ironclad Energy Group,jennifer.white@ironcladenergygroup.com,+1 (880) 288-7369,NEW,Direct Mail Campaign,Retail,90,,Cloud Transformation Webinar,,f,f,,,$331k,9cc5552f-3104-4ca1-9c45-7dce1faeea5b,LD-2025-01389,,,,,0,,,2026-07-19 11:10:39.371+00,2026-08-11 11:18:47.449+00,5590f73f-33da-422a-98ed-8fd0fb6917f2,Hot,f,,0,AUTOMATIC,Reply to Lead,,,9cc5552f-3104-4ca1-9c45-7dce1faeea5b,,,,,,,,
0b41372b-9295-4e1b-92d1-4d6833d8c0c9,Manual,Prospect,Manual Prospect Inc,manual_1786516650048@prospect.com,,NEW,Manual Entry,,75,,,,f,f,,,,2b3d15fd-69ba-4c26-854f-2ecdb0a47327,LD-2026-00645,,,,,0,,,2026-08-12 06:37:42.828+00,2026-08-12 06:37:42.828+00,255f20c1-f5f7-4cfc-b3c4-0c60e657b640,Warm,f,,0,AUTOMATIC,Reply to Lead,,,2b3d15fd-69ba-4c26-854f-2ecdb0a47327,,,,,,,,
51432647-d443-4505-a265-6c4d8c96ee34,Hassan,Raza,KFN Holdings,hassan.raza@kfn.com.sa,+966551122334,NEW,LinkedIn,,95,LinkedIn Lead Gen Forms Mock,Enterprise Prefab Buildings,"{""simulated"":true,""linkedin_form_id"":""li_form_993"",""profile_url"":""linkedin.com/in/hassanraza""}",f,f,,,,adc833ad-1be5-41fe-9540-6f265e97aa49,,,,,,0,,email,2026-08-14 19:04:43.162+00,2026-08-14 19:11:32.519+00,2ceac54d-eb8f-4b8e-a0f9-5e657c4542aa,Hot,f,,0,AUTOMATIC,Reply to Lead,,,adc833ad-1be5-41fe-9540-6f265e97aa49,,,,,,,,
676e4246-015e-428c-a6b7-3724ef12f6df,Majed,Al-Otaibi,Riyadh Construction,majed@riyadhconst.com,+966501234567,NEW,Email,,85,Gmail Mock Integration,GCC Site Cabin Campaign,"{""simulated"":true,""headers"":{""from"":""majed@riyadhconst.com"",""subject"":""Quote request for site cabins""}}",f,f,,,,e36adc11-50c5-40bd-b627-2db2eb404c50,,,,,,0,,email,2026-08-14 19:10:43.124+00,2026-08-14 19:11:32.586+00,2ceac54d-eb8f-4b8e-a0f9-5e657c4542aa,Hot,f,,0,AUTOMATIC,Reply to Lead,,,e36adc11-50c5-40bd-b627-2db2eb404c50,,,,,,,,
e8dfe136-9ffc-4dd9-82d7-0279720c4c21,Daniel,Hill,Veritas Systems Group,daniel.hill@veritassystemsgroup.com,+1 (480) 823-3669,NEW,Trade Show Expo 2025,Technology,47,,Cloud Transformation Webinar,,f,f,,,$354k,50f729ac-8a5f-4efa-bca2-09519990e6eb,LD-2025-01488,,,,,0,,,2025-11-12 11:11:03.406+00,2026-08-11 11:18:50.737+00,bb643de2-92dc-4e74-8a56-a275688b3f0e,Cold,f,,0,AUTOMATIC,Reply to Lead,,,50f729ac-8a5f-4efa-bca2-09519990e6eb,,,,,,,,
81a02c14-ec20-43d7-9d43-a921294dc394,saud,sheik,boom,saud@gmail.com,33444333,NEW,Website,,85,Request a Quote Page,Website Quote Form,"{""firstName"":""saud"",""lastName"":""sheik"",""email"":""saud@gmail.com"",""phone"":""33444333"",""company"":""boom"",""message"":""Service Needed: Industrial Services\n\ninfo needed"",""budgetRange"":""Under SAR 50,000"",""source"":""Website"",""sourceDetail"":""Request a Quote Page"",""campaign"":""Website Quote Form""}",f,f,,,"Under SAR 50,000",8b71e86f-b1d7-414b-80f0-7d74400f2d8c,LD-2026-00602,,,,,0,,,2026-08-06 18:41:44.347+00,2026-08-11 11:18:51.1+00,8f71bfd4-bcc9-40d6-9621-904c8077d318,Hot,f,,0,AUTOMATIC,Reply to Lead,,,8b71e86f-b1d7-414b-80f0-7d74400f2d8c,,,,,,,,
030b886a-4f6b-470f-acfc-ec7c6916bcde,Michael,Hill_1786515124455,Titan Pharmaceuticals Group,michael.hill_1786515124455@titanpharma.com,,NEW,Website,,90,,,,f,f,,,"$150,000",05b6080e-248f-4441-ac2a-80860f180436,LD-2026-00570,,,,,0,,,2026-08-12 06:12:06.521+00,2026-08-12 06:46:55.365+00,8f71bfd4-bcc9-40d6-9621-904c8077d318,Hot,f,,0,AUTOMATIC,Reply to Lead,,,05b6080e-248f-4441-ac2a-80860f180436,,,,,,,,
cb248e51-883e-41db-ae53-5b75f0bd591b,Michael,Hill_1786515282660,Titan Pharmaceuticals Group,michael.hill_1786515282660@titanpharma.com,,NEW,Website,,90,,,,f,f,,,"$150,000",05b6080e-248f-4441-ac2a-80860f180436,LD-2026-00634,,,,,0,,,2026-08-12 06:14:44.668+00,2026-08-12 06:46:55.603+00,8f71bfd4-bcc9-40d6-9621-904c8077d318,Hot,f,,0,AUTOMATIC,Reply to Lead,,,05b6080e-248f-4441-ac2a-80860f180436,,,,,,,,
ba596e21-37c2-44fa-ac57-b2f637096983,Alex,Smith,PepsiCo Global 1786515882418,alex.smith_1786515882418@pepsico.com,,NEW,WhatsApp,,90,,,,f,f,,,,cc83a0f9-4771-4623-9eb3-6ab52e520cd9,LD-2026-00582,,,,,0,,,2026-08-12 06:24:47.022+00,2026-08-12 06:46:55.661+00,1b707b38-8218-4114-a7a7-1000fdc3408c,Hot,f,,0,AUTOMATIC,Reply to Lead,,,cc83a0f9-4771-4623-9eb3-6ab52e520cd9,,,,,,,,
6f204501-124e-4c27-920c-3303ee0f81af,Michael,Hill_1786515067843,Titan Pharmaceuticals Group,michael.hill_1786515067843@titanpharma.com,,NEW,Website,,90,,,,f,f,,,"$150,000",05b6080e-248f-4441-ac2a-80860f180436,LD-2026-00561,,,,,0,,,2026-08-12 06:11:10.101+00,2026-08-12 06:46:55.248+00,8f71bfd4-bcc9-40d6-9621-904c8077d318,Hot,f,,0,AUTOMATIC,Reply to Lead,,,05b6080e-248f-4441-ac2a-80860f180436,,,,,,,,
a2792792-7592-4dfd-8b58-7c3f52fb696c,Michael,Hill_1786515181082,Titan Pharmaceuticals Group,michael.hill_1786515181082@titanpharma.com,,NEW,Website,,90,,,,f,f,,,"$150,000",05b6080e-248f-4441-ac2a-80860f180436,LD-2026-00623,,,,,0,,,2026-08-12 06:13:03.035+00,2026-08-12 06:46:55.544+00,8f71bfd4-bcc9-40d6-9621-904c8077d318,Hot,f,,0,AUTOMATIC,Reply to Lead,,,05b6080e-248f-4441-ac2a-80860f180436,,,,,,,,
c8d3e42a-fcc7-469b-809f-2b628e7c8a89,Alex,Smith,PepsiCo Global 1786515831110,alex.smith_1786515831110@pepsico.com,,NEW,WhatsApp,,90,,,,f,f,,,,efa17ed3-306d-4386-92e1-fa454166bfb4,LD-2026-00611,,,,,0,,,2026-08-12 06:23:55.127+00,2026-08-12 06:46:55.19+00,8f71bfd4-bcc9-40d6-9621-904c8077d318,Hot,f,,0,AUTOMATIC,Reply to Lead,,,efa17ed3-306d-4386-92e1-fa454166bfb4,,,,,,,,
a5b22d97-6e79-4075-985d-a244d13e5c71,General,Enquiry,PepsiCo Global Corp 1786516750097,gen_1786516750097@pepsico.com,,NEW,Website,,90,,,,f,f,,,,d860ab7a-4b82-4bcc-b94f-6700a436b91f,LD-2026-00550,,,,,0,,,2026-08-12 06:39:19.415+00,2026-08-12 06:46:55.838+00,a6b3cb0c-bce8-41fe-8eef-03e0c5490a6f,Hot,f,,0,AUTOMATIC,Reply to Lead,,,d860ab7a-4b82-4bcc-b94f-6700a436b91f,,,,,,,,
c5a47801-5c08-4201-832d-c3c7b633b587,Michael,Hill,PepsiCo Global Corp 1786516807103,mhill_1786516807103@pepsico.com,,NEW,WhatsApp,,90,,,,f,f,,,,c68c8941-f8a0-44a4-bc51-76355f06cc96,LD-2026-00600,,,DIRECT,,0,,,2026-08-12 06:40:10.079+00,2026-08-12 06:46:55.896+00,2ceac54d-eb8f-4b8e-a0f9-5e657c4542aa,Hot,f,,0,AUTOMATIC,Reply to Lead,,,c68c8941-f8a0-44a4-bc51-76355f06cc96,,,,,,,,
79362431-00b8-4228-8072-0d3d1acbc8dd,Michael,Hill,PepsiCo Global Corp 1786516844087,mhill_1786516844087@pepsico.com,,NEW,WhatsApp,,90,,,,f,f,,,,c54b23d4-6439-49bf-9907-8e7696fde1c6,LD-2026-4694740,,,DIRECT,,0,,,2026-08-12 06:40:46.948+00,2026-08-12 06:46:55.954+00,8fc38563-4b63-4f74-ab98-7e32e5476ef7,Hot,f,,0,AUTOMATIC,Reply to Lead,,,c54b23d4-6439-49bf-9907-8e7696fde1c6,,,,,,,,
838115e6-ffd2-490b-82a4-4e8e45855cd5,General,Enquiry,PepsiCo Global Corp 1786516844087,gen_1786516844087@pepsico.com,,NEW,Website,,90,,,,f,f,,,,c54b23d4-6439-49bf-9907-8e7696fde1c6,LD-2026-5152845,,,EXISTING_ACCOUNT,,0,,,2026-08-12 06:40:51.529+00,2026-08-12 06:46:56.013+00,eed70aae-cb82-42cc-a98a-d55cdf52d3b8,Hot,f,,0,AUTOMATIC,Reply to Lead,,,c54b23d4-6439-49bf-9907-8e7696fde1c6,,,,,,,,
f8844c7c-ab91-48ea-8ad8-c85789957cb4,Mohammed,Zeeshan,,khanzeeshu110@gmail.com,+91 88672-22317,NEW,Instagram,,75,Bio Link Form,Instagram Bio,"{""firstName"":""Mohammed"",""lastName"":""Zeeshan"",""phone"":""+91 88672-22317"",""email"":""khanzeeshu110@gmail.com"",""message"":""Service Needed: Portable Setup Sales\n\nGebsjdnd"",""source"":""Instagram"",""sourceDetail"":""Bio Link Form"",""campaign"":""Instagram Bio""}",f,f,,,,50019f2a-a1b4-4212-9e31-f7e6e56314cf,LD-2026-00642,,,,,0,,email,2026-08-12 08:34:52.072+00,2026-08-12 08:34:52.072+00,ef8cd2d6-7fc3-43cc-adbc-a972880998af,Warm,f,2026-08-12 08:34:52.072+00,0,AUTOMATIC,Reply to Lead,,,50019f2a-a1b4-4212-9e31-f7e6e56314cf,,,,,,,,
876515f6-8148-4b55-8e49-8d57812ef724,rayaan,Unknown,,rayyan@gmail.com,90909009,NEW,Instagram,,75,Bio Link Form,Instagram Bio,"{""firstName"":""rayyan"",""lastName"":""Unknown"",""phone"":""9---888"",""email"":""rayyan@gmail.com"",""message"":""Service Needed: Industrial Services\n\ninfo"",""source"":""Instagram"",""sourceDetail"":""Bio Link Form"",""campaign"":""Instagram Bio""}",f,f,,,,bde97d9e-4c32-4289-8ab5-5c8aaadf2ead,LD-2026-00564,,,,,0,,email,2026-08-12 08:22:59.085+00,2026-08-12 08:23:26.409+00,ef8cd2d6-7fc3-43cc-adbc-a972880998af,Warm,f,2026-08-12 08:22:59.085+00,0,AUTOMATIC,Reply to Lead,,,bde97d9e-4c32-4289-8ab5-5c8aaadf2ead,,,,,,,,
767b4ee5-82d2-4183-94df-db5c3b296f6e,Mohammad,Zeeshan,"",mohd.zeeshann110@gmail.com,"",NEW,email,,75,Bio Link Form,Instagram Bio,"{""firstName"":""Mohammed"",""lastName"":""Zeeshan"",""phone"":""+91 88672-22317"",""email"":""mohd.zeeshann110@gmail.com"",""message"":""Service Needed: Camp Accommodation\n\nHwbsjdn"",""source"":""Instagram"",""sourceDetail"":""Bio Link Form"",""campaign"":""Instagram Bio""}",f,f,Yhhh,Hjjjjji,,eab2c01b-50d8-426f-b7cc-300dea4b4f45,,,leads@inbound.volvitech.com,least-workload,,0,,,2026-08-06 11:39:03.679+00,2026-08-12 08:31:21.882+00,8f71bfd4-bcc9-40d6-9621-904c8077d318,Warm,f,,0,AUTOMATIC,Reply to Lead,,,eab2c01b-50d8-426f-b7cc-300dea4b4f45,,,,,,,,
9e9d7a65-e451-4597-aae1-98cf71b8620e,swastik,L,L,swastik@gmail.com,92929299292,NEW,Website,,85,Request a Quote Page,Website Quote Form,"{""firstName"":""swastik"",""lastName"":""L"",""email"":""SWASTIK@GMAIL.COM"",""phone"":""92929299292"",""company"":""L"",""message"":""Service Needed: Industrial Services\n\nINFO"",""budgetRange"":""Under SAR 50,000"",""source"":""Website"",""sourceDetail"":""Request a Quote Page"",""campaign"":""Website Quote Form""}",f,f,,,"Under SAR 50,000",9bbff7d2-4ca3-4ca6-9476-83ac188ec520,LD-2026-00559,,,,,0,,email,2026-08-12 07:30:26.175+00,2026-08-17 05:11:21.929+00,0d006baa-e2d4-4c4b-989e-9d8bbfe60dc1,Warm,f,2026-08-12 07:30:26.175+00,0,AUTOMATIC,Reply to Lead,,,9bbff7d2-4ca3-4ca6-9476-83ac188ec520,,,,,,,,
2b741201-4671-49ea-b05c-e9e8267a5def,Saud,Sheik,Saud Sheik,sheiksaud671@gmail.com,,NEW,email,,50,Info,,"{""subject"":""Info"",""body"":""Info"",""recipientEmail"":""Leads@inbound.volvitech.com""}",f,f,,Info,,9b9bd9ba-de1b-4175-9a27-4fb648e379e5,,,,,,0,,email,2026-08-14 19:27:43.593+00,2026-08-14 19:27:43.593+00,8f71bfd4-bcc9-40d6-9621-904c8077d318,Warm,f,,0,AUTOMATIC,Reply to Lead,,,9b9bd9ba-de1b-4175-9a27-4fb648e379e5,,,,,,,,
a309ef9c-2624-4016-9fb0-dabed7f5d843,Hassan,Raza,KFN Holdings,hassan.raza@kfn.com.sa,+966551122334,NEW,LinkedIn,,95,LinkedIn Lead Gen Forms Mock,Enterprise Prefab Buildings,"{""simulated"":true,""linkedin_form_id"":""li_form_993"",""profile_url"":""linkedin.com/in/hassanraza""}",f,f,,,,adc833ad-1be5-41fe-9540-6f265e97aa49,,,,,,0,,email,2026-08-14 19:13:21.306+00,2026-08-14 19:34:36.921+00,2ceac54d-eb8f-4b8e-a0f9-5e657c4542aa,Hot,f,,0,AUTOMATIC,Reply to Lead,,,adc833ad-1be5-41fe-9540-6f265e97aa49,,,,,,,,
280f3d54-148e-42a7-a5a3-22da41919f39,ss,ss,l,2@gmai,9900,NEW,Website,,100,Request a Quote Page,Website Quote Form,"{""firstName"":""ss"",""lastName"":""ss"",""email"":""2@gmai"",""phone"":""9900"",""company"":""l"",""message"":""Service Needed: Camp Accommodation\n\n000"",""budgetRange"":""Under SAR 50,000"",""source"":""Website"",""sourceDetail"":""Request a Quote Page"",""campaign"":""Website Quote Form""}",f,f,,,"Under SAR 50,000",9bbff7d2-4ca3-4ca6-9476-83ac188ec520,LD-2026-00662,,,,,0,,email,2026-08-12 08:53:31.49+00,2026-08-12 09:46:13.36+00,0d006baa-e2d4-4c4b-989e-9d8bbfe60dc1,Hot,f,2026-08-12 08:53:31.49+00,0,AUTOMATIC,Reply to Lead,,,9bbff7d2-4ca3-4ca6-9476-83ac188ec520,,,,,,,,
d00c21c4-9ec5-457a-9da1-5e113d2260f3,Mohammad,Zeeshan,"",mohd.zeeshann110@gmail.com,"",NEW,email,,75,Bio Link Form,Instagram Bio,"{""firstName"":""Mohammed"",""lastName"":""Zeeshan"",""phone"":""+91 88672-22317"",""email"":""mohd.zeeshann110@gmail.com"",""message"":""Service Needed: Industrial Services\n\nHsisnend"",""source"":""Instagram"",""sourceDetail"":""Bio Link Form"",""campaign"":""Instagram Bio""}",f,f,testing CRM,hsidfnvrionv,,eab2c01b-50d8-426f-b7cc-300dea4b4f45,,,leads@inbound.volvitech.com,least-workload,,0,,,2026-08-06 07:25:30.3+00,2026-08-12 08:29:31.643+00,7df2b1eb-287b-4790-bc51-271d444a3d4e,Warm,f,,0,AUTOMATIC,Reply to Lead,,,eab2c01b-50d8-426f-b7cc-300dea4b4f45,,,,,,,,
af72165e-2f1f-42b0-8e5f-f268204a30e7,Thanish,Muhammed,VT,thanish@vilvitech.com,7349412123,NEW,Website,,100,Request a Quote Page,Website Quote Form,"{""firstName"":""Thanish"",""lastName"":""Muhammed"",""email"":""thanish@vilvitech.com"",""phone"":""7349412123"",""company"":""VT"",""message"":""Service Needed: Industrial Services\n\nWater tanker 3000 litres for 30 days"",""budgetRange"":""Under SAR 50,000"",""source"":""Website"",""sourceDetail"":""Request a Quote Page"",""campaign"":""Website Quote Form""}",f,f,,,"Under SAR 50,000",e979f4c9-f5e8-467d-a3d0-3d7e21991f6e,LD-2026-00626,,,,,0,,email,2026-08-12 09:02:20.315+00,2026-08-12 09:46:13.419+00,0d006baa-e2d4-4c4b-989e-9d8bbfe60dc1,Hot,f,2026-08-12 09:02:20.315+00,0,AUTOMATIC,Reply to Lead,,,e979f4c9-f5e8-467d-a3d0-3d7e21991f6e,,,,,,,,
e53ebde8-d408-4df8-824b-f46cff4deb9c,saud,sss,t,s@gmail.com,3933993,NEW,Website,,85,Request a Quote Page,Website Quote Form,"{""firstName"":""saud"",""lastName"":""sss"",""email"":""s@gmail.com"",""phone"":""3933993"",""company"":""t"",""message"":""Service Needed: Industrial Services\n\nsss"",""budgetRange"":""Under SAR 50,000"",""source"":""Website"",""sourceDetail"":""Request a Quote Page"",""campaign"":""Website Quote Form""}",f,f,,,"Under SAR 50,000",0ec5bd85-b5db-4bdd-8e71-8e6d350d3a7d,LD-2026-00581,,,,,0,,email,2026-08-12 08:46:26.439+00,2026-08-17 05:11:21.654+00,0d006baa-e2d4-4c4b-989e-9d8bbfe60dc1,Warm,f,2026-08-12 08:46:26.438+00,0,AUTOMATIC,Reply to Lead,,,0ec5bd85-b5db-4bdd-8e71-8e6d350d3a7d,,,,,,,,
29dc326c-1e6a-4150-a479-dd6325c25ca0,Sheikh,Moidin,Volvitech,sheikh@volvitech.com,7349412123,NEW,Website,,100,Bio Link Form,Instagram Bio,"{""firstName"":""Swasthik"",""lastName"":""Unknown"",""phone"":""818164949"",""email"":""swastik@volvitech.com"",""message"":""Service Needed: Industrial Services\n\nJdh4brvru"",""source"":""Instagram"",""sourceDetail"":""Bio Link Form"",""campaign"":""Instagram Bio""}",f,f,,,"SAR 500,000+",b2a70f0b-3113-4f4f-810c-b58af2958858,LD-2026-00631,,,,,0,,email,2026-08-12 08:54:27.293+00,2026-08-12 11:56:54.633+00,0d006baa-e2d4-4c4b-989e-9d8bbfe60dc1,Hot,f,2026-08-12 08:54:27.292+00,0,AUTOMATIC,Reply to Lead,,,b2a70f0b-3113-4f4f-810c-b58af2958858,,,,,,,,
86b5a2e5-f28d-492c-8da4-f94a121a9401,Habib,Unknown,Habib Unknown,habib@gmail.com,6437976494997,NEW,Instagram,,80,Instagram Inquiry,,,f,f,,Service Needed: Industrial Services Info needed,,324ab7e1-f319-47dd-aa8c-3c9d5120ee67,,,,,,0,,,2026-08-14 18:45:33.191+00,2026-08-14 18:54:52.843+00,,Hot,f,,0,AUTOMATIC,Reply to Lead,,,324ab7e1-f319-47dd-aa8c-3c9d5120ee67,,,,,,,,
e4ce39ad-d728-4d5f-a76a-9f536cddfe13,Shahil,Muhammed,FL,shahil@fl.com,121312186,NEW,Website,,100,Request a Quote Page,Website Quote Form,"{""firstName"":""Shahil"",""lastName"":""Muhammed"",""email"":""shahil@fl.com"",""phone"":""121312186"",""company"":""FL"",""message"":""Service Needed: Industrial Services\n\nPorta cabin 6x4"",""budgetRange"":""Under SAR 50,000"",""source"":""Website"",""sourceDetail"":""Request a Quote Page"",""campaign"":""Website Quote Form""}",f,f,,,"Under SAR 50,000",a282a811-ed73-4cf7-a84b-73f6c237a137,LD-2026-00646,,,,,0,,email,2026-08-12 12:12:35.14+00,2026-08-14 12:10:47.602+00,0d006baa-e2d4-4c4b-989e-9d8bbfe60dc1,Hot,f,2026-08-12 12:12:35.139+00,0,AUTOMATIC,Reply to Lead,,,a282a811-ed73-4cf7-a84b-73f6c237a137,,,,,,,,
2837fa81-4132-40da-bc0a-6b808c924081,Joshua,alter,Joshua alter,joshua@gmail.com,6464874848,NEW,Instagram,,75,Bio Link Form,Instagram Bio,"{""firstName"":""Joshua"",""lastName"":""alter"",""phone"":""6464874848"",""email"":""joshua@gmail.com"",""message"":""Service Needed: Portable Setup Sales\n\nInfo"",""source"":""Instagram"",""sourceDetail"":""Bio Link Form"",""campaign"":""Instagram Bio""}",f,f,,"Service Needed: Portable Setup Sales

Info",,ee03e1b4-0f7c-4b5d-ad8e-30f77a9fff7c,,,,,,0,,email,2026-08-14 18:58:04.358+00,2026-08-14 18:59:23.931+00,75a47989-b9ac-4733-a4ba-d3568a7b193c,Warm,f,,0,AUTOMATIC,Reply to Lead,2026-08-14 20:59:23.93+00,,ee03e1b4-0f7c-4b5d-ad8e-30f77a9fff7c,,,,,,,,
a77898f2-e27b-4046-bfb1-ba98dee18feb,Hassan,Raza,KFN Holdings,hassan.raza@kfn.com.sa,+966551122334,NEW,LinkedIn,,95,LinkedIn Lead Gen Forms Mock,Enterprise Prefab Buildings,"{""simulated"":true,""linkedin_form_id"":""li_form_993"",""profile_url"":""linkedin.com/in/hassanraza""}",f,f,,,,adc833ad-1be5-41fe-9540-6f265e97aa49,,,,,,0,,email,2026-08-14 18:57:05.184+00,2026-08-14 19:11:31.116+00,2ceac54d-eb8f-4b8e-a0f9-5e657c4542aa,Hot,f,,0,AUTOMATIC,Reply to Lead,,,adc833ad-1be5-41fe-9540-6f265e97aa49,,,,,,,,
86bf31fc-ef54-48cc-b848-6ce47bd799ad,Majed,Al-Otaibi,Riyadh Construction,majed@riyadhconst.com,+966501234567,NEW,Email,,85,Gmail Mock Integration,GCC Site Cabin Campaign,"{""simulated"":true,""headers"":{""from"":""majed@riyadhconst.com"",""subject"":""Quote request for site cabins""}}",f,f,,,,e36adc11-50c5-40bd-b627-2db2eb404c50,,,,,,0,,email,2026-08-14 18:57:05.529+00,2026-08-14 19:11:31.183+00,2ceac54d-eb8f-4b8e-a0f9-5e657c4542aa,Hot,f,,0,AUTOMATIC,Reply to Lead,,,e36adc11-50c5-40bd-b627-2db2eb404c50,,,,,,,,
c040e48a-d11c-49fa-b058-c6a887a65b86,Tariq,Jameel,BuildCorp LLC,tariq@buildcorp.ae,+971509876543,NEW,Facebook,,85,Meta Ads Lead Form Mock,Prefab Office Ads,"{""simulated"":true,""ad_id"":""meta_ad_prefab_101"",""lead_id"":""fb_lead_55029""}",f,f,,,,695729d5-b8d4-4caf-9188-262a2db133aa,,,,,,0,,email,2026-08-14 18:57:05.863+00,2026-08-14 19:11:31.249+00,2ceac54d-eb8f-4b8e-a0f9-5e657c4542aa,Hot,f,,0,AUTOMATIC,Reply to Lead,,,695729d5-b8d4-4caf-9188-262a2db133aa,,,,,,,,
2bca9628-f00a-4bdb-bc64-dcebc5596766,Tariq,Jameel,BuildCorp LLC,tariq@buildcorp.ae,+971509876543,NEW,Facebook,,85,Meta Ads Lead Form Mock,Prefab Office Ads,"{""simulated"":true,""ad_id"":""meta_ad_prefab_101"",""lead_id"":""fb_lead_55029""}",f,f,,,,695729d5-b8d4-4caf-9188-262a2db133aa,,,,,,0,,email,2026-08-14 18:58:42.945+00,2026-08-14 19:11:31.316+00,2ceac54d-eb8f-4b8e-a0f9-5e657c4542aa,Hot,f,,0,AUTOMATIC,Reply to Lead,,,695729d5-b8d4-4caf-9188-262a2db133aa,,,,,,,,
87c42230-3979-41ed-8d39-19d0003b473f,Hassan,Raza,KFN Holdings,hassan.raza@kfn.com.sa,+966551122334,NEW,LinkedIn,,95,LinkedIn Lead Gen Forms Mock,Enterprise Prefab Buildings,"{""simulated"":true,""linkedin_form_id"":""li_form_993"",""profile_url"":""linkedin.com/in/hassanraza""}",f,f,,,,adc833ad-1be5-41fe-9540-6f265e97aa49,,,,,,0,,email,2026-08-14 18:58:42.988+00,2026-08-14 19:11:31.384+00,2ceac54d-eb8f-4b8e-a0f9-5e657c4542aa,Hot,f,,0,AUTOMATIC,Reply to Lead,,,adc833ad-1be5-41fe-9540-6f265e97aa49,,,,,,,,
9e66f935-b42f-4b60-86fd-420cec204594,Tariq,Jameel,BuildCorp LLC,tariq@buildcorp.ae,+971509876543,NEW,Facebook,,85,Meta Ads Lead Form Mock,Prefab Office Ads,"{""simulated"":true,""ad_id"":""meta_ad_prefab_101"",""lead_id"":""fb_lead_55029""}",f,f,,,,695729d5-b8d4-4caf-9188-262a2db133aa,,,,,,0,,email,2026-08-14 19:25:21.367+00,2026-08-14 19:34:38.419+00,2ceac54d-eb8f-4b8e-a0f9-5e657c4542aa,Hot,f,,0,AUTOMATIC,Reply to Lead,,,695729d5-b8d4-4caf-9188-262a2db133aa,,,,,,,,
245b2c6d-bd9e-4f67-ac5a-d2593d4d3ad1,Khaled,Al-Masri,Red Sea Dev,khaled@redseadev.sa,+966501234567,NEW,Email,,85,Gmail Mock Integration,GCC Site Cabin Campaign,"{""simulated"":true,""headers"":{""from"":""khaled@redseadev.sa"",""subject"":""Quote request for site cabins""}}",f,f,,,,d495c3f1-f1ca-4a27-b225-1a3bac55381b,,,,,,0,,email,2026-08-14 18:58:43.121+00,2026-08-14 19:11:31.451+00,2ceac54d-eb8f-4b8e-a0f9-5e657c4542aa,Hot,f,,0,AUTOMATIC,Reply to Lead,,,d495c3f1-f1ca-4a27-b225-1a3bac55381b,,,,,,,,
6b8f4b5c-003e-424d-9cd8-efed54600218,Majed,Al-Otaibi,Riyadh Construction,majed@riyadhconst.com,+966501234567,NEW,Email,,85,Gmail Mock Integration,GCC Site Cabin Campaign,"{""simulated"":true,""headers"":{""from"":""majed@riyadhconst.com"",""subject"":""Quote request for site cabins""}}",f,f,,,,e36adc11-50c5-40bd-b627-2db2eb404c50,,,,,,0,,email,2026-08-14 19:00:43.094+00,2026-08-14 19:11:31.519+00,2ceac54d-eb8f-4b8e-a0f9-5e657c4542aa,Hot,f,,0,AUTOMATIC,Reply to Lead,,,e36adc11-50c5-40bd-b627-2db2eb404c50,,,,,,,,
00c6d60c-09ac-47a6-a7a1-263daa387e13,Hassan,Raza,KFN Holdings,hassan.raza@kfn.com.sa,+966551122334,NEW,LinkedIn,,95,LinkedIn Lead Gen Forms Mock,Enterprise Prefab Buildings,"{""simulated"":true,""linkedin_form_id"":""li_form_993"",""profile_url"":""linkedin.com/in/hassanraza""}",f,f,,,,adc833ad-1be5-41fe-9540-6f265e97aa49,,,,,,0,,email,2026-08-14 19:00:43.091+00,2026-08-14 19:11:31.585+00,2ceac54d-eb8f-4b8e-a0f9-5e657c4542aa,Hot,f,,0,AUTOMATIC,Reply to Lead,,,adc833ad-1be5-41fe-9540-6f265e97aa49,,,,,,,,
cd0e3ed8-baac-47b9-8ec8-1018eae553f3,Yasmin,Qureshi,Designers Hub,yasmin@designershub.com,+971509876543,NEW,Facebook,,85,Meta Ads Lead Form Mock,Prefab Office Ads,"{""simulated"":true,""ad_id"":""meta_ad_prefab_101"",""lead_id"":""fb_lead_55029""}",f,f,,,,c8790cac-50df-4f73-b38d-9f5ae1bf88ce,,,,,,0,,email,2026-08-14 19:00:43.22+00,2026-08-14 19:11:31.652+00,2ceac54d-eb8f-4b8e-a0f9-5e657c4542aa,Hot,f,,0,AUTOMATIC,Reply to Lead,,,c8790cac-50df-4f73-b38d-9f5ae1bf88ce,,,,,,,,
389e9e0a-5870-4888-9306-a019439ed3b4,Tariq,Jameel,BuildCorp LLC,tariq@buildcorp.ae,+971509876543,NEW,Facebook,,85,Meta Ads Lead Form Mock,Prefab Office Ads,"{""simulated"":true,""ad_id"":""meta_ad_prefab_101"",""lead_id"":""fb_lead_55029""}",f,f,,,,695729d5-b8d4-4caf-9188-262a2db133aa,,,,,,0,,email,2026-08-14 19:02:43.133+00,2026-08-14 19:11:31.719+00,2ceac54d-eb8f-4b8e-a0f9-5e657c4542aa,Hot,f,,0,AUTOMATIC,Reply to Lead,,,695729d5-b8d4-4caf-9188-262a2db133aa,,,,,,,,
8c16b36f-942f-4f1c-a1ee-03bb9c515dc5,Yasmin,Qureshi,Designers Hub,yasmin@designershub.com,+971509876543,NEW,Facebook,,85,Meta Ads Lead Form Mock,Prefab Office Ads,"{""simulated"":true,""ad_id"":""meta_ad_prefab_101"",""lead_id"":""fb_lead_55029""}",f,f,,,,c8790cac-50df-4f73-b38d-9f5ae1bf88ce,,,,,,0,,email,2026-08-14 19:04:43.042+00,2026-08-14 19:11:31.919+00,2ceac54d-eb8f-4b8e-a0f9-5e657c4542aa,Hot,f,,0,AUTOMATIC,Reply to Lead,,,c8790cac-50df-4f73-b38d-9f5ae1bf88ce,,,,,,,,
176d1279-3cd5-429b-8cbe-df06e3a784bf,Khaled,Al-Masri,Red Sea Dev,khaled@redseadev.sa,+966501234567,NEW,Email,,85,Gmail Mock Integration,GCC Site Cabin Campaign,"{""simulated"":true,""headers"":{""from"":""khaled@redseadev.sa"",""subject"":""Quote request for site cabins""}}",f,f,,,,d495c3f1-f1ca-4a27-b225-1a3bac55381b,,,,,,0,,email,2026-08-14 19:04:43.1+00,2026-08-14 19:11:31.986+00,2ceac54d-eb8f-4b8e-a0f9-5e657c4542aa,Hot,f,,0,AUTOMATIC,Reply to Lead,,,d495c3f1-f1ca-4a27-b225-1a3bac55381b,,,,,,,,
8251113d-f567-4add-8bfa-27907dae1654,Hassan,Raza,KFN Holdings,hassan.raza@kfn.com.sa,+966551122334,NEW,LinkedIn,,95,LinkedIn Lead Gen Forms Mock,Enterprise Prefab Buildings,"{""simulated"":true,""linkedin_form_id"":""li_form_993"",""profile_url"":""linkedin.com/in/hassanraza""}",f,f,,,,adc833ad-1be5-41fe-9540-6f265e97aa49,,,,,,0,,email,2026-08-14 19:06:43.142+00,2026-08-14 19:11:32.052+00,2ceac54d-eb8f-4b8e-a0f9-5e657c4542aa,Hot,f,,0,AUTOMATIC,Reply to Lead,,,adc833ad-1be5-41fe-9540-6f265e97aa49,,,,,,,,
c8904e3f-d770-4843-af06-53f4f0f091db,Tariq,Jameel,BuildCorp LLC,tariq@buildcorp.ae,+971509876543,NEW,Facebook,,85,Meta Ads Lead Form Mock,Prefab Office Ads,"{""simulated"":true,""ad_id"":""meta_ad_prefab_101"",""lead_id"":""fb_lead_55029""}",f,f,,,,695729d5-b8d4-4caf-9188-262a2db133aa,,,,,,0,,email,2026-08-14 19:06:43.159+00,2026-08-14 19:11:32.119+00,2ceac54d-eb8f-4b8e-a0f9-5e657c4542aa,Hot,f,,0,AUTOMATIC,Reply to Lead,,,695729d5-b8d4-4caf-9188-262a2db133aa,,,,,,,,
005bbc5f-5c3a-46ea-b338-07b65a307253,Majed,Al-Otaibi,Riyadh Construction,majed@riyadhconst.com,+966501234567,NEW,Email,,85,Gmail Mock Integration,GCC Site Cabin Campaign,"{""simulated"":true,""headers"":{""from"":""majed@riyadhconst.com"",""subject"":""Quote request for site cabins""}}",f,f,,,,e36adc11-50c5-40bd-b627-2db2eb404c50,,,,,,0,,email,2026-08-14 19:06:43.24+00,2026-08-14 19:11:32.186+00,2ceac54d-eb8f-4b8e-a0f9-5e657c4542aa,Hot,f,,0,AUTOMATIC,Reply to Lead,,,e36adc11-50c5-40bd-b627-2db2eb404c50,,,,,,,,
811df7cb-f449-439a-80f6-0661789e88bb,Tariq,Jameel,BuildCorp LLC,tariq@buildcorp.ae,+971509876543,NEW,Facebook,,85,Meta Ads Lead Form Mock,Prefab Office Ads,"{""simulated"":true,""ad_id"":""meta_ad_prefab_101"",""lead_id"":""fb_lead_55029""}",f,f,,,,695729d5-b8d4-4caf-9188-262a2db133aa,,,,,,0,,email,2026-08-14 19:08:43.125+00,2026-08-14 19:11:32.252+00,2ceac54d-eb8f-4b8e-a0f9-5e657c4542aa,Hot,f,,0,AUTOMATIC,Reply to Lead,,,695729d5-b8d4-4caf-9188-262a2db133aa,,,,,,,,
df131d63-d475-4441-a10a-20f21e0a9265,Hassan,Raza,KFN Holdings,hassan.raza@kfn.com.sa,+966551122334,NEW,LinkedIn,,95,LinkedIn Lead Gen Forms Mock,Enterprise Prefab Buildings,"{""simulated"":true,""linkedin_form_id"":""li_form_993"",""profile_url"":""linkedin.com/in/hassanraza""}",f,f,,,,adc833ad-1be5-41fe-9540-6f265e97aa49,,,,,,0,,email,2026-08-14 19:08:43.23+00,2026-08-14 19:11:32.319+00,2ceac54d-eb8f-4b8e-a0f9-5e657c4542aa,Hot,f,,0,AUTOMATIC,Reply to Lead,,,adc833ad-1be5-41fe-9540-6f265e97aa49,,,,,,,,
18a448b8-283e-4051-8c48-963e024e925c,Khaled,Al-Masri,Red Sea Dev,khaled@redseadev.sa,+966501234567,NEW,Email,,85,Gmail Mock Integration,GCC Site Cabin Campaign,"{""simulated"":true,""headers"":{""from"":""khaled@redseadev.sa"",""subject"":""Quote request for site cabins""}}",f,f,,,,d495c3f1-f1ca-4a27-b225-1a3bac55381b,,,,,,0,,email,2026-08-14 19:08:43.253+00,2026-08-14 19:11:32.385+00,2ceac54d-eb8f-4b8e-a0f9-5e657c4542aa,Hot,f,,0,AUTOMATIC,Reply to Lead,,,d495c3f1-f1ca-4a27-b225-1a3bac55381b,,,,,,,,
b02bf5b5-126d-4622-8a56-5d6bb6ea4fa0,Hassan,Raza,KFN Holdings,hassan.raza@kfn.com.sa,+966551122334,NEW,LinkedIn,,95,LinkedIn Lead Gen Forms Mock,Enterprise Prefab Buildings,"{""simulated"":true,""linkedin_form_id"":""li_form_993"",""profile_url"":""linkedin.com/in/hassanraza""}",f,f,,,,adc833ad-1be5-41fe-9540-6f265e97aa49,,,,,,0,,email,2026-08-14 19:10:43.149+00,2026-08-14 19:11:32.452+00,2ceac54d-eb8f-4b8e-a0f9-5e657c4542aa,Hot,f,,0,AUTOMATIC,Reply to Lead,,,adc833ad-1be5-41fe-9540-6f265e97aa49,,,,,,,,
abde08cf-5bc1-499b-b172-bee70b235862,Yasmin,Qureshi,Designers Hub,yasmin@designershub.com,+971509876543,NEW,Facebook,,85,Meta Ads Lead Form Mock,Prefab Office Ads,"{""simulated"":true,""ad_id"":""meta_ad_prefab_101"",""lead_id"":""fb_lead_55029""}",f,f,,,,c8790cac-50df-4f73-b38d-9f5ae1bf88ce,,,,,,0,,email,2026-08-14 19:10:43.146+00,2026-08-14 19:11:32.653+00,2ceac54d-eb8f-4b8e-a0f9-5e657c4542aa,Hot,f,,0,AUTOMATIC,Reply to Lead,,,c8790cac-50df-4f73-b38d-9f5ae1bf88ce,,,,,,,,
b8e323e1-0c5a-4351-842b-f8ad48dae063,Tariq,Jameel,BuildCorp LLC,tariq@buildcorp.ae,+971509876543,NEW,Facebook,,85,Meta Ads Lead Form Mock,Prefab Office Ads,"{""simulated"":true,""ad_id"":""meta_ad_prefab_101"",""lead_id"":""fb_lead_55029""}",f,f,,,,695729d5-b8d4-4caf-9188-262a2db133aa,,,,,,0,,email,2026-08-14 19:13:21.357+00,2026-08-14 19:34:37.013+00,2ceac54d-eb8f-4b8e-a0f9-5e657c4542aa,Hot,f,,0,AUTOMATIC,Reply to Lead,,,695729d5-b8d4-4caf-9188-262a2db133aa,,,,,,,,
b4cc8140-ae69-4255-8346-ef9592ab50f4,Majed,Al-Otaibi,Riyadh Construction,majed@riyadhconst.com,+966501234567,NEW,Email,,85,Gmail Mock Integration,GCC Site Cabin Campaign,"{""simulated"":true,""headers"":{""from"":""majed@riyadhconst.com"",""subject"":""Quote request for site cabins""}}",f,f,,,,e36adc11-50c5-40bd-b627-2db2eb404c50,,,,,,0,,email,2026-08-14 19:13:21.453+00,2026-08-14 19:34:37.074+00,2ceac54d-eb8f-4b8e-a0f9-5e657c4542aa,Hot,f,,0,AUTOMATIC,Reply to Lead,,,e36adc11-50c5-40bd-b627-2db2eb404c50,,,,,,,,
a78340a6-8850-481c-9752-dda14e8115db,Hassan,Raza,KFN Holdings,hassan.raza@kfn.com.sa,+966551122334,NEW,LinkedIn,,95,LinkedIn Lead Gen Forms Mock,Enterprise Prefab Buildings,"{""simulated"":true,""linkedin_form_id"":""li_form_993"",""profile_url"":""linkedin.com/in/hassanraza""}",f,f,,,,adc833ad-1be5-41fe-9540-6f265e97aa49,,,,,,0,,email,2026-08-14 19:15:20.887+00,2026-08-14 19:34:37.196+00,2ceac54d-eb8f-4b8e-a0f9-5e657c4542aa,Hot,f,,0,AUTOMATIC,Reply to Lead,,,adc833ad-1be5-41fe-9540-6f265e97aa49,,,,,,,,
9baaa7b6-f626-4236-a1e0-a357b800ffde,Hassan,Raza,KFN Holdings,hassan.raza@kfn.com.sa,+966551122334,NEW,LinkedIn,,95,LinkedIn Lead Gen Forms Mock,Enterprise Prefab Buildings,"{""simulated"":true,""linkedin_form_id"":""li_form_993"",""profile_url"":""linkedin.com/in/hassanraza""}",f,f,,,,adc833ad-1be5-41fe-9540-6f265e97aa49,,,,,,0,,email,2026-08-14 19:46:27.494+00,2026-08-15 02:02:41.735+00,2ceac54d-eb8f-4b8e-a0f9-5e657c4542aa,Hot,f,,0,AUTOMATIC,Reply to Lead,,,adc833ad-1be5-41fe-9540-6f265e97aa49,,,,,,,,
88d66d5a-69cb-4387-8776-2c5351fe00a6,Tariq,Jameel,BuildCorp LLC,tariq@buildcorp.ae,+971509876543,NEW,Facebook,,85,Meta Ads Lead Form Mock,Prefab Office Ads,"{""simulated"":true,""ad_id"":""meta_ad_prefab_101"",""lead_id"":""fb_lead_55029""}",f,f,,,,695729d5-b8d4-4caf-9188-262a2db133aa,,,,,,0,,email,2026-08-14 19:15:20.917+00,2026-08-14 19:34:37.257+00,2ceac54d-eb8f-4b8e-a0f9-5e657c4542aa,Hot,f,,0,AUTOMATIC,Reply to Lead,,,695729d5-b8d4-4caf-9188-262a2db133aa,,,,,,,,
1732a4d9-65fa-41c1-b3b9-f39643645a83,Majed,Al-Otaibi,Riyadh Construction,majed@riyadhconst.com,+966501234567,NEW,Email,,85,Gmail Mock Integration,GCC Site Cabin Campaign,"{""simulated"":true,""headers"":{""from"":""majed@riyadhconst.com"",""subject"":""Quote request for site cabins""}}",f,f,,,,e36adc11-50c5-40bd-b627-2db2eb404c50,,,,,,0,,email,2026-08-14 19:15:20.956+00,2026-08-14 19:34:37.317+00,2ceac54d-eb8f-4b8e-a0f9-5e657c4542aa,Hot,f,,0,AUTOMATIC,Reply to Lead,,,e36adc11-50c5-40bd-b627-2db2eb404c50,,,,,,,,
40e8b98d-e568-4f52-b95d-5a04a1c6bef6,Tariq,Jameel,BuildCorp LLC,tariq@buildcorp.ae,+971509876543,NEW,Facebook,,85,Meta Ads Lead Form Mock,Prefab Office Ads,"{""simulated"":true,""ad_id"":""meta_ad_prefab_101"",""lead_id"":""fb_lead_55029""}",f,f,,,,695729d5-b8d4-4caf-9188-262a2db133aa,,,,,,0,,email,2026-08-14 19:17:21.278+00,2026-08-14 19:34:37.378+00,2ceac54d-eb8f-4b8e-a0f9-5e657c4542aa,Hot,f,,0,AUTOMATIC,Reply to Lead,,,695729d5-b8d4-4caf-9188-262a2db133aa,,,,,,,,
e3a9538f-9746-4bfd-89ca-b4c49815e324,Hassan,Raza,KFN Holdings,hassan.raza@kfn.com.sa,+966551122334,NEW,LinkedIn,,95,LinkedIn Lead Gen Forms Mock,Enterprise Prefab Buildings,"{""simulated"":true,""linkedin_form_id"":""li_form_993"",""profile_url"":""linkedin.com/in/hassanraza""}",f,f,,,,adc833ad-1be5-41fe-9540-6f265e97aa49,,,,,,0,,email,2026-08-14 19:17:21.281+00,2026-08-14 19:34:37.438+00,2ceac54d-eb8f-4b8e-a0f9-5e657c4542aa,Hot,f,,0,AUTOMATIC,Reply to Lead,,,adc833ad-1be5-41fe-9540-6f265e97aa49,,,,,,,,
237fdacd-8b29-4aa4-aa13-01911b3e0ba8,Khaled,Al-Masri,Red Sea Dev,khaled@redseadev.sa,+966501234567,NEW,Email,,85,Gmail Mock Integration,GCC Site Cabin Campaign,"{""simulated"":true,""headers"":{""from"":""khaled@redseadev.sa"",""subject"":""Quote request for site cabins""}}",f,f,,,,d495c3f1-f1ca-4a27-b225-1a3bac55381b,,,,,,0,,email,2026-08-14 19:17:21.346+00,2026-08-14 19:34:37.499+00,2ceac54d-eb8f-4b8e-a0f9-5e657c4542aa,Hot,f,,0,AUTOMATIC,Reply to Lead,,,d495c3f1-f1ca-4a27-b225-1a3bac55381b,,,,,,,,
9e549847-ecfd-4c7c-8324-6218b1faf54f,Majed,Al-Otaibi,Riyadh Construction,majed@riyadhconst.com,+966501234567,NEW,Email,,85,Gmail Mock Integration,GCC Site Cabin Campaign,"{""simulated"":true,""headers"":{""from"":""majed@riyadhconst.com"",""subject"":""Quote request for site cabins""}}",f,f,,,,e36adc11-50c5-40bd-b627-2db2eb404c50,,,,,,0,,email,2026-08-14 19:19:21.344+00,2026-08-14 19:34:37.56+00,2ceac54d-eb8f-4b8e-a0f9-5e657c4542aa,Hot,f,,0,AUTOMATIC,Reply to Lead,,,e36adc11-50c5-40bd-b627-2db2eb404c50,,,,,,,,
bcbc2209-5dfe-444a-a74a-b27dbdeb841e,Yasmin,Qureshi,Designers Hub,yasmin@designershub.com,+971509876543,NEW,Facebook,,85,Meta Ads Lead Form Mock,Prefab Office Ads,"{""simulated"":true,""ad_id"":""meta_ad_prefab_101"",""lead_id"":""fb_lead_55029""}",f,f,,,,c8790cac-50df-4f73-b38d-9f5ae1bf88ce,,,,,,0,,email,2026-08-14 19:19:21.341+00,2026-08-14 19:34:37.62+00,2ceac54d-eb8f-4b8e-a0f9-5e657c4542aa,Hot,f,,0,AUTOMATIC,Reply to Lead,,,c8790cac-50df-4f73-b38d-9f5ae1bf88ce,,,,,,,,
221c91cb-8e6c-4d71-87ad-010506b39bf5,Hassan,Raza,KFN Holdings,hassan.raza@kfn.com.sa,+966551122334,NEW,LinkedIn,,95,LinkedIn Lead Gen Forms Mock,Enterprise Prefab Buildings,"{""simulated"":true,""linkedin_form_id"":""li_form_993"",""profile_url"":""linkedin.com/in/hassanraza""}",f,f,,,,adc833ad-1be5-41fe-9540-6f265e97aa49,,,,,,0,,email,2026-08-14 19:19:21.342+00,2026-08-14 19:34:37.681+00,2ceac54d-eb8f-4b8e-a0f9-5e657c4542aa,Hot,f,,0,AUTOMATIC,Reply to Lead,,,adc833ad-1be5-41fe-9540-6f265e97aa49,,,,,,,,
f285ee5d-d608-4102-bf64-07b1a24a8d5a,Tariq,Jameel,BuildCorp LLC,tariq@buildcorp.ae,+971509876543,NEW,Facebook,,85,Meta Ads Lead Form Mock,Prefab Office Ads,"{""simulated"":true,""ad_id"":""meta_ad_prefab_101"",""lead_id"":""fb_lead_55029""}",f,f,,,,695729d5-b8d4-4caf-9188-262a2db133aa,,,,,,0,,email,2026-08-14 19:21:21.325+00,2026-08-14 19:34:37.741+00,2ceac54d-eb8f-4b8e-a0f9-5e657c4542aa,Hot,f,,0,AUTOMATIC,Reply to Lead,,,695729d5-b8d4-4caf-9188-262a2db133aa,,,,,,,,
06fd7c34-1750-4916-bbe5-2961d76acf26,Majed,Al-Otaibi,Riyadh Construction,majed@riyadhconst.com,+966501234567,NEW,Email,,85,Gmail Mock Integration,GCC Site Cabin Campaign,"{""simulated"":true,""headers"":{""from"":""majed@riyadhconst.com"",""subject"":""Quote request for site cabins""}}",f,f,,,,e36adc11-50c5-40bd-b627-2db2eb404c50,,,,,,0,,email,2026-08-14 19:21:21.367+00,2026-08-14 19:34:37.802+00,2ceac54d-eb8f-4b8e-a0f9-5e657c4542aa,Hot,f,,0,AUTOMATIC,Reply to Lead,,,e36adc11-50c5-40bd-b627-2db2eb404c50,,,,,,,,
6f566d41-8578-4729-94fa-696ba33d21a1,Hassan,Raza,KFN Holdings,hassan.raza@kfn.com.sa,+966551122334,NEW,LinkedIn,,95,LinkedIn Lead Gen Forms Mock,Enterprise Prefab Buildings,"{""simulated"":true,""linkedin_form_id"":""li_form_993"",""profile_url"":""linkedin.com/in/hassanraza""}",f,f,,,,adc833ad-1be5-41fe-9540-6f265e97aa49,,,,,,0,,email,2026-08-14 19:21:21.371+00,2026-08-14 19:34:37.863+00,2ceac54d-eb8f-4b8e-a0f9-5e657c4542aa,Hot,f,,0,AUTOMATIC,Reply to Lead,,,adc833ad-1be5-41fe-9540-6f265e97aa49,,,,,,,,
5c67a0a3-9ed9-49f6-a4d3-4ab01c48138b,Khaled,Al-Masri,Red Sea Dev,khaled@redseadev.sa,+966501234567,NEW,Email,,85,Gmail Mock Integration,GCC Site Cabin Campaign,"{""simulated"":true,""headers"":{""from"":""khaled@redseadev.sa"",""subject"":""Quote request for site cabins""}}",f,f,,,,d495c3f1-f1ca-4a27-b225-1a3bac55381b,,,,,,0,,email,2026-08-14 19:23:21.3+00,2026-08-14 19:34:37.925+00,2ceac54d-eb8f-4b8e-a0f9-5e657c4542aa,Hot,f,,0,AUTOMATIC,Reply to Lead,,,d495c3f1-f1ca-4a27-b225-1a3bac55381b,,,,,,,,
caa7af8c-19da-4cf9-8f17-08e9f4206253,peter,parkar,scorp,peter@gmail.com,828228822828,NEW,Website,,85,Request a Quote Page,Website Quote Form,"{""firstName"":""peter"",""lastName"":""parkar"",""email"":""peter@gmail.com"",""phone"":""828228822828"",""company"":""scorp"",""message"":""Service Needed: Industrial Services\n\nI need info , need building info"",""budgetRange"":""Under SAR 50,000"",""source"":""Website"",""sourceDetail"":""Request a Quote Page"",""campaign"":""Website Quote Form""}",f,f,,"Service Needed: Industrial Services

I need info , need building info","Under SAR 50,000",852cd2a3-503d-4444-a7a5-f69311fad66f,,,,,,0,,email,2026-08-14 19:14:20.432+00,2026-08-14 19:34:37.135+00,75a47989-b9ac-4733-a4ba-d3568a7b193c,Hot,f,,0,AUTOMATIC,Reply to Lead,,,852cd2a3-503d-4444-a7a5-f69311fad66f,,,,,,,,
e813a962-4599-4db2-91fb-ae3f81d9f796,Yasmin,Qureshi,Designers Hub,yasmin@designershub.com,+971509876543,NEW,Facebook,,85,Meta Ads Lead Form Mock,Prefab Office Ads,"{""simulated"":true,""ad_id"":""meta_ad_prefab_101"",""lead_id"":""fb_lead_55029""}",f,f,,,,c8790cac-50df-4f73-b38d-9f5ae1bf88ce,,,,,,0,,email,2026-08-14 19:23:21.356+00,2026-08-14 19:34:37.986+00,2ceac54d-eb8f-4b8e-a0f9-5e657c4542aa,Hot,f,,0,AUTOMATIC,Reply to Lead,,,c8790cac-50df-4f73-b38d-9f5ae1bf88ce,,,,,,,,
fab1233f-963d-40ac-adcf-579920e9f1f5,Hassan,Raza,KFN Holdings,hassan.raza@kfn.com.sa,+966551122334,NEW,LinkedIn,,95,LinkedIn Lead Gen Forms Mock,Enterprise Prefab Buildings,"{""simulated"":true,""linkedin_form_id"":""li_form_993"",""profile_url"":""linkedin.com/in/hassanraza""}",f,f,,,,adc833ad-1be5-41fe-9540-6f265e97aa49,,,,,,0,,email,2026-08-14 19:23:21.358+00,2026-08-14 19:34:38.051+00,2ceac54d-eb8f-4b8e-a0f9-5e657c4542aa,Hot,f,,0,AUTOMATIC,Reply to Lead,,,adc833ad-1be5-41fe-9540-6f265e97aa49,,,,,,,,
e922e763-37c6-451a-838c-122ed20538df,Yasmin,Qureshi,Designers Hub,yasmin@designershub.com,+971509876543,NEW,Facebook,,85,Meta Ads Lead Form Mock,Prefab Office Ads,"{""simulated"":true,""ad_id"":""meta_ad_prefab_101"",""lead_id"":""fb_lead_55029""}",f,f,,,,c8790cac-50df-4f73-b38d-9f5ae1bf88ce,,,,,,0,,email,2026-08-14 19:27:21.352+00,2026-08-14 19:34:38.111+00,2ceac54d-eb8f-4b8e-a0f9-5e657c4542aa,Hot,f,,0,AUTOMATIC,Reply to Lead,,,c8790cac-50df-4f73-b38d-9f5ae1bf88ce,,,,,,,,
de8effec-ac8f-4db8-9dde-3c8510b200c1,Hassan,Raza,KFN Holdings,hassan.raza@kfn.com.sa,+966551122334,NEW,LinkedIn,,95,LinkedIn Lead Gen Forms Mock,Enterprise Prefab Buildings,"{""simulated"":true,""linkedin_form_id"":""li_form_993"",""profile_url"":""linkedin.com/in/hassanraza""}",f,f,,,,adc833ad-1be5-41fe-9540-6f265e97aa49,,,,,,0,,email,2026-08-14 19:27:21.353+00,2026-08-14 19:34:38.172+00,2ceac54d-eb8f-4b8e-a0f9-5e657c4542aa,Hot,f,,0,AUTOMATIC,Reply to Lead,,,adc833ad-1be5-41fe-9540-6f265e97aa49,,,,,,,,
d8dcb43a-c727-46f6-8c62-f012a3616ac2,Majed,Al-Otaibi,Riyadh Construction,majed@riyadhconst.com,+966501234567,NEW,Email,,85,Gmail Mock Integration,GCC Site Cabin Campaign,"{""simulated"":true,""headers"":{""from"":""majed@riyadhconst.com"",""subject"":""Quote request for site cabins""}}",f,f,,,,e36adc11-50c5-40bd-b627-2db2eb404c50,,,,,,0,,email,2026-08-15 02:16:33.133+00,2026-08-15 02:42:21.149+00,2ceac54d-eb8f-4b8e-a0f9-5e657c4542aa,Hot,f,,0,AUTOMATIC,Reply to Lead,,,e36adc11-50c5-40bd-b627-2db2eb404c50,,,,,,,,
ced6aa22-27d1-4692-978d-eb44bb1698a9,Majed,Al-Otaibi,Riyadh Construction,majed@riyadhconst.com,+966501234567,NEW,Email,,85,Gmail Mock Integration,GCC Site Cabin Campaign,"{""simulated"":true,""headers"":{""from"":""majed@riyadhconst.com"",""subject"":""Quote request for site cabins""}}",f,f,,,,e36adc11-50c5-40bd-b627-2db2eb404c50,,,,,,0,,email,2026-08-14 19:27:21.38+00,2026-08-14 19:34:38.232+00,2ceac54d-eb8f-4b8e-a0f9-5e657c4542aa,Hot,f,,0,AUTOMATIC,Reply to Lead,,,e36adc11-50c5-40bd-b627-2db2eb404c50,,,,,,,,
d68ddb91-e90a-4cbd-8731-881406f15348,Yasmin,Qureshi,Designers Hub,yasmin@designershub.com,+971509876543,NEW,Facebook,,85,Meta Ads Lead Form Mock,Prefab Office Ads,"{""simulated"":true,""ad_id"":""meta_ad_prefab_101"",""lead_id"":""fb_lead_55029""}",f,f,,,,c8790cac-50df-4f73-b38d-9f5ae1bf88ce,,,,,,0,,email,2026-08-14 19:33:21.275+00,2026-08-14 19:34:38.293+00,2ceac54d-eb8f-4b8e-a0f9-5e657c4542aa,Hot,f,,0,AUTOMATIC,Reply to Lead,,,c8790cac-50df-4f73-b38d-9f5ae1bf88ce,,,,,,,,
004fa583-84d7-4c7c-a8c0-8a04b1ca8afc,Khaled,Al-Masri,Red Sea Dev,khaled@redseadev.sa,+966501234567,NEW,Email,,85,Gmail Mock Integration,GCC Site Cabin Campaign,"{""simulated"":true,""headers"":{""from"":""khaled@redseadev.sa"",""subject"":""Quote request for site cabins""}}",f,f,,,,d495c3f1-f1ca-4a27-b225-1a3bac55381b,,,,,,0,,email,2026-08-14 19:33:21.332+00,2026-08-14 19:34:38.354+00,2ceac54d-eb8f-4b8e-a0f9-5e657c4542aa,Hot,f,,0,AUTOMATIC,Reply to Lead,,,d495c3f1-f1ca-4a27-b225-1a3bac55381b,,,,,,,,
ad4c381a-9066-40b6-8ce2-ebf24e27c1aa,Hassan,Raza,KFN Holdings,hassan.raza@kfn.com.sa,+966551122334,NEW,LinkedIn,,95,LinkedIn Lead Gen Forms Mock,Enterprise Prefab Buildings,"{""simulated"":true,""linkedin_form_id"":""li_form_993"",""profile_url"":""linkedin.com/in/hassanraza""}",f,f,,,,adc833ad-1be5-41fe-9540-6f265e97aa49,,,,,,0,,email,2026-08-14 19:36:27.452+00,2026-08-15 02:02:41.439+00,2ceac54d-eb8f-4b8e-a0f9-5e657c4542aa,Hot,f,,0,AUTOMATIC,Reply to Lead,,,adc833ad-1be5-41fe-9540-6f265e97aa49,,,,,,,,
e8fea968-5fe3-4346-8e45-9caed355f6e2,Khaled,Al-Masri,Red Sea Dev,khaled@redseadev.sa,+966501234567,NEW,Email,,85,Gmail Mock Integration,GCC Site Cabin Campaign,"{""simulated"":true,""headers"":{""from"":""khaled@redseadev.sa"",""subject"":""Quote request for site cabins""}}",f,f,,,,d495c3f1-f1ca-4a27-b225-1a3bac55381b,,,,,,0,,email,2026-08-14 19:36:27.506+00,2026-08-15 02:02:41.498+00,2ceac54d-eb8f-4b8e-a0f9-5e657c4542aa,Hot,f,,0,AUTOMATIC,Reply to Lead,,,d495c3f1-f1ca-4a27-b225-1a3bac55381b,,,,,,,,
68408e5d-7c6f-4429-9f4c-e515048578a4,Yasmin,Qureshi,Designers Hub,yasmin@designershub.com,+971509876543,NEW,Facebook,,85,Meta Ads Lead Form Mock,Prefab Office Ads,"{""simulated"":true,""ad_id"":""meta_ad_prefab_101"",""lead_id"":""fb_lead_55029""}",f,f,,,,c8790cac-50df-4f73-b38d-9f5ae1bf88ce,,,,,,0,,email,2026-08-14 19:42:27.385+00,2026-08-15 02:02:41.558+00,2ceac54d-eb8f-4b8e-a0f9-5e657c4542aa,Hot,f,,0,AUTOMATIC,Reply to Lead,,,c8790cac-50df-4f73-b38d-9f5ae1bf88ce,,,,,,,,
f4257a8a-1145-4d6c-9ae8-caeda109db3c,Khaled,Al-Masri,Red Sea Dev,khaled@redseadev.sa,+966501234567,NEW,Email,,85,Gmail Mock Integration,GCC Site Cabin Campaign,"{""simulated"":true,""headers"":{""from"":""khaled@redseadev.sa"",""subject"":""Quote request for site cabins""}}",f,f,,,,d495c3f1-f1ca-4a27-b225-1a3bac55381b,,,,,,0,,email,2026-08-14 19:42:27.406+00,2026-08-15 02:02:41.617+00,2ceac54d-eb8f-4b8e-a0f9-5e657c4542aa,Hot,f,,0,AUTOMATIC,Reply to Lead,,,d495c3f1-f1ca-4a27-b225-1a3bac55381b,,,,,,,,
ee70c7ed-9dea-404b-9541-bdf80ce72f33,Tariq,Jameel,BuildCorp LLC,tariq@buildcorp.ae,+971509876543,NEW,Facebook,,85,Meta Ads Lead Form Mock,Prefab Office Ads,"{""simulated"":true,""ad_id"":""meta_ad_prefab_101"",""lead_id"":""fb_lead_55029""}",f,f,,,,695729d5-b8d4-4caf-9188-262a2db133aa,,,,,,0,,email,2026-08-14 19:46:27.481+00,2026-08-15 02:02:41.676+00,2ceac54d-eb8f-4b8e-a0f9-5e657c4542aa,Hot,f,,0,AUTOMATIC,Reply to Lead,,,695729d5-b8d4-4caf-9188-262a2db133aa,,,,,,,,
a7476fd3-d520-4970-9a53-0c094b32370b,Khaled,Al-Masri,Red Sea Dev,khaled@redseadev.sa,+966501234567,NEW,Email,,85,Gmail Mock Integration,GCC Site Cabin Campaign,"{""simulated"":true,""headers"":{""from"":""khaled@redseadev.sa"",""subject"":""Quote request for site cabins""}}",f,f,,,,d495c3f1-f1ca-4a27-b225-1a3bac55381b,,,,,,0,,email,2026-08-14 19:46:27.539+00,2026-08-15 02:02:41.796+00,2ceac54d-eb8f-4b8e-a0f9-5e657c4542aa,Hot,f,,0,AUTOMATIC,Reply to Lead,,,d495c3f1-f1ca-4a27-b225-1a3bac55381b,,,,,,,,
7bf99ce6-6374-4d21-a2ab-9bf7e0aa2c9b,Yasmin,Qureshi,Designers Hub,yasmin@designershub.com,+971509876543,NEW,Facebook,,85,Meta Ads Lead Form Mock,Prefab Office Ads,"{""simulated"":true,""ad_id"":""meta_ad_prefab_101"",""lead_id"":""fb_lead_55029""}",f,f,,,,c8790cac-50df-4f73-b38d-9f5ae1bf88ce,,,,,,0,,email,2026-08-14 19:48:27.433+00,2026-08-15 02:02:41.854+00,2ceac54d-eb8f-4b8e-a0f9-5e657c4542aa,Hot,f,,0,AUTOMATIC,Reply to Lead,,,c8790cac-50df-4f73-b38d-9f5ae1bf88ce,,,,,,,,
cedd9a19-dee9-4604-ba44-98fa2c3d19b9,Khaled,Al-Masri,Red Sea Dev,khaled@redseadev.sa,+966501234567,NEW,Email,,85,Gmail Mock Integration,GCC Site Cabin Campaign,"{""simulated"":true,""headers"":{""from"":""khaled@redseadev.sa"",""subject"":""Quote request for site cabins""}}",f,f,,,,d495c3f1-f1ca-4a27-b225-1a3bac55381b,,,,,,0,,email,2026-08-14 19:48:27.444+00,2026-08-15 02:02:41.913+00,2ceac54d-eb8f-4b8e-a0f9-5e657c4542aa,Hot,f,,0,AUTOMATIC,Reply to Lead,,,d495c3f1-f1ca-4a27-b225-1a3bac55381b,,,,,,,,
7df773d3-1d91-49cf-8413-86680e93c01a,Hassan,Raza,KFN Holdings,hassan.raza@kfn.com.sa,+966551122334,NEW,LinkedIn,,95,LinkedIn Lead Gen Forms Mock,Enterprise Prefab Buildings,"{""simulated"":true,""linkedin_form_id"":""li_form_993"",""profile_url"":""linkedin.com/in/hassanraza""}",f,f,,,,adc833ad-1be5-41fe-9540-6f265e97aa49,,,,,,0,,email,2026-08-14 19:48:27.517+00,2026-08-15 02:02:41.972+00,2ceac54d-eb8f-4b8e-a0f9-5e657c4542aa,Hot,f,,0,AUTOMATIC,Reply to Lead,,,adc833ad-1be5-41fe-9540-6f265e97aa49,,,,,,,,
4f9b47a2-0fde-4799-b190-ec3599ae3d1b,Hassan,Raza,KFN Holdings,hassan.raza@kfn.com.sa,+966551122334,NEW,LinkedIn,,95,LinkedIn Lead Gen Forms Mock,Enterprise Prefab Buildings,"{""simulated"":true,""linkedin_form_id"":""li_form_993"",""profile_url"":""linkedin.com/in/hassanraza""}",f,f,,,,adc833ad-1be5-41fe-9540-6f265e97aa49,,,,,,0,,email,2026-08-14 19:25:21.386+00,2026-08-14 19:34:38.479+00,2ceac54d-eb8f-4b8e-a0f9-5e657c4542aa,Hot,f,,0,AUTOMATIC,Reply to Lead,,,adc833ad-1be5-41fe-9540-6f265e97aa49,,,,,,,,
0d6e0e3e-6e12-445c-849e-b32ef33a09f3,Khaled,Al-Masri,Red Sea Dev,khaled@redseadev.sa,+966501234567,NEW,Email,,85,Gmail Mock Integration,GCC Site Cabin Campaign,"{""simulated"":true,""headers"":{""from"":""khaled@redseadev.sa"",""subject"":""Quote request for site cabins""}}",f,f,,,,d495c3f1-f1ca-4a27-b225-1a3bac55381b,,,,,,0,,email,2026-08-14 19:25:21.43+00,2026-08-14 19:34:38.54+00,2ceac54d-eb8f-4b8e-a0f9-5e657c4542aa,Hot,f,,0,AUTOMATIC,Reply to Lead,,,d495c3f1-f1ca-4a27-b225-1a3bac55381b,,,,,,,,
14a49c9d-49eb-4d10-adff-f881e8ba2e5d,Tariq,Jameel,BuildCorp LLC,tariq@buildcorp.ae,+971509876543,NEW,Facebook,,85,Meta Ads Lead Form Mock,Prefab Office Ads,"{""simulated"":true,""ad_id"":""meta_ad_prefab_101"",""lead_id"":""fb_lead_55029""}",f,f,,,,695729d5-b8d4-4caf-9188-262a2db133aa,,,,,,0,,email,2026-08-14 19:29:21.301+00,2026-08-14 19:34:38.6+00,2ceac54d-eb8f-4b8e-a0f9-5e657c4542aa,Hot,f,,0,AUTOMATIC,Reply to Lead,,,695729d5-b8d4-4caf-9188-262a2db133aa,,,,,,,,
dd2017ed-172a-4b16-a85f-e7dfc5502a39,Hassan,Raza,KFN Holdings,hassan.raza@kfn.com.sa,+966551122334,NEW,LinkedIn,,95,LinkedIn Lead Gen Forms Mock,Enterprise Prefab Buildings,"{""simulated"":true,""linkedin_form_id"":""li_form_993"",""profile_url"":""linkedin.com/in/hassanraza""}",f,f,,,,adc833ad-1be5-41fe-9540-6f265e97aa49,,,,,,0,,email,2026-08-14 19:29:21.307+00,2026-08-14 19:34:38.661+00,2ceac54d-eb8f-4b8e-a0f9-5e657c4542aa,Hot,f,,0,AUTOMATIC,Reply to Lead,,,adc833ad-1be5-41fe-9540-6f265e97aa49,,,,,,,,
64e2e952-46ee-47a9-8d6d-eeef80c59327,Majed,Al-Otaibi,Riyadh Construction,majed@riyadhconst.com,+966501234567,NEW,Email,,85,Gmail Mock Integration,GCC Site Cabin Campaign,"{""simulated"":true,""headers"":{""from"":""majed@riyadhconst.com"",""subject"":""Quote request for site cabins""}}",f,f,,,,e36adc11-50c5-40bd-b627-2db2eb404c50,,,,,,0,,email,2026-08-14 19:29:21.364+00,2026-08-14 19:34:38.722+00,2ceac54d-eb8f-4b8e-a0f9-5e657c4542aa,Hot,f,,0,AUTOMATIC,Reply to Lead,,,e36adc11-50c5-40bd-b627-2db2eb404c50,,,,,,,,
689489be-3030-45a4-b2aa-62c751a30c01,Tariq,Jameel,BuildCorp LLC,tariq@buildcorp.ae,+971509876543,NEW,Facebook,,85,Meta Ads Lead Form Mock,Prefab Office Ads,"{""simulated"":true,""ad_id"":""meta_ad_prefab_101"",""lead_id"":""fb_lead_55029""}",f,f,,,,695729d5-b8d4-4caf-9188-262a2db133aa,,,,,,0,,email,2026-08-14 19:31:21.36+00,2026-08-14 19:34:38.782+00,2ceac54d-eb8f-4b8e-a0f9-5e657c4542aa,Hot,f,,0,AUTOMATIC,Reply to Lead,,,695729d5-b8d4-4caf-9188-262a2db133aa,,,,,,,,
7e454539-5859-439f-9d57-31898c3010c1,Yasmin,Qureshi,Designers Hub,yasmin@designershub.com,+971509876543,NEW,Facebook,,85,Meta Ads Lead Form Mock,Prefab Office Ads,"{""simulated"":true,""ad_id"":""meta_ad_prefab_101"",""lead_id"":""fb_lead_55029""}",f,f,,,,c8790cac-50df-4f73-b38d-9f5ae1bf88ce,,,,,,0,,email,2026-08-15 02:20:51.88+00,2026-08-15 02:42:22.465+00,255f20c1-f5f7-4cfc-b3c4-0c60e657b640,Hot,f,,0,AUTOMATIC,Reply to Lead,,,c8790cac-50df-4f73-b38d-9f5ae1bf88ce,,,,,,,,
6be4856d-70a3-4403-a3f8-9bbba41387e7,Hassan,Raza,KFN Holdings,hassan.raza@kfn.com.sa,+966551122334,NEW,LinkedIn,,95,LinkedIn Lead Gen Forms Mock,Enterprise Prefab Buildings,"{""simulated"":true,""linkedin_form_id"":""li_form_993"",""profile_url"":""linkedin.com/in/hassanraza""}",f,f,,,,adc833ad-1be5-41fe-9540-6f265e97aa49,,,,,,0,,email,2026-08-15 02:20:51.935+00,2026-08-15 02:42:22.53+00,255f20c1-f5f7-4cfc-b3c4-0c60e657b640,Hot,f,,0,AUTOMATIC,Reply to Lead,,,adc833ad-1be5-41fe-9540-6f265e97aa49,,,,,,,,
f3a98dd7-c9aa-4a0c-acad-8beff7c84fcb,Khaled,Al-Masri,Red Sea Dev,khaled@redseadev.sa,+966501234567,NEW,Email,,85,Gmail Mock Integration,GCC Site Cabin Campaign,"{""simulated"":true,""headers"":{""from"":""khaled@redseadev.sa"",""subject"":""Quote request for site cabins""}}",f,f,,,,d495c3f1-f1ca-4a27-b225-1a3bac55381b,,,,,,0,,email,2026-08-14 19:31:21.432+00,2026-08-14 19:34:38.843+00,2ceac54d-eb8f-4b8e-a0f9-5e657c4542aa,Hot,f,,0,AUTOMATIC,Reply to Lead,,,d495c3f1-f1ca-4a27-b225-1a3bac55381b,,,,,,,,
7d7b39bf-c02e-4311-9115-5835b9bfa8fd,Hassan,Raza,KFN Holdings,hassan.raza@kfn.com.sa,+966551122334,NEW,LinkedIn,,95,LinkedIn Lead Gen Forms Mock,Enterprise Prefab Buildings,"{""simulated"":true,""linkedin_form_id"":""li_form_993"",""profile_url"":""linkedin.com/in/hassanraza""}",f,f,,,,adc833ad-1be5-41fe-9540-6f265e97aa49,,,,,,0,,email,2026-08-14 19:31:21.464+00,2026-08-14 19:34:38.903+00,2ceac54d-eb8f-4b8e-a0f9-5e657c4542aa,Hot,f,,0,AUTOMATIC,Reply to Lead,,,adc833ad-1be5-41fe-9540-6f265e97aa49,,,,,,,,
e25c7355-a728-41e9-a316-0ccc5b21964c,Hassan,Raza,KFN Holdings,hassan.raza@kfn.com.sa,+966551122334,NEW,LinkedIn,,95,LinkedIn Lead Gen Forms Mock,Enterprise Prefab Buildings,"{""simulated"":true,""linkedin_form_id"":""li_form_993"",""profile_url"":""linkedin.com/in/hassanraza""}",f,f,,,,adc833ad-1be5-41fe-9540-6f265e97aa49,,,,,,0,,email,2026-08-14 19:33:21.272+00,2026-08-14 19:34:38.964+00,2ceac54d-eb8f-4b8e-a0f9-5e657c4542aa,Hot,f,,0,AUTOMATIC,Reply to Lead,,,adc833ad-1be5-41fe-9540-6f265e97aa49,,,,,,,,
21ecbe95-2147-4f00-96d4-15d846c94e24,Yasmin,Qureshi,Designers Hub,yasmin@designershub.com,+971509876543,NEW,Facebook,,85,Meta Ads Lead Form Mock,Prefab Office Ads,"{""simulated"":true,""ad_id"":""meta_ad_prefab_101"",""lead_id"":""fb_lead_55029""}",f,f,,,,c8790cac-50df-4f73-b38d-9f5ae1bf88ce,,,,,,0,,email,2026-08-14 19:36:27.44+00,2026-08-15 02:02:41.361+00,2ceac54d-eb8f-4b8e-a0f9-5e657c4542aa,Hot,f,,0,AUTOMATIC,Reply to Lead,,,c8790cac-50df-4f73-b38d-9f5ae1bf88ce,,,,,,,,
9984b7dd-3aff-4a03-9b2b-47c24a335998,Khaled,Al-Masri,Red Sea Dev,khaled@redseadev.sa,+966501234567,NEW,Email,,85,Gmail Mock Integration,GCC Site Cabin Campaign,"{""simulated"":true,""headers"":{""from"":""khaled@redseadev.sa"",""subject"":""Quote request for site cabins""}}",f,f,,,,d495c3f1-f1ca-4a27-b225-1a3bac55381b,,,,,,0,,email,2026-08-14 19:38:27.403+00,2026-08-15 02:02:42.089+00,2ceac54d-eb8f-4b8e-a0f9-5e657c4542aa,Hot,f,,0,AUTOMATIC,Reply to Lead,,,d495c3f1-f1ca-4a27-b225-1a3bac55381b,,,,,,,,
be0f20d1-4975-4c65-a74f-342d4ad4eed1,Hassan,Raza,KFN Holdings,hassan.raza@kfn.com.sa,+966551122334,NEW,LinkedIn,,95,LinkedIn Lead Gen Forms Mock,Enterprise Prefab Buildings,"{""simulated"":true,""linkedin_form_id"":""li_form_993"",""profile_url"":""linkedin.com/in/hassanraza""}",f,f,,,,adc833ad-1be5-41fe-9540-6f265e97aa49,,,,,,0,,email,2026-08-14 19:38:27.453+00,2026-08-15 02:02:42.147+00,2ceac54d-eb8f-4b8e-a0f9-5e657c4542aa,Hot,f,,0,AUTOMATIC,Reply to Lead,,,adc833ad-1be5-41fe-9540-6f265e97aa49,,,,,,,,
9fa7aab5-257b-4670-b6e6-48dbee7a31be,Majed,Al-Otaibi,Riyadh Construction,majed@riyadhconst.com,+966501234567,NEW,Email,,85,Gmail Mock Integration,GCC Site Cabin Campaign,"{""simulated"":true,""headers"":{""from"":""majed@riyadhconst.com"",""subject"":""Quote request for site cabins""}}",f,f,,,,e36adc11-50c5-40bd-b627-2db2eb404c50,,,,,,0,,email,2026-08-14 19:40:27.44+00,2026-08-15 02:02:42.205+00,2ceac54d-eb8f-4b8e-a0f9-5e657c4542aa,Hot,f,,0,AUTOMATIC,Reply to Lead,,,e36adc11-50c5-40bd-b627-2db2eb404c50,,,,,,,,
43162cad-72db-47e3-9d47-ab3efd37fffb,Yasmin,Qureshi,Designers Hub,yasmin@designershub.com,+971509876543,NEW,Facebook,,85,Meta Ads Lead Form Mock,Prefab Office Ads,"{""simulated"":true,""ad_id"":""meta_ad_prefab_101"",""lead_id"":""fb_lead_55029""}",f,f,,,,c8790cac-50df-4f73-b38d-9f5ae1bf88ce,,,,,,0,,email,2026-08-14 19:40:27.452+00,2026-08-15 02:02:42.263+00,2ceac54d-eb8f-4b8e-a0f9-5e657c4542aa,Hot,f,,0,AUTOMATIC,Reply to Lead,,,c8790cac-50df-4f73-b38d-9f5ae1bf88ce,,,,,,,,
099dc650-9a8a-4005-a285-5fa2b47af3e2,Hassan,Raza,KFN Holdings,hassan.raza@kfn.com.sa,+966551122334,NEW,LinkedIn,,95,LinkedIn Lead Gen Forms Mock,Enterprise Prefab Buildings,"{""simulated"":true,""linkedin_form_id"":""li_form_993"",""profile_url"":""linkedin.com/in/hassanraza""}",f,f,,,,adc833ad-1be5-41fe-9540-6f265e97aa49,,,,,,0,,email,2026-08-14 19:40:27.496+00,2026-08-15 02:02:42.322+00,2ceac54d-eb8f-4b8e-a0f9-5e657c4542aa,Hot,f,,0,AUTOMATIC,Reply to Lead,,,adc833ad-1be5-41fe-9540-6f265e97aa49,,,,,,,,
1cecf53a-7f9d-483f-98d6-f538fcf41ddf,Hassan,Raza,KFN Holdings,hassan.raza@kfn.com.sa,+966551122334,NEW,LinkedIn,,95,LinkedIn Lead Gen Forms Mock,Enterprise Prefab Buildings,"{""simulated"":true,""linkedin_form_id"":""li_form_993"",""profile_url"":""linkedin.com/in/hassanraza""}",f,f,,,,adc833ad-1be5-41fe-9540-6f265e97aa49,,,,,,0,,email,2026-08-14 19:42:27.465+00,2026-08-15 02:02:42.38+00,2ceac54d-eb8f-4b8e-a0f9-5e657c4542aa,Hot,f,,0,AUTOMATIC,Reply to Lead,,,adc833ad-1be5-41fe-9540-6f265e97aa49,,,,,,,,
1e614ad1-576f-4939-8ad0-ee13912623a0,Tariq,Jameel,BuildCorp LLC,tariq@buildcorp.ae,+971509876543,NEW,Facebook,,85,Meta Ads Lead Form Mock,Prefab Office Ads,"{""simulated"":true,""ad_id"":""meta_ad_prefab_101"",""lead_id"":""fb_lead_55029""}",f,f,,,,695729d5-b8d4-4caf-9188-262a2db133aa,,,,,,0,,email,2026-08-14 19:44:27.464+00,2026-08-15 02:02:42.438+00,2ceac54d-eb8f-4b8e-a0f9-5e657c4542aa,Hot,f,,0,AUTOMATIC,Reply to Lead,,,695729d5-b8d4-4caf-9188-262a2db133aa,,,,,,,,
25d17ae6-93e3-4d4b-a761-3d4adc749857,Hassan,Raza,KFN Holdings,hassan.raza@kfn.com.sa,+966551122334,NEW,LinkedIn,,95,LinkedIn Lead Gen Forms Mock,Enterprise Prefab Buildings,"{""simulated"":true,""linkedin_form_id"":""li_form_993"",""profile_url"":""linkedin.com/in/hassanraza""}",f,f,,,,adc833ad-1be5-41fe-9540-6f265e97aa49,,,,,,0,,email,2026-08-14 19:44:27.475+00,2026-08-15 02:02:42.496+00,2ceac54d-eb8f-4b8e-a0f9-5e657c4542aa,Hot,f,,0,AUTOMATIC,Reply to Lead,,,adc833ad-1be5-41fe-9540-6f265e97aa49,,,,,,,,
48891ec8-aa02-4859-b37b-a7746af628b1,Khaled,Al-Masri,Red Sea Dev,khaled@redseadev.sa,+966501234567,NEW,Email,,85,Gmail Mock Integration,GCC Site Cabin Campaign,"{""simulated"":true,""headers"":{""from"":""khaled@redseadev.sa"",""subject"":""Quote request for site cabins""}}",f,f,,,,d495c3f1-f1ca-4a27-b225-1a3bac55381b,,,,,,0,,email,2026-08-14 19:44:27.526+00,2026-08-15 02:02:42.554+00,2ceac54d-eb8f-4b8e-a0f9-5e657c4542aa,Hot,f,,0,AUTOMATIC,Reply to Lead,,,d495c3f1-f1ca-4a27-b225-1a3bac55381b,,,,,,,,
6bcc9033-1eb0-4ef7-8d52-74fae258426d,Tariq,Jameel,BuildCorp LLC,tariq@buildcorp.ae,+971509876543,NEW,Facebook,,85,Meta Ads Lead Form Mock,Prefab Office Ads,"{""simulated"":true,""ad_id"":""meta_ad_prefab_101"",""lead_id"":""fb_lead_55029""}",f,f,,,,695729d5-b8d4-4caf-9188-262a2db133aa,,,,,,0,,email,2026-08-14 19:38:27.347+00,2026-08-15 02:02:42.03+00,2ceac54d-eb8f-4b8e-a0f9-5e657c4542aa,Hot,f,,0,AUTOMATIC,Reply to Lead,,,695729d5-b8d4-4caf-9188-262a2db133aa,,,,,,,,
ded47860-a54d-4b94-b3a7-61b24511268c,Khaled,Al-Masri,Red Sea Dev,khaled@redseadev.sa,+966501234567,NEW,Email,,85,Gmail Mock Integration,GCC Site Cabin Campaign,"{""simulated"":true,""headers"":{""from"":""khaled@redseadev.sa"",""subject"":""Quote request for site cabins""}}",f,f,,,,d495c3f1-f1ca-4a27-b225-1a3bac55381b,,,,,,0,,email,2026-08-15 02:04:31.158+00,2026-08-15 02:12:42.638+00,2ceac54d-eb8f-4b8e-a0f9-5e657c4542aa,Hot,f,,0,AUTOMATIC,Reply to Lead,,,d495c3f1-f1ca-4a27-b225-1a3bac55381b,,,,,,,,
97da50b1-7b1f-441a-8e02-9ecde8b91488,Hassan,Raza,KFN Holdings,hassan.raza@kfn.com.sa,+966551122334,NEW,LinkedIn,,95,LinkedIn Lead Gen Forms Mock,Enterprise Prefab Buildings,"{""simulated"":true,""linkedin_form_id"":""li_form_993"",""profile_url"":""linkedin.com/in/hassanraza""}",f,f,,,,adc833ad-1be5-41fe-9540-6f265e97aa49,,,,,,0,,email,2026-08-15 02:04:31.183+00,2026-08-15 02:12:42.706+00,2ceac54d-eb8f-4b8e-a0f9-5e657c4542aa,Hot,f,,0,AUTOMATIC,Reply to Lead,,,adc833ad-1be5-41fe-9540-6f265e97aa49,,,,,,,,
2ab6ec46-2141-427b-98d4-b452a61241ad,Hassan,Raza,KFN Holdings,hassan.raza@kfn.com.sa,+966551122334,NEW,LinkedIn,,95,LinkedIn Lead Gen Forms Mock,Enterprise Prefab Buildings,"{""simulated"":true,""linkedin_form_id"":""li_form_993"",""profile_url"":""linkedin.com/in/hassanraza""}",f,f,,,,adc833ad-1be5-41fe-9540-6f265e97aa49,,,,,,0,,email,2026-08-15 02:28:51.171+00,2026-08-15 02:42:22.596+00,ef8cd2d6-7fc3-43cc-adbc-a972880998af,Hot,f,,0,AUTOMATIC,Reply to Lead,,,adc833ad-1be5-41fe-9540-6f265e97aa49,,,,,,,,
bb5c0453-1eb7-4201-966b-ac1288902706,Tariq,Jameel,BuildCorp LLC,tariq@buildcorp.ae,+971509876543,NEW,Facebook,,85,Meta Ads Lead Form Mock,Prefab Office Ads,"{""simulated"":true,""ad_id"":""meta_ad_prefab_101"",""lead_id"":""fb_lead_55029""}",f,f,,,,695729d5-b8d4-4caf-9188-262a2db133aa,,,,,,0,,email,2026-08-15 02:28:51.173+00,2026-08-15 02:42:22.662+00,ef8cd2d6-7fc3-43cc-adbc-a972880998af,Hot,f,,0,AUTOMATIC,Reply to Lead,,,695729d5-b8d4-4caf-9188-262a2db133aa,,,,,,,,
3d9e57c0-2a14-4400-a972-a7dd5f986259,Majed,Al-Otaibi,Riyadh Construction,majed@riyadhconst.com,+966501234567,NEW,Email,,85,Gmail Mock Integration,GCC Site Cabin Campaign,"{""simulated"":true,""headers"":{""from"":""majed@riyadhconst.com"",""subject"":""Quote request for site cabins""}}",f,f,,,,e36adc11-50c5-40bd-b627-2db2eb404c50,,,,,,0,,email,2026-08-15 02:28:51.228+00,2026-08-15 02:42:22.728+00,ef8cd2d6-7fc3-43cc-adbc-a972880998af,Hot,f,,0,AUTOMATIC,Reply to Lead,,,e36adc11-50c5-40bd-b627-2db2eb404c50,,,,,,,,
145b4822-9d3e-4726-9dcf-3948014aaaf7,Tariq,Jameel,BuildCorp LLC,tariq@buildcorp.ae,+971509876543,NEW,Facebook,,85,Meta Ads Lead Form Mock,Prefab Office Ads,"{""simulated"":true,""ad_id"":""meta_ad_prefab_101"",""lead_id"":""fb_lead_55029""}",f,f,,,,695729d5-b8d4-4caf-9188-262a2db133aa,,,,,,0,,email,2026-08-15 02:30:51.587+00,2026-08-15 02:42:22.793+00,0d006baa-e2d4-4c4b-989e-9d8bbfe60dc1,Hot,f,,0,AUTOMATIC,Reply to Lead,,,695729d5-b8d4-4caf-9188-262a2db133aa,,,,,,,,
04775399-d4d9-4ddb-a5e0-2928cd77f8b6,Hassan,Raza,KFN Holdings,hassan.raza@kfn.com.sa,+966551122334,NEW,LinkedIn,,95,LinkedIn Lead Gen Forms Mock,Enterprise Prefab Buildings,"{""simulated"":true,""linkedin_form_id"":""li_form_993"",""profile_url"":""linkedin.com/in/hassanraza""}",f,f,,,,adc833ad-1be5-41fe-9540-6f265e97aa49,,,,,,0,,email,2026-08-15 02:30:54.544+00,2026-08-15 02:42:22.859+00,0d006baa-e2d4-4c4b-989e-9d8bbfe60dc1,Hot,f,,0,AUTOMATIC,Reply to Lead,,,adc833ad-1be5-41fe-9540-6f265e97aa49,,,,,,,,
0563a965-89ed-46a3-9c8e-14b2d70045a8,Yasmin,Qureshi,Designers Hub,yasmin@designershub.com,+971509876543,NEW,Facebook,,85,Meta Ads Lead Form Mock,Prefab Office Ads,"{""simulated"":true,""ad_id"":""meta_ad_prefab_101"",""lead_id"":""fb_lead_55029""}",f,f,,,,c8790cac-50df-4f73-b38d-9f5ae1bf88ce,,,,,,0,,email,2026-08-15 02:04:31.184+00,2026-08-15 02:12:42.773+00,2ceac54d-eb8f-4b8e-a0f9-5e657c4542aa,Hot,f,,0,AUTOMATIC,Reply to Lead,,,c8790cac-50df-4f73-b38d-9f5ae1bf88ce,,,,,,,,
9c5e4333-1f72-40da-a673-209d475a503a,Tariq,Jameel,BuildCorp LLC,tariq@buildcorp.ae,+971509876543,NEW,Facebook,,85,Meta Ads Lead Form Mock,Prefab Office Ads,"{""simulated"":true,""ad_id"":""meta_ad_prefab_101"",""lead_id"":""fb_lead_55029""}",f,f,,,,695729d5-b8d4-4caf-9188-262a2db133aa,,,,,,0,,email,2026-08-15 02:06:31.142+00,2026-08-15 02:12:42.84+00,2ceac54d-eb8f-4b8e-a0f9-5e657c4542aa,Hot,f,,0,AUTOMATIC,Reply to Lead,,,695729d5-b8d4-4caf-9188-262a2db133aa,,,,,,,,
568d8250-65a8-4658-9af8-b58505d09fa5,Hassan,Raza,KFN Holdings,hassan.raza@kfn.com.sa,+966551122334,NEW,LinkedIn,,95,LinkedIn Lead Gen Forms Mock,Enterprise Prefab Buildings,"{""simulated"":true,""linkedin_form_id"":""li_form_993"",""profile_url"":""linkedin.com/in/hassanraza""}",f,f,,,,adc833ad-1be5-41fe-9540-6f265e97aa49,,,,,,0,,email,2026-08-15 02:06:31.154+00,2026-08-15 02:12:42.907+00,2ceac54d-eb8f-4b8e-a0f9-5e657c4542aa,Hot,f,,0,AUTOMATIC,Reply to Lead,,,adc833ad-1be5-41fe-9540-6f265e97aa49,,,,,,,,
0f43ba5b-7239-44c9-994b-ede7c2ec920e,Khaled,Al-Masri,Red Sea Dev,khaled@redseadev.sa,+966501234567,NEW,Email,,85,Gmail Mock Integration,GCC Site Cabin Campaign,"{""simulated"":true,""headers"":{""from"":""khaled@redseadev.sa"",""subject"":""Quote request for site cabins""}}",f,f,,,,d495c3f1-f1ca-4a27-b225-1a3bac55381b,,,,,,0,,email,2026-08-15 02:06:31.173+00,2026-08-15 02:12:42.974+00,2ceac54d-eb8f-4b8e-a0f9-5e657c4542aa,Hot,f,,0,AUTOMATIC,Reply to Lead,,,d495c3f1-f1ca-4a27-b225-1a3bac55381b,,,,,,,,
d162f550-1cc8-4776-97a5-85e1b90836c7,Hassan,Raza,KFN Holdings,hassan.raza@kfn.com.sa,+966551122334,NEW,LinkedIn,,95,LinkedIn Lead Gen Forms Mock,Enterprise Prefab Buildings,"{""simulated"":true,""linkedin_form_id"":""li_form_993"",""profile_url"":""linkedin.com/in/hassanraza""}",f,f,,,,adc833ad-1be5-41fe-9540-6f265e97aa49,,,,,,0,,email,2026-08-15 02:08:31.179+00,2026-08-15 02:12:43.042+00,2ceac54d-eb8f-4b8e-a0f9-5e657c4542aa,Hot,f,,0,AUTOMATIC,Reply to Lead,,,adc833ad-1be5-41fe-9540-6f265e97aa49,,,,,,,,
851b7036-0a40-42db-abd8-e61a4a7c36de,Tariq,Jameel,BuildCorp LLC,tariq@buildcorp.ae,+971509876543,NEW,Facebook,,85,Meta Ads Lead Form Mock,Prefab Office Ads,"{""simulated"":true,""ad_id"":""meta_ad_prefab_101"",""lead_id"":""fb_lead_55029""}",f,f,,,,695729d5-b8d4-4caf-9188-262a2db133aa,,,,,,0,,email,2026-08-15 02:08:31.182+00,2026-08-15 02:12:43.109+00,2ceac54d-eb8f-4b8e-a0f9-5e657c4542aa,Hot,f,,0,AUTOMATIC,Reply to Lead,,,695729d5-b8d4-4caf-9188-262a2db133aa,,,,,,,,
19cadd56-0ab5-40d7-917e-04e3d9edc05d,Khaled,Al-Masri,Red Sea Dev,khaled@redseadev.sa,+966501234567,NEW,Email,,85,Gmail Mock Integration,GCC Site Cabin Campaign,"{""simulated"":true,""headers"":{""from"":""khaled@redseadev.sa"",""subject"":""Quote request for site cabins""}}",f,f,,,,d495c3f1-f1ca-4a27-b225-1a3bac55381b,,,,,,0,,email,2026-08-15 02:08:31.241+00,2026-08-15 02:12:43.178+00,2ceac54d-eb8f-4b8e-a0f9-5e657c4542aa,Hot,f,,0,AUTOMATIC,Reply to Lead,,,d495c3f1-f1ca-4a27-b225-1a3bac55381b,,,,,,,,
5b0d7aa6-2321-43e5-8f04-2b6cb823a9b3,Yasmin,Qureshi,Designers Hub,yasmin@designershub.com,+971509876543,NEW,Facebook,,85,Meta Ads Lead Form Mock,Prefab Office Ads,"{""simulated"":true,""ad_id"":""meta_ad_prefab_101"",""lead_id"":""fb_lead_55029""}",f,f,,,,c8790cac-50df-4f73-b38d-9f5ae1bf88ce,,,,,,0,,email,2026-08-15 02:10:31.067+00,2026-08-15 02:12:43.245+00,2ceac54d-eb8f-4b8e-a0f9-5e657c4542aa,Hot,f,,0,AUTOMATIC,Reply to Lead,,,c8790cac-50df-4f73-b38d-9f5ae1bf88ce,,,,,,,,
95684f8c-ebd3-433c-a7a2-f9f0424bdc14,Hassan,Raza,KFN Holdings,hassan.raza@kfn.com.sa,+966551122334,NEW,LinkedIn,,95,LinkedIn Lead Gen Forms Mock,Enterprise Prefab Buildings,"{""simulated"":true,""linkedin_form_id"":""li_form_993"",""profile_url"":""linkedin.com/in/hassanraza""}",f,f,,,,adc833ad-1be5-41fe-9540-6f265e97aa49,,,,,,0,,email,2026-08-15 02:10:31.069+00,2026-08-15 02:12:43.312+00,2ceac54d-eb8f-4b8e-a0f9-5e657c4542aa,Hot,f,,0,AUTOMATIC,Reply to Lead,,,adc833ad-1be5-41fe-9540-6f265e97aa49,,,,,,,,
f26d155b-0dfb-4bc6-a37f-7f60222947e0,Majed,Al-Otaibi,Riyadh Construction,majed@riyadhconst.com,+966501234567,NEW,Email,,85,Gmail Mock Integration,GCC Site Cabin Campaign,"{""simulated"":true,""headers"":{""from"":""majed@riyadhconst.com"",""subject"":""Quote request for site cabins""}}",f,f,,,,e36adc11-50c5-40bd-b627-2db2eb404c50,,,,,,0,,email,2026-08-15 02:10:31.124+00,2026-08-15 02:12:43.379+00,2ceac54d-eb8f-4b8e-a0f9-5e657c4542aa,Hot,f,,0,AUTOMATIC,Reply to Lead,,,e36adc11-50c5-40bd-b627-2db2eb404c50,,,,,,,,
165ec29a-366a-4940-8d42-82e63edde021,Alex,Smith,PepsiCo Global 1786515985945,alex.smith_1786515985945@pepsico.com,,NEW,WhatsApp,,90,,,,f,f,,,,e8d42d39-838e-4909-ab3d-e306948dd1b8,LD-2026-00621,,,,,0,,,2026-08-12 06:26:29.835+00,2026-08-12 06:46:55.777+00,0d006baa-e2d4-4c4b-989e-9d8bbfe60dc1,Hot,f,,0,AUTOMATIC,Reply to Lead,,,e8d42d39-838e-4909-ab3d-e306948dd1b8,,,,,,,,
2e261c5f-8d27-4d18-9bf1-13ff02327b74,Manual,Prospect,Manual Prospect Inc,manual_1786516844087@prospect.com,,NEW,Manual Entry,,75,,,,f,f,,,,2b3d15fd-69ba-4c26-854f-2ecdb0a47327,LD-2026-5705736,,,MANUAL,,0,,,2026-08-12 06:40:57.058+00,2026-08-12 06:40:57.058+00,8fc38563-4b63-4f74-ab98-7e32e5476ef7,Warm,f,,0,AUTOMATIC,Reply to Lead,,,2b3d15fd-69ba-4c26-854f-2ecdb0a47327,,,,,,,,
93281f8b-55aa-4b8b-8c50-9a72518b17a1,Yasmin,Qureshi,Designers Hub,yasmin@designershub.com,+971509876543,NEW,Facebook,,85,Meta Ads Lead Form Mock,Prefab Office Ads,"{""simulated"":true,""ad_id"":""meta_ad_prefab_101"",""lead_id"":""fb_lead_55029""}",f,f,,,,c8790cac-50df-4f73-b38d-9f5ae1bf88ce,,,,,,0,,email,2026-08-15 02:12:31.07+00,2026-08-15 02:12:43.445+00,2ceac54d-eb8f-4b8e-a0f9-5e657c4542aa,Hot,f,,0,AUTOMATIC,Reply to Lead,,,c8790cac-50df-4f73-b38d-9f5ae1bf88ce,,,,,,,,
f7a001e5-daf4-438b-8598-a30ceed15f37,Khaled,Al-Masri,Red Sea Dev,khaled@redseadev.sa,+966501234567,NEW,Email,,85,Gmail Mock Integration,GCC Site Cabin Campaign,"{""simulated"":true,""headers"":{""from"":""khaled@redseadev.sa"",""subject"":""Quote request for site cabins""}}",f,f,,,,d495c3f1-f1ca-4a27-b225-1a3bac55381b,,,,,,0,,email,2026-08-15 02:12:31.125+00,2026-08-15 02:12:43.512+00,2ceac54d-eb8f-4b8e-a0f9-5e657c4542aa,Hot,f,,0,AUTOMATIC,Reply to Lead,,,d495c3f1-f1ca-4a27-b225-1a3bac55381b,,,,,,,,
691126c5-80cf-4103-a62a-315e3ca499cd,Hassan,Raza,KFN Holdings,hassan.raza@kfn.com.sa,+966551122334,NEW,LinkedIn,,95,LinkedIn Lead Gen Forms Mock,Enterprise Prefab Buildings,"{""simulated"":true,""linkedin_form_id"":""li_form_993"",""profile_url"":""linkedin.com/in/hassanraza""}",f,f,,,,adc833ad-1be5-41fe-9540-6f265e97aa49,,,,,,0,,email,2026-08-15 02:12:31.184+00,2026-08-15 02:12:43.579+00,2ceac54d-eb8f-4b8e-a0f9-5e657c4542aa,Hot,f,,0,AUTOMATIC,Reply to Lead,,,adc833ad-1be5-41fe-9540-6f265e97aa49,,,,,,,,
6dc44c2b-66ef-4927-bd84-4c64dfc4a783,Hassan,Raza,KFN Holdings,hassan.raza@kfn.com.sa,+966551122334,NEW,LinkedIn,,95,LinkedIn Lead Gen Forms Mock,Enterprise Prefab Buildings,"{""simulated"":true,""linkedin_form_id"":""li_form_993"",""profile_url"":""linkedin.com/in/hassanraza""}",f,f,,,,adc833ad-1be5-41fe-9540-6f265e97aa49,,,,,,0,,email,2026-08-15 02:14:33.063+00,2026-08-15 02:42:20.883+00,2ceac54d-eb8f-4b8e-a0f9-5e657c4542aa,Hot,f,,0,AUTOMATIC,Reply to Lead,,,adc833ad-1be5-41fe-9540-6f265e97aa49,,,,,,,,
50e8caa6-d51a-4333-92c9-364998835018,Khaled,Al-Masri,Red Sea Dev,khaled@redseadev.sa,+966501234567,NEW,Email,,85,Gmail Mock Integration,GCC Site Cabin Campaign,"{""simulated"":true,""headers"":{""from"":""khaled@redseadev.sa"",""subject"":""Quote request for site cabins""}}",f,f,,,,d495c3f1-f1ca-4a27-b225-1a3bac55381b,,,,,,0,,email,2026-08-15 02:14:33.087+00,2026-08-15 02:42:20.949+00,2ceac54d-eb8f-4b8e-a0f9-5e657c4542aa,Hot,f,,0,AUTOMATIC,Reply to Lead,,,d495c3f1-f1ca-4a27-b225-1a3bac55381b,,,,,,,,
ddefbd5d-188a-49c8-b93e-aae7ef828df7,Hassan,Raza,KFN Holdings,hassan.raza@kfn.com.sa,+966551122334,NEW,LinkedIn,,95,LinkedIn Lead Gen Forms Mock,Enterprise Prefab Buildings,"{""simulated"":true,""linkedin_form_id"":""li_form_993"",""profile_url"":""linkedin.com/in/hassanraza""}",f,f,,,,adc833ad-1be5-41fe-9540-6f265e97aa49,,,,,,0,,email,2026-08-15 02:16:33.072+00,2026-08-15 02:42:21.015+00,2ceac54d-eb8f-4b8e-a0f9-5e657c4542aa,Hot,f,,0,AUTOMATIC,Reply to Lead,,,adc833ad-1be5-41fe-9540-6f265e97aa49,,,,,,,,
2c612c6c-2b09-4b1a-8dcc-eed7e08f191c,Khaled,Al-Masri,Red Sea Dev,khaled@redseadev.sa,+966501234567,NEW,Email,,85,Gmail Mock Integration,GCC Site Cabin Campaign,"{""simulated"":true,""headers"":{""from"":""khaled@redseadev.sa"",""subject"":""Quote request for site cabins""}}",f,f,,,,d495c3f1-f1ca-4a27-b225-1a3bac55381b,,,,,,0,,email,2026-08-15 02:18:53.712+00,2026-08-15 02:42:21.215+00,a7059642-3c33-42b6-9307-4860753ba1cc,Hot,f,,0,AUTOMATIC,Reply to Lead,,,d495c3f1-f1ca-4a27-b225-1a3bac55381b,,,,,,,,
bc6d0ecc-90bc-4656-834e-29b763a97203,Hassan,Raza,KFN Holdings,hassan.raza@kfn.com.sa,+966551122334,NEW,LinkedIn,,95,LinkedIn Lead Gen Forms Mock,Enterprise Prefab Buildings,"{""simulated"":true,""linkedin_form_id"":""li_form_993"",""profile_url"":""linkedin.com/in/hassanraza""}",f,f,,,,adc833ad-1be5-41fe-9540-6f265e97aa49,,,,,,0,,email,2026-08-15 02:18:53.883+00,2026-08-15 02:42:21.281+00,a7059642-3c33-42b6-9307-4860753ba1cc,Hot,f,,0,AUTOMATIC,Reply to Lead,,,adc833ad-1be5-41fe-9540-6f265e97aa49,,,,,,,,
77b78f75-88be-45ce-9d60-e6ffc39942f5,Yasmin,Qureshi,Designers Hub,yasmin@designershub.com,+971509876543,NEW,Facebook,,85,Meta Ads Lead Form Mock,Prefab Office Ads,"{""simulated"":true,""ad_id"":""meta_ad_prefab_101"",""lead_id"":""fb_lead_55029""}",f,f,,,,c8790cac-50df-4f73-b38d-9f5ae1bf88ce,,,,,,0,,email,2026-08-15 02:18:56.863+00,2026-08-15 02:42:21.347+00,8fc38563-4b63-4f74-ab98-7e32e5476ef7,Hot,f,,0,AUTOMATIC,Reply to Lead,,,c8790cac-50df-4f73-b38d-9f5ae1bf88ce,,,,,,,,
ba439fad-0ef5-4066-98b1-99b191fed2f1,Khaled,Al-Masri,Red Sea Dev,khaled@redseadev.sa,+966501234567,NEW,Email,,85,Gmail Mock Integration,GCC Site Cabin Campaign,"{""simulated"":true,""headers"":{""from"":""khaled@redseadev.sa"",""subject"":""Quote request for site cabins""}}",f,f,,,,d495c3f1-f1ca-4a27-b225-1a3bac55381b,,,,,,0,,email,2026-08-15 02:20:53.547+00,2026-08-15 02:42:21.413+00,eed70aae-cb82-42cc-a98a-d55cdf52d3b8,Hot,f,,0,AUTOMATIC,Reply to Lead,,,d495c3f1-f1ca-4a27-b225-1a3bac55381b,,,,,,,,
19f2db60-15e7-44fc-af7c-3cf02f7ee6fb,Hassan,Raza,KFN Holdings,hassan.raza@kfn.com.sa,+966551122334,NEW,LinkedIn,,95,LinkedIn Lead Gen Forms Mock,Enterprise Prefab Buildings,"{""simulated"":true,""linkedin_form_id"":""li_form_993"",""profile_url"":""linkedin.com/in/hassanraza""}",f,f,,,,adc833ad-1be5-41fe-9540-6f265e97aa49,,,,,,0,,email,2026-08-15 02:22:51.779+00,2026-08-15 02:42:21.479+00,7df2b1eb-287b-4790-bc51-271d444a3d4e,Hot,f,,0,AUTOMATIC,Reply to Lead,,,adc833ad-1be5-41fe-9540-6f265e97aa49,,,,,,,,
f7398d7e-ce21-41f7-884c-1bb9338d3f4a,Khaled,Al-Masri,Red Sea Dev,khaled@redseadev.sa,+966501234567,NEW,Email,,85,Gmail Mock Integration,GCC Site Cabin Campaign,"{""simulated"":true,""headers"":{""from"":""khaled@redseadev.sa"",""subject"":""Quote request for site cabins""}}",f,f,,,,d495c3f1-f1ca-4a27-b225-1a3bac55381b,,,,,,0,,email,2026-08-15 02:22:52.384+00,2026-08-15 02:42:21.544+00,7df2b1eb-287b-4790-bc51-271d444a3d4e,Hot,f,,0,AUTOMATIC,Reply to Lead,,,d495c3f1-f1ca-4a27-b225-1a3bac55381b,,,,,,,,
f6ff0976-5f42-48fe-ac83-4f5a1f9dae6a,Yasmin,Qureshi,Designers Hub,yasmin@designershub.com,+971509876543,NEW,Facebook,,85,Meta Ads Lead Form Mock,Prefab Office Ads,"{""simulated"":true,""ad_id"":""meta_ad_prefab_101"",""lead_id"":""fb_lead_55029""}",f,f,,,,c8790cac-50df-4f73-b38d-9f5ae1bf88ce,,,,,,0,,email,2026-08-15 02:22:54.002+00,2026-08-15 02:42:21.61+00,a6b3cb0c-bce8-41fe-8eef-03e0c5490a6f,Hot,f,,0,AUTOMATIC,Reply to Lead,,,c8790cac-50df-4f73-b38d-9f5ae1bf88ce,,,,,,,,
53008dd0-bbad-4bfb-92d7-5879d6866af3,Khaled,Al-Masri,Red Sea Dev,khaled@redseadev.sa,+966501234567,NEW,Email,,85,Gmail Mock Integration,GCC Site Cabin Campaign,"{""simulated"":true,""headers"":{""from"":""khaled@redseadev.sa"",""subject"":""Quote request for site cabins""}}",f,f,,,,d495c3f1-f1ca-4a27-b225-1a3bac55381b,,,,,,0,,email,2026-08-15 02:24:51.256+00,2026-08-15 02:42:21.676+00,d71890f9-1f96-4d1d-be3b-bdd6832be466,Hot,f,,0,AUTOMATIC,Reply to Lead,,,d495c3f1-f1ca-4a27-b225-1a3bac55381b,,,,,,,,
e4309628-395c-405b-bffe-423355024945,Tariq,Jameel,BuildCorp LLC,tariq@buildcorp.ae,+971509876543,NEW,Facebook,,85,Meta Ads Lead Form Mock,Prefab Office Ads,"{""simulated"":true,""ad_id"":""meta_ad_prefab_101"",""lead_id"":""fb_lead_55029""}",f,f,,,,695729d5-b8d4-4caf-9188-262a2db133aa,,,,,,0,,email,2026-08-15 02:24:53.543+00,2026-08-15 02:42:21.741+00,d71890f9-1f96-4d1d-be3b-bdd6832be466,Hot,f,,0,AUTOMATIC,Reply to Lead,,,695729d5-b8d4-4caf-9188-262a2db133aa,,,,,,,,
812323a7-ecb5-47da-8a3c-6b46cdafcf2d,Hassan,Raza,KFN Holdings,hassan.raza@kfn.com.sa,+966551122334,NEW,LinkedIn,,95,LinkedIn Lead Gen Forms Mock,Enterprise Prefab Buildings,"{""simulated"":true,""linkedin_form_id"":""li_form_993"",""profile_url"":""linkedin.com/in/hassanraza""}",f,f,,,,adc833ad-1be5-41fe-9540-6f265e97aa49,,,,,,0,,email,2026-08-15 02:24:53.982+00,2026-08-15 02:42:21.807+00,ef8cd2d6-7fc3-43cc-adbc-a972880998af,Hot,f,,0,AUTOMATIC,Reply to Lead,,,adc833ad-1be5-41fe-9540-6f265e97aa49,,,,,,,,
651f526b-49d7-4157-850f-da70247f9b4e,Majed,Al-Otaibi,Riyadh Construction,majed@riyadhconst.com,+966501234567,NEW,Email,,85,Gmail Mock Integration,GCC Site Cabin Campaign,"{""simulated"":true,""headers"":{""from"":""majed@riyadhconst.com"",""subject"":""Quote request for site cabins""}}",f,f,,,,e36adc11-50c5-40bd-b627-2db2eb404c50,,,,,,0,,email,2026-08-15 02:26:51.292+00,2026-08-15 02:42:21.873+00,ef8cd2d6-7fc3-43cc-adbc-a972880998af,Hot,f,,0,AUTOMATIC,Reply to Lead,,,e36adc11-50c5-40bd-b627-2db2eb404c50,,,,,,,,
05f8bce7-549c-421a-b72a-84471c596598,Hassan,Raza,KFN Holdings,hassan.raza@kfn.com.sa,+966551122334,NEW,LinkedIn,,95,LinkedIn Lead Gen Forms Mock,Enterprise Prefab Buildings,"{""simulated"":true,""linkedin_form_id"":""li_form_993"",""profile_url"":""linkedin.com/in/hassanraza""}",f,f,,,,adc833ad-1be5-41fe-9540-6f265e97aa49,,,,,,0,,email,2026-08-15 02:54:30.136+00,2026-08-15 03:03:10.931+00,8fc38563-4b63-4f74-ab98-7e32e5476ef7,Hot,f,,0,AUTOMATIC,Reply to Lead,,,adc833ad-1be5-41fe-9540-6f265e97aa49,,,,,,,,
f7626185-fffd-4e11-a16a-ddd24c7c5b55,Yasmin,Qureshi,Designers Hub,yasmin@designershub.com,+971509876543,NEW,Facebook,,85,Meta Ads Lead Form Mock,Prefab Office Ads,"{""simulated"":true,""ad_id"":""meta_ad_prefab_101"",""lead_id"":""fb_lead_55029""}",f,f,,,,c8790cac-50df-4f73-b38d-9f5ae1bf88ce,,,,,,0,,email,2026-08-15 02:56:29.405+00,2026-08-15 03:03:10.993+00,8fc38563-4b63-4f74-ab98-7e32e5476ef7,Hot,f,,0,AUTOMATIC,Reply to Lead,,,c8790cac-50df-4f73-b38d-9f5ae1bf88ce,,,,,,,,
755350e1-d77c-499b-84e1-cafd399adae2,Khaled,Al-Masri,Red Sea Dev,khaled@redseadev.sa,+966501234567,NEW,Email,,85,Gmail Mock Integration,GCC Site Cabin Campaign,"{""simulated"":true,""headers"":{""from"":""khaled@redseadev.sa"",""subject"":""Quote request for site cabins""}}",f,f,,,,d495c3f1-f1ca-4a27-b225-1a3bac55381b,,,,,,0,,email,2026-08-15 02:56:29.461+00,2026-08-15 03:03:11.055+00,8fc38563-4b63-4f74-ab98-7e32e5476ef7,Hot,f,,0,AUTOMATIC,Reply to Lead,,,d495c3f1-f1ca-4a27-b225-1a3bac55381b,,,,,,,,
d8b850e8-f14c-43ff-a9fd-ef5a9d7cae58,Yasmin,Qureshi,Designers Hub,yasmin@designershub.com,+971509876543,NEW,Facebook,,85,Meta Ads Lead Form Mock,Prefab Office Ads,"{""simulated"":true,""ad_id"":""meta_ad_prefab_101"",""lead_id"":""fb_lead_55029""}",f,f,,,,c8790cac-50df-4f73-b38d-9f5ae1bf88ce,,,,,,0,,email,2026-08-15 02:26:52.324+00,2026-08-15 02:42:21.938+00,ef8cd2d6-7fc3-43cc-adbc-a972880998af,Hot,f,,0,AUTOMATIC,Reply to Lead,,,c8790cac-50df-4f73-b38d-9f5ae1bf88ce,,,,,,,,
4128c22d-5f3b-4333-882d-35363a36a94d,Hassan,Raza,KFN Holdings,hassan.raza@kfn.com.sa,+966551122334,NEW,LinkedIn,,95,LinkedIn Lead Gen Forms Mock,Enterprise Prefab Buildings,"{""simulated"":true,""linkedin_form_id"":""li_form_993"",""profile_url"":""linkedin.com/in/hassanraza""}",f,f,,,,adc833ad-1be5-41fe-9540-6f265e97aa49,,,,,,0,,email,2026-08-15 02:26:53.653+00,2026-08-15 02:42:22.004+00,ef8cd2d6-7fc3-43cc-adbc-a972880998af,Hot,f,,0,AUTOMATIC,Reply to Lead,,,adc833ad-1be5-41fe-9540-6f265e97aa49,,,,,,,,
d4a5b9c2-7403-4d46-99f0-870bee54fe6e,Yasmin,Qureshi,Designers Hub,yasmin@designershub.com,+971509876543,NEW,Facebook,,85,Meta Ads Lead Form Mock,Prefab Office Ads,"{""simulated"":true,""ad_id"":""meta_ad_prefab_101"",""lead_id"":""fb_lead_55029""}",f,f,,,,c8790cac-50df-4f73-b38d-9f5ae1bf88ce,,,,,,0,,email,2026-08-15 02:32:53.873+00,2026-08-15 02:42:22.069+00,7df2b1eb-287b-4790-bc51-271d444a3d4e,Hot,f,,0,AUTOMATIC,Reply to Lead,,,c8790cac-50df-4f73-b38d-9f5ae1bf88ce,,,,,,,,
31aec36e-0f4c-4f2c-9ba2-c99b5135713a,Hassan,Raza,KFN Holdings,hassan.raza@kfn.com.sa,+966551122334,NEW,LinkedIn,,95,LinkedIn Lead Gen Forms Mock,Enterprise Prefab Buildings,"{""simulated"":true,""linkedin_form_id"":""li_form_993"",""profile_url"":""linkedin.com/in/hassanraza""}",f,f,,,,adc833ad-1be5-41fe-9540-6f265e97aa49,,,,,,0,,email,2026-08-15 02:32:53.874+00,2026-08-15 02:42:22.135+00,7df2b1eb-287b-4790-bc51-271d444a3d4e,Hot,f,,0,AUTOMATIC,Reply to Lead,,,adc833ad-1be5-41fe-9540-6f265e97aa49,,,,,,,,
f5c30619-a0ca-470d-b056-2702924bdf07,Khaled,Al-Masri,Red Sea Dev,khaled@redseadev.sa,+966501234567,NEW,Email,,85,Gmail Mock Integration,GCC Site Cabin Campaign,"{""simulated"":true,""headers"":{""from"":""khaled@redseadev.sa"",""subject"":""Quote request for site cabins""}}",f,f,,,,d495c3f1-f1ca-4a27-b225-1a3bac55381b,,,,,,0,,email,2026-08-15 02:32:53.938+00,2026-08-15 02:42:22.201+00,7df2b1eb-287b-4790-bc51-271d444a3d4e,Hot,f,,0,AUTOMATIC,Reply to Lead,,,d495c3f1-f1ca-4a27-b225-1a3bac55381b,,,,,,,,
9e4b890d-65ad-47bb-8e85-be87151fc509,Majed,Al-Otaibi,Riyadh Construction,majed@riyadhconst.com,+966501234567,NEW,Email,,85,Gmail Mock Integration,GCC Site Cabin Campaign,"{""simulated"":true,""headers"":{""from"":""majed@riyadhconst.com"",""subject"":""Quote request for site cabins""}}",f,f,,,,e36adc11-50c5-40bd-b627-2db2eb404c50,,,,,,0,,email,2026-08-15 02:34:52.29+00,2026-08-15 02:42:22.267+00,a6b3cb0c-bce8-41fe-8eef-03e0c5490a6f,Hot,f,,0,AUTOMATIC,Reply to Lead,,,e36adc11-50c5-40bd-b627-2db2eb404c50,,,,,,,,
843a8526-5436-428c-a04e-bda85c27e32e,Hassan,Raza,KFN Holdings,hassan.raza@kfn.com.sa,+966551122334,NEW,LinkedIn,,95,LinkedIn Lead Gen Forms Mock,Enterprise Prefab Buildings,"{""simulated"":true,""linkedin_form_id"":""li_form_993"",""profile_url"":""linkedin.com/in/hassanraza""}",f,f,,,,adc833ad-1be5-41fe-9540-6f265e97aa49,,,,,,0,,email,2026-08-15 02:34:54.778+00,2026-08-15 02:42:22.333+00,a6b3cb0c-bce8-41fe-8eef-03e0c5490a6f,Hot,f,,0,AUTOMATIC,Reply to Lead,,,adc833ad-1be5-41fe-9540-6f265e97aa49,,,,,,,,
40857273-4928-4d30-b844-c73cd63cf15d,Yasmin,Qureshi,Designers Hub,yasmin@designershub.com,+971509876543,NEW,Facebook,,85,Meta Ads Lead Form Mock,Prefab Office Ads,"{""simulated"":true,""ad_id"":""meta_ad_prefab_101"",""lead_id"":""fb_lead_55029""}",f,f,,,,c8790cac-50df-4f73-b38d-9f5ae1bf88ce,,,,,,0,,email,2026-08-15 02:34:54.779+00,2026-08-15 02:42:22.399+00,a6b3cb0c-bce8-41fe-8eef-03e0c5490a6f,Hot,f,,0,AUTOMATIC,Reply to Lead,,,c8790cac-50df-4f73-b38d-9f5ae1bf88ce,,,,,,,,
0cb352ad-a67d-4b42-bd31-9c2171c6dbdd,Majed,Al-Otaibi,Riyadh Construction,majed@riyadhconst.com,+966501234567,NEW,Email,,85,Gmail Mock Integration,GCC Site Cabin Campaign,"{""simulated"":true,""headers"":{""from"":""majed@riyadhconst.com"",""subject"":""Quote request for site cabins""}}",f,f,,,,e36adc11-50c5-40bd-b627-2db2eb404c50,,,,,,0,,email,2026-08-15 02:30:54.98+00,2026-08-15 02:42:22.924+00,0d006baa-e2d4-4c4b-989e-9d8bbfe60dc1,Hot,f,,0,AUTOMATIC,Reply to Lead,,,e36adc11-50c5-40bd-b627-2db2eb404c50,,,,,,,,
7f0695b6-f719-4ac1-8fcd-a9562eafa407,Majed,Al-Otaibi,Riyadh Construction,majed@riyadhconst.com,+966501234567,NEW,Email,,85,Gmail Mock Integration,GCC Site Cabin Campaign,"{""simulated"":true,""headers"":{""from"":""majed@riyadhconst.com"",""subject"":""Quote request for site cabins""}}",f,f,,,,e36adc11-50c5-40bd-b627-2db2eb404c50,,,,,,0,,email,2026-08-15 02:36:51.945+00,2026-08-15 02:42:22.99+00,d71890f9-1f96-4d1d-be3b-bdd6832be466,Hot,f,,0,AUTOMATIC,Reply to Lead,,,e36adc11-50c5-40bd-b627-2db2eb404c50,,,,,,,,
15cc7c7f-e950-4dbd-9a07-e351353d0ae4,Yasmin,Qureshi,Designers Hub,yasmin@designershub.com,+971509876543,NEW,Facebook,,85,Meta Ads Lead Form Mock,Prefab Office Ads,"{""simulated"":true,""ad_id"":""meta_ad_prefab_101"",""lead_id"":""fb_lead_55029""}",f,f,,,,c8790cac-50df-4f73-b38d-9f5ae1bf88ce,,,,,,0,,email,2026-08-15 02:36:52.352+00,2026-08-15 02:42:23.056+00,d71890f9-1f96-4d1d-be3b-bdd6832be466,Hot,f,,0,AUTOMATIC,Reply to Lead,,,c8790cac-50df-4f73-b38d-9f5ae1bf88ce,,,,,,,,
082a5b82-05e3-498c-be13-bbfbb7003ba6,Hassan,Raza,KFN Holdings,hassan.raza@kfn.com.sa,+966551122334,NEW,LinkedIn,,95,LinkedIn Lead Gen Forms Mock,Enterprise Prefab Buildings,"{""simulated"":true,""linkedin_form_id"":""li_form_993"",""profile_url"":""linkedin.com/in/hassanraza""}",f,f,,,,adc833ad-1be5-41fe-9540-6f265e97aa49,,,,,,0,,email,2026-08-15 02:36:53.779+00,2026-08-15 02:42:23.122+00,d71890f9-1f96-4d1d-be3b-bdd6832be466,Hot,f,,0,AUTOMATIC,Reply to Lead,,,adc833ad-1be5-41fe-9540-6f265e97aa49,,,,,,,,
4305e855-99f6-4ff0-aa7b-593a0b0a5bdc,Khaled,Al-Masri,Red Sea Dev,khaled@redseadev.sa,+966501234567,NEW,Email,,85,Gmail Mock Integration,GCC Site Cabin Campaign,"{""simulated"":true,""headers"":{""from"":""khaled@redseadev.sa"",""subject"":""Quote request for site cabins""}}",f,f,,,,d495c3f1-f1ca-4a27-b225-1a3bac55381b,,,,,,0,,email,2026-08-15 02:40:51.126+00,2026-08-15 02:42:23.188+00,d71890f9-1f96-4d1d-be3b-bdd6832be466,Hot,f,,0,AUTOMATIC,Reply to Lead,,,d495c3f1-f1ca-4a27-b225-1a3bac55381b,,,,,,,,
cd63f824-205e-4f2e-b078-e0862c186621,Tariq,Jameel,BuildCorp LLC,tariq@buildcorp.ae,+971509876543,NEW,Facebook,,85,Meta Ads Lead Form Mock,Prefab Office Ads,"{""simulated"":true,""ad_id"":""meta_ad_prefab_101"",""lead_id"":""fb_lead_55029""}",f,f,,,,695729d5-b8d4-4caf-9188-262a2db133aa,,,,,,0,,email,2026-08-15 02:40:52.139+00,2026-08-15 02:42:23.253+00,d71890f9-1f96-4d1d-be3b-bdd6832be466,Hot,f,,0,AUTOMATIC,Reply to Lead,,,695729d5-b8d4-4caf-9188-262a2db133aa,,,,,,,,
edbf8703-8dab-4c1a-8c44-f2d8a2f160ed,Majed,Al-Otaibi,Riyadh Construction,majed@riyadhconst.com,+966501234567,NEW,Email,,85,Gmail Mock Integration,GCC Site Cabin Campaign,"{""simulated"":true,""headers"":{""from"":""majed@riyadhconst.com"",""subject"":""Quote request for site cabins""}}",f,f,,,,e36adc11-50c5-40bd-b627-2db2eb404c50,,,,,,0,,email,2026-08-15 02:54:31.712+00,2026-08-15 03:03:11.486+00,8fc38563-4b63-4f74-ab98-7e32e5476ef7,Hot,f,,0,AUTOMATIC,Reply to Lead,,,e36adc11-50c5-40bd-b627-2db2eb404c50,,,,,,,,
7f4b17d1-3415-408c-bff2-f4d41d0b852a,Hassan,Raza,KFN Holdings,hassan.raza@kfn.com.sa,+966551122334,NEW,LinkedIn,,95,LinkedIn Lead Gen Forms Mock,Enterprise Prefab Buildings,"{""simulated"":true,""linkedin_form_id"":""li_form_993"",""profile_url"":""linkedin.com/in/hassanraza""}",f,f,,,,adc833ad-1be5-41fe-9540-6f265e97aa49,,,,,,0,,email,2026-08-15 02:56:31.862+00,2026-08-15 03:03:11.548+00,8fc38563-4b63-4f74-ab98-7e32e5476ef7,Hot,f,,0,AUTOMATIC,Reply to Lead,,,adc833ad-1be5-41fe-9540-6f265e97aa49,,,,,,,,
583d536d-bbff-47f7-b4ca-89791e95156e,Hassan,Raza,KFN Holdings,hassan.raza@kfn.com.sa,+966551122334,NEW,LinkedIn,,95,LinkedIn Lead Gen Forms Mock,Enterprise Prefab Buildings,"{""simulated"":true,""linkedin_form_id"":""li_form_993"",""profile_url"":""linkedin.com/in/hassanraza""}",f,f,,,,adc833ad-1be5-41fe-9540-6f265e97aa49,,,,,,0,,email,2026-08-15 02:40:53.356+00,2026-08-15 02:42:23.319+00,d71890f9-1f96-4d1d-be3b-bdd6832be466,Hot,f,,0,AUTOMATIC,Reply to Lead,,,adc833ad-1be5-41fe-9540-6f265e97aa49,,,,,,,,
3e9842d6-168e-4db8-b115-42058308c758,Tariq,Jameel,BuildCorp LLC,tariq@buildcorp.ae,+971509876543,NEW,Facebook,,85,Meta Ads Lead Form Mock,Prefab Office Ads,"{""simulated"":true,""ad_id"":""meta_ad_prefab_101"",""lead_id"":""fb_lead_55029""}",f,f,,,,695729d5-b8d4-4caf-9188-262a2db133aa,,,,,,0,,email,2026-08-15 02:14:33.057+00,2026-08-15 02:42:20.79+00,2ceac54d-eb8f-4b8e-a0f9-5e657c4542aa,Hot,f,,0,AUTOMATIC,Reply to Lead,,,695729d5-b8d4-4caf-9188-262a2db133aa,,,,,,,,
0ffce114-c6cb-4776-ab15-909a99ec8089,Yasmin,Qureshi,Designers Hub,yasmin@designershub.com,+971509876543,NEW,Facebook,,85,Meta Ads Lead Form Mock,Prefab Office Ads,"{""simulated"":true,""ad_id"":""meta_ad_prefab_101"",""lead_id"":""fb_lead_55029""}",f,f,,,,c8790cac-50df-4f73-b38d-9f5ae1bf88ce,,,,,,0,,email,2026-08-15 02:16:33.123+00,2026-08-15 02:42:21.082+00,2ceac54d-eb8f-4b8e-a0f9-5e657c4542aa,Hot,f,,0,AUTOMATIC,Reply to Lead,,,c8790cac-50df-4f73-b38d-9f5ae1bf88ce,,,,,,,,
f3f8b3bd-130f-4714-93a7-24d0d7ccbb42,Tariq,Jameel,BuildCorp LLC,tariq@buildcorp.ae,+971509876543,NEW,Facebook,,85,Meta Ads Lead Form Mock,Prefab Office Ads,"{""simulated"":true,""ad_id"":""meta_ad_prefab_101"",""lead_id"":""fb_lead_55029""}",f,f,,,,695729d5-b8d4-4caf-9188-262a2db133aa,,,,,,0,,email,2026-08-15 02:38:52.55+00,2026-08-15 02:42:23.385+00,d71890f9-1f96-4d1d-be3b-bdd6832be466,Hot,f,,0,AUTOMATIC,Reply to Lead,,,695729d5-b8d4-4caf-9188-262a2db133aa,,,,,,,,
c34fdd11-8dd1-485b-9361-59d4591bab6f,Majed,Al-Otaibi,Riyadh Construction,majed@riyadhconst.com,+966501234567,NEW,Email,,85,Gmail Mock Integration,GCC Site Cabin Campaign,"{""simulated"":true,""headers"":{""from"":""majed@riyadhconst.com"",""subject"":""Quote request for site cabins""}}",f,f,,,,e36adc11-50c5-40bd-b627-2db2eb404c50,,,,,,0,,email,2026-08-15 02:38:52.675+00,2026-08-15 02:42:23.451+00,d71890f9-1f96-4d1d-be3b-bdd6832be466,Hot,f,,0,AUTOMATIC,Reply to Lead,,,e36adc11-50c5-40bd-b627-2db2eb404c50,,,,,,,,
3afcf524-c39a-458f-b7d4-9662ffc5e5e9,Hassan,Raza,KFN Holdings,hassan.raza@kfn.com.sa,+966551122334,NEW,LinkedIn,,95,LinkedIn Lead Gen Forms Mock,Enterprise Prefab Buildings,"{""simulated"":true,""linkedin_form_id"":""li_form_993"",""profile_url"":""linkedin.com/in/hassanraza""}",f,f,,,,adc833ad-1be5-41fe-9540-6f265e97aa49,,,,,,0,,email,2026-08-15 02:38:53.796+00,2026-08-15 02:42:23.517+00,d71890f9-1f96-4d1d-be3b-bdd6832be466,Hot,f,,0,AUTOMATIC,Reply to Lead,,,adc833ad-1be5-41fe-9540-6f265e97aa49,,,,,,,,
23b0f392-0f5e-40cb-9797-0e355f816ec1,Khaled,Al-Masri,Red Sea Dev,khaled@redseadev.sa,+966501234567,NEW,Email,,85,Gmail Mock Integration,GCC Site Cabin Campaign,"{""simulated"":true,""headers"":{""from"":""khaled@redseadev.sa"",""subject"":""Quote request for site cabins""}}",f,f,,,,d495c3f1-f1ca-4a27-b225-1a3bac55381b,,,,,,0,,email,2026-08-15 02:44:31.083+00,2026-08-15 03:03:10.003+00,d71890f9-1f96-4d1d-be3b-bdd6832be466,Hot,f,,0,AUTOMATIC,Reply to Lead,,,d495c3f1-f1ca-4a27-b225-1a3bac55381b,,,,,,,,
0bc0c23e-87c9-4934-b285-c29692efb0d3,Hassan,Raza,KFN Holdings,hassan.raza@kfn.com.sa,+966551122334,NEW,LinkedIn,,95,LinkedIn Lead Gen Forms Mock,Enterprise Prefab Buildings,"{""simulated"":true,""linkedin_form_id"":""li_form_993"",""profile_url"":""linkedin.com/in/hassanraza""}",f,f,,,,adc833ad-1be5-41fe-9540-6f265e97aa49,,,,,,0,,email,2026-08-15 02:44:31.214+00,2026-08-15 03:03:10.065+00,d71890f9-1f96-4d1d-be3b-bdd6832be466,Hot,f,,0,AUTOMATIC,Reply to Lead,,,adc833ad-1be5-41fe-9540-6f265e97aa49,,,,,,,,
97d47577-bc7f-430a-928e-b19069079c66,Khaled,Al-Masri,Red Sea Dev,khaled@redseadev.sa,+966501234567,NEW,Email,,85,Gmail Mock Integration,GCC Site Cabin Campaign,"{""simulated"":true,""headers"":{""from"":""khaled@redseadev.sa"",""subject"":""Quote request for site cabins""}}",f,f,,,,d495c3f1-f1ca-4a27-b225-1a3bac55381b,,,,,,0,,email,2026-08-15 02:46:30.015+00,2026-08-15 03:03:10.127+00,75a47989-b9ac-4733-a4ba-d3568a7b193c,Hot,f,,0,AUTOMATIC,Reply to Lead,,,d495c3f1-f1ca-4a27-b225-1a3bac55381b,,,,,,,,
870dd12b-2abc-4a75-82f1-fca433f76912,Tariq,Jameel,BuildCorp LLC,tariq@buildcorp.ae,+971509876543,NEW,Facebook,,85,Meta Ads Lead Form Mock,Prefab Office Ads,"{""simulated"":true,""ad_id"":""meta_ad_prefab_101"",""lead_id"":""fb_lead_55029""}",f,f,,,,695729d5-b8d4-4caf-9188-262a2db133aa,,,,,,0,,email,2026-08-15 02:46:30.263+00,2026-08-15 03:03:10.189+00,75a47989-b9ac-4733-a4ba-d3568a7b193c,Hot,f,,0,AUTOMATIC,Reply to Lead,,,695729d5-b8d4-4caf-9188-262a2db133aa,,,,,,,,
17234798-7614-4540-8c03-755e58c7ccf3,Hassan,Raza,KFN Holdings,hassan.raza@kfn.com.sa,+966551122334,NEW,LinkedIn,,95,LinkedIn Lead Gen Forms Mock,Enterprise Prefab Buildings,"{""simulated"":true,""linkedin_form_id"":""li_form_993"",""profile_url"":""linkedin.com/in/hassanraza""}",f,f,,,,adc833ad-1be5-41fe-9540-6f265e97aa49,,,,,,0,,email,2026-08-15 02:46:31.436+00,2026-08-15 03:03:10.251+00,75a47989-b9ac-4733-a4ba-d3568a7b193c,Hot,f,,0,AUTOMATIC,Reply to Lead,,,adc833ad-1be5-41fe-9540-6f265e97aa49,,,,,,,,
813b5caf-b3eb-4c1f-925c-449639730572,Tariq,Jameel,BuildCorp LLC,tariq@buildcorp.ae,+971509876543,NEW,Facebook,,85,Meta Ads Lead Form Mock,Prefab Office Ads,"{""simulated"":true,""ad_id"":""meta_ad_prefab_101"",""lead_id"":""fb_lead_55029""}",f,f,,,,695729d5-b8d4-4caf-9188-262a2db133aa,,,,,,0,,email,2026-08-15 02:48:29.511+00,2026-08-15 03:03:10.313+00,a7059642-3c33-42b6-9307-4860753ba1cc,Hot,f,,0,AUTOMATIC,Reply to Lead,,,695729d5-b8d4-4caf-9188-262a2db133aa,,,,,,,,
949e92c8-eba6-4652-a7aa-6b3fa5aec5da,Hassan,Raza,KFN Holdings,hassan.raza@kfn.com.sa,+966551122334,NEW,LinkedIn,,95,LinkedIn Lead Gen Forms Mock,Enterprise Prefab Buildings,"{""simulated"":true,""linkedin_form_id"":""li_form_993"",""profile_url"":""linkedin.com/in/hassanraza""}",f,f,,,,adc833ad-1be5-41fe-9540-6f265e97aa49,,,,,,0,,email,2026-08-15 02:48:29.981+00,2026-08-15 03:03:10.375+00,a7059642-3c33-42b6-9307-4860753ba1cc,Hot,f,,0,AUTOMATIC,Reply to Lead,,,adc833ad-1be5-41fe-9540-6f265e97aa49,,,,,,,,
594da9f6-7ac3-4f5e-82ac-4418bb07a10f,Khaled,Al-Masri,Red Sea Dev,khaled@redseadev.sa,+966501234567,NEW,Email,,85,Gmail Mock Integration,GCC Site Cabin Campaign,"{""simulated"":true,""headers"":{""from"":""khaled@redseadev.sa"",""subject"":""Quote request for site cabins""}}",f,f,,,,d495c3f1-f1ca-4a27-b225-1a3bac55381b,,,,,,0,,email,2026-08-15 02:48:30.432+00,2026-08-15 03:03:10.437+00,a7059642-3c33-42b6-9307-4860753ba1cc,Hot,f,,0,AUTOMATIC,Reply to Lead,,,d495c3f1-f1ca-4a27-b225-1a3bac55381b,,,,,,,,
731a0c3d-7e62-4700-a321-679fb02e22c0,Khaled,Al-Masri,Red Sea Dev,khaled@redseadev.sa,+966501234567,NEW,Email,,85,Gmail Mock Integration,GCC Site Cabin Campaign,"{""simulated"":true,""headers"":{""from"":""khaled@redseadev.sa"",""subject"":""Quote request for site cabins""}}",f,f,,,,d495c3f1-f1ca-4a27-b225-1a3bac55381b,,,,,,0,,email,2026-08-15 02:50:30.025+00,2026-08-15 03:03:10.499+00,8fc38563-4b63-4f74-ab98-7e32e5476ef7,Hot,f,,0,AUTOMATIC,Reply to Lead,,,d495c3f1-f1ca-4a27-b225-1a3bac55381b,,,,,,,,
a5839c0d-a63a-477b-92b9-c6f89abb1ac5,Tariq,Jameel,BuildCorp LLC,tariq@buildcorp.ae,+971509876543,NEW,Facebook,,85,Meta Ads Lead Form Mock,Prefab Office Ads,"{""simulated"":true,""ad_id"":""meta_ad_prefab_101"",""lead_id"":""fb_lead_55029""}",f,f,,,,695729d5-b8d4-4caf-9188-262a2db133aa,,,,,,0,,email,2026-08-15 02:50:31.081+00,2026-08-15 03:03:10.561+00,8fc38563-4b63-4f74-ab98-7e32e5476ef7,Hot,f,,0,AUTOMATIC,Reply to Lead,,,695729d5-b8d4-4caf-9188-262a2db133aa,,,,,,,,
6232ceb3-6d5f-4d55-bcd0-29b59c2bea60,Tariq,Jameel,BuildCorp LLC,tariq@buildcorp.ae,+971509876543,NEW,Facebook,,85,Meta Ads Lead Form Mock,Prefab Office Ads,"{""simulated"":true,""ad_id"":""meta_ad_prefab_101"",""lead_id"":""fb_lead_55029""}",f,f,,,,695729d5-b8d4-4caf-9188-262a2db133aa,,,,,,0,,email,2026-08-15 02:44:30.008+00,2026-08-15 03:03:09.847+00,d71890f9-1f96-4d1d-be3b-bdd6832be466,Hot,f,,0,AUTOMATIC,Reply to Lead,,,695729d5-b8d4-4caf-9188-262a2db133aa,,,,,,,,
46c88320-7b53-40e9-b832-963f05b09b22,Hassan,Raza,KFN Holdings,hassan.raza@kfn.com.sa,+966551122334,NEW,LinkedIn,,95,LinkedIn Lead Gen Forms Mock,Enterprise Prefab Buildings,"{""simulated"":true,""linkedin_form_id"":""li_form_993"",""profile_url"":""linkedin.com/in/hassanraza""}",f,f,,,,adc833ad-1be5-41fe-9540-6f265e97aa49,,,,,,0,,email,2026-08-15 02:50:31.383+00,2026-08-15 03:03:10.623+00,8fc38563-4b63-4f74-ab98-7e32e5476ef7,Hot,f,,0,AUTOMATIC,Reply to Lead,,,adc833ad-1be5-41fe-9540-6f265e97aa49,,,,,,,,
821da9ad-437d-4a50-b1fb-250ca4313867,Majed,Al-Otaibi,Riyadh Construction,majed@riyadhconst.com,+966501234567,NEW,Email,,85,Gmail Mock Integration,GCC Site Cabin Campaign,"{""simulated"":true,""headers"":{""from"":""majed@riyadhconst.com"",""subject"":""Quote request for site cabins""}}",f,f,,,,e36adc11-50c5-40bd-b627-2db2eb404c50,,,,,,0,,email,2026-08-15 02:52:30.851+00,2026-08-15 03:03:10.684+00,8fc38563-4b63-4f74-ab98-7e32e5476ef7,Hot,f,,0,AUTOMATIC,Reply to Lead,,,e36adc11-50c5-40bd-b627-2db2eb404c50,,,,,,,,
981248d2-2b16-4797-8894-9f4ad2e907a0,Hassan,Raza,KFN Holdings,hassan.raza@kfn.com.sa,+966551122334,NEW,LinkedIn,,95,LinkedIn Lead Gen Forms Mock,Enterprise Prefab Buildings,"{""simulated"":true,""linkedin_form_id"":""li_form_993"",""profile_url"":""linkedin.com/in/hassanraza""}",f,f,,,,adc833ad-1be5-41fe-9540-6f265e97aa49,,,,,,0,,email,2026-08-15 02:52:31.743+00,2026-08-15 03:03:10.746+00,8fc38563-4b63-4f74-ab98-7e32e5476ef7,Hot,f,,0,AUTOMATIC,Reply to Lead,,,adc833ad-1be5-41fe-9540-6f265e97aa49,,,,,,,,
c95160d5-ed93-4e85-b615-4fd7c77ffd42,Tariq,Jameel,BuildCorp LLC,tariq@buildcorp.ae,+971509876543,NEW,Facebook,,85,Meta Ads Lead Form Mock,Prefab Office Ads,"{""simulated"":true,""ad_id"":""meta_ad_prefab_101"",""lead_id"":""fb_lead_55029""}",f,f,,,,695729d5-b8d4-4caf-9188-262a2db133aa,,,,,,0,,email,2026-08-15 02:52:32.057+00,2026-08-15 03:03:10.807+00,8fc38563-4b63-4f74-ab98-7e32e5476ef7,Hot,f,,0,AUTOMATIC,Reply to Lead,,,695729d5-b8d4-4caf-9188-262a2db133aa,,,,,,,,
6d8ecec8-39a6-4695-b988-bd34acf002ec,Tariq,Jameel,BuildCorp LLC,tariq@buildcorp.ae,+971509876543,NEW,Facebook,,85,Meta Ads Lead Form Mock,Prefab Office Ads,"{""simulated"":true,""ad_id"":""meta_ad_prefab_101"",""lead_id"":""fb_lead_55029""}",f,f,,,,695729d5-b8d4-4caf-9188-262a2db133aa,,,,,,0,,email,2026-08-15 02:54:29.421+00,2026-08-15 03:03:10.869+00,8fc38563-4b63-4f74-ab98-7e32e5476ef7,Hot,f,,0,AUTOMATIC,Reply to Lead,,,695729d5-b8d4-4caf-9188-262a2db133aa,,,,,,,,
6cc3e886-17bb-4eb3-86da-9f6d38f9bd7e,Khaled,Al-Masri,Red Sea Dev,khaled@redseadev.sa,+966501234567,NEW,Email,,85,Gmail Mock Integration,GCC Site Cabin Campaign,"{""simulated"":true,""headers"":{""from"":""khaled@redseadev.sa"",""subject"":""Quote request for site cabins""}}",f,f,,,,d495c3f1-f1ca-4a27-b225-1a3bac55381b,,,,,,0,,email,2026-08-15 02:58:29.946+00,2026-08-15 03:03:11.116+00,0d006baa-e2d4-4c4b-989e-9d8bbfe60dc1,Hot,f,,0,AUTOMATIC,Reply to Lead,,,d495c3f1-f1ca-4a27-b225-1a3bac55381b,,,,,,,,
ca5d4eed-dfc9-4946-8f5b-8b24eacb6e31,Tariq,Jameel,BuildCorp LLC,tariq@buildcorp.ae,+971509876543,NEW,Facebook,,85,Meta Ads Lead Form Mock,Prefab Office Ads,"{""simulated"":true,""ad_id"":""meta_ad_prefab_101"",""lead_id"":""fb_lead_55029""}",f,f,,,,695729d5-b8d4-4caf-9188-262a2db133aa,,,,,,0,,email,2026-08-15 02:58:30.29+00,2026-08-15 03:03:11.178+00,0d006baa-e2d4-4c4b-989e-9d8bbfe60dc1,Hot,f,,0,AUTOMATIC,Reply to Lead,,,695729d5-b8d4-4caf-9188-262a2db133aa,,,,,,,,
fa7e2bfb-c583-4092-928d-666a7522f023,Hassan,Raza,KFN Holdings,hassan.raza@kfn.com.sa,+966551122334,NEW,LinkedIn,,95,LinkedIn Lead Gen Forms Mock,Enterprise Prefab Buildings,"{""simulated"":true,""linkedin_form_id"":""li_form_993"",""profile_url"":""linkedin.com/in/hassanraza""}",f,f,,,,adc833ad-1be5-41fe-9540-6f265e97aa49,,,,,,0,,email,2026-08-15 02:58:32.26+00,2026-08-15 03:03:11.239+00,0d006baa-e2d4-4c4b-989e-9d8bbfe60dc1,Hot,f,,0,AUTOMATIC,Reply to Lead,,,adc833ad-1be5-41fe-9540-6f265e97aa49,,,,,,,,
4e352a4f-27fe-47fe-9875-429919579329,Khaled,Al-Masri,Red Sea Dev,khaled@redseadev.sa,+966501234567,NEW,Email,,85,Gmail Mock Integration,GCC Site Cabin Campaign,"{""simulated"":true,""headers"":{""from"":""khaled@redseadev.sa"",""subject"":""Quote request for site cabins""}}",f,f,,,,d495c3f1-f1ca-4a27-b225-1a3bac55381b,,,,,,0,,email,2026-08-15 03:00:29.746+00,2026-08-15 03:03:11.301+00,255f20c1-f5f7-4cfc-b3c4-0c60e657b640,Hot,f,,0,AUTOMATIC,Reply to Lead,,,d495c3f1-f1ca-4a27-b225-1a3bac55381b,,,,,,,,
12be9db3-79eb-403a-bd0a-db620ae7edb0,Hassan,Raza,KFN Holdings,hassan.raza@kfn.com.sa,+966551122334,NEW,LinkedIn,,95,LinkedIn Lead Gen Forms Mock,Enterprise Prefab Buildings,"{""simulated"":true,""linkedin_form_id"":""li_form_993"",""profile_url"":""linkedin.com/in/hassanraza""}",f,f,,,,adc833ad-1be5-41fe-9540-6f265e97aa49,,,,,,0,,email,2026-08-15 03:00:31.781+00,2026-08-15 03:03:11.363+00,255f20c1-f5f7-4cfc-b3c4-0c60e657b640,Hot,f,,0,AUTOMATIC,Reply to Lead,,,adc833ad-1be5-41fe-9540-6f265e97aa49,,,,,,,,
9e3672a6-b31f-445e-94a9-8853f92d9bc6,Majed,Al-Otaibi,Riyadh Construction,majed@riyadhconst.com,+966501234567,NEW,Email,,85,Gmail Mock Integration,GCC Site Cabin Campaign,"{""simulated"":true,""headers"":{""from"":""majed@riyadhconst.com"",""subject"":""Quote request for site cabins""}}",f,f,,,,e36adc11-50c5-40bd-b627-2db2eb404c50,,,,,,0,,email,2026-08-15 03:02:33.488+00,2026-08-15 03:03:11.425+00,eed70aae-cb82-42cc-a98a-d55cdf52d3b8,Hot,f,,0,AUTOMATIC,Reply to Lead,,,e36adc11-50c5-40bd-b627-2db2eb404c50,,,,,,,,
4cc1e728-af35-42a2-8874-41d791429163,Tariq,Jameel,BuildCorp LLC,tariq@buildcorp.ae,+971509876543,NEW,Facebook,,85,Meta Ads Lead Form Mock,Prefab Office Ads,"{""simulated"":true,""ad_id"":""meta_ad_prefab_101"",""lead_id"":""fb_lead_55029""}",f,f,,,,695729d5-b8d4-4caf-9188-262a2db133aa,,,,,,0,,email,2026-08-15 03:00:31.483+00,2026-08-15 03:03:11.609+00,255f20c1-f5f7-4cfc-b3c4-0c60e657b640,Hot,f,,0,AUTOMATIC,Reply to Lead,,,695729d5-b8d4-4caf-9188-262a2db133aa,,,,,,,,
8332fd3c-f506-41bb-a33a-63683a159d9e,Hassan,Raza,KFN Holdings,hassan.raza@kfn.com.sa,+966551122334,NEW,LinkedIn,,95,LinkedIn Lead Gen Forms Mock,Enterprise Prefab Buildings,"{""simulated"":true,""linkedin_form_id"":""li_form_993"",""profile_url"":""linkedin.com/in/hassanraza""}",f,f,,,,adc833ad-1be5-41fe-9540-6f265e97aa49,,,,,,0,,email,2026-08-15 03:02:30.03+00,2026-08-15 03:03:11.671+00,7df2b1eb-287b-4790-bc51-271d444a3d4e,Hot,f,,0,AUTOMATIC,Reply to Lead,,,adc833ad-1be5-41fe-9540-6f265e97aa49,,,,,,,,
23b2fcb4-ebbe-470c-b20d-f56ae5a6f9bc,Yasmin,Qureshi,Designers Hub,yasmin@designershub.com,+971509876543,NEW,Facebook,,85,Meta Ads Lead Form Mock,Prefab Office Ads,"{""simulated"":true,""ad_id"":""meta_ad_prefab_101"",""lead_id"":""fb_lead_55029""}",f,f,,,,c8790cac-50df-4f73-b38d-9f5ae1bf88ce,,,,,,0,,email,2026-08-15 03:02:31.329+00,2026-08-15 03:03:11.732+00,7df2b1eb-287b-4790-bc51-271d444a3d4e,Hot,f,,0,AUTOMATIC,Reply to Lead,,,c8790cac-50df-4f73-b38d-9f5ae1bf88ce,,,,,,,,
41f88ded-80c3-4459-8565-799c2ebea351,Hassan,Raza,KFN Holdings,hassan.raza@kfn.com.sa,+966551122334,NEW,LinkedIn,,95,LinkedIn Lead Gen Forms Mock,Enterprise Prefab Buildings,"{""simulated"":true,""linkedin_form_id"":""li_form_993"",""profile_url"":""linkedin.com/in/hassanraza""}",f,f,,,,adc833ad-1be5-41fe-9540-6f265e97aa49,,,,,,0,,email,2026-08-15 03:05:20.312+00,2026-08-15 04:16:07.01+00,eed70aae-cb82-42cc-a98a-d55cdf52d3b8,Hot,f,,0,AUTOMATIC,Reply to Lead,,,adc833ad-1be5-41fe-9540-6f265e97aa49,,,,,,,,
9b680d87-5a02-4db5-b6fc-30aede825bad,Tariq,Jameel,BuildCorp LLC,tariq@buildcorp.ae,+971509876543,NEW,Facebook,,85,Meta Ads Lead Form Mock,Prefab Office Ads,"{""simulated"":true,""ad_id"":""meta_ad_prefab_101"",""lead_id"":""fb_lead_55029""}",f,f,,,,695729d5-b8d4-4caf-9188-262a2db133aa,,,,,,0,,email,2026-08-15 03:05:21.979+00,2026-08-15 04:16:07.073+00,eed70aae-cb82-42cc-a98a-d55cdf52d3b8,Hot,f,,0,AUTOMATIC,Reply to Lead,,,695729d5-b8d4-4caf-9188-262a2db133aa,,,,,,,,
244e3360-6bf3-4eee-9039-f3119dace866,Tariq,Jameel,BuildCorp LLC,tariq@buildcorp.ae,+971509876543,NEW,Facebook,,85,Meta Ads Lead Form Mock,Prefab Office Ads,"{""simulated"":true,""ad_id"":""meta_ad_prefab_101"",""lead_id"":""fb_lead_55029""}",f,f,,,,695729d5-b8d4-4caf-9188-262a2db133aa,,,,,,0,,email,2026-08-15 03:11:19.001+00,2026-08-15 04:16:07.136+00,75a47989-b9ac-4733-a4ba-d3568a7b193c,Hot,f,,0,AUTOMATIC,Reply to Lead,,,695729d5-b8d4-4caf-9188-262a2db133aa,,,,,,,,
26b67de6-1c5e-40d4-9beb-43888c1b2015,Hassan,Raza,KFN Holdings,hassan.raza@kfn.com.sa,+966551122334,NEW,LinkedIn,,95,LinkedIn Lead Gen Forms Mock,Enterprise Prefab Buildings,"{""simulated"":true,""linkedin_form_id"":""li_form_993"",""profile_url"":""linkedin.com/in/hassanraza""}",f,f,,,,adc833ad-1be5-41fe-9540-6f265e97aa49,,,,,,0,,email,2026-08-15 03:15:18.177+00,2026-08-15 04:16:07.198+00,75a47989-b9ac-4733-a4ba-d3568a7b193c,Hot,f,,0,AUTOMATIC,Reply to Lead,,,adc833ad-1be5-41fe-9540-6f265e97aa49,,,,,,,,
14bc50e6-c696-4a62-81ba-bbd674d3888b,Yasmin,Qureshi,Designers Hub,yasmin@designershub.com,+971509876543,NEW,Facebook,,85,Meta Ads Lead Form Mock,Prefab Office Ads,"{""simulated"":true,""ad_id"":""meta_ad_prefab_101"",""lead_id"":""fb_lead_55029""}",f,f,,,,c8790cac-50df-4f73-b38d-9f5ae1bf88ce,,,,,,0,,email,2026-08-15 03:23:19.462+00,2026-08-15 04:16:08.762+00,255f20c1-f5f7-4cfc-b3c4-0c60e657b640,Hot,f,,0,AUTOMATIC,Reply to Lead,,,c8790cac-50df-4f73-b38d-9f5ae1bf88ce,,,,,,,,
4ad95124-739b-435c-914c-997916cfabac,Hassan,Raza,KFN Holdings,hassan.raza@kfn.com.sa,+966551122334,NEW,LinkedIn,,95,LinkedIn Lead Gen Forms Mock,Enterprise Prefab Buildings,"{""simulated"":true,""linkedin_form_id"":""li_form_993"",""profile_url"":""linkedin.com/in/hassanraza""}",f,f,,,,adc833ad-1be5-41fe-9540-6f265e97aa49,,,,,,0,,email,2026-08-15 03:23:23.228+00,2026-08-15 04:16:08.824+00,255f20c1-f5f7-4cfc-b3c4-0c60e657b640,Hot,f,,0,AUTOMATIC,Reply to Lead,,,adc833ad-1be5-41fe-9540-6f265e97aa49,,,,,,,,
3bc99676-0165-412f-a8db-b155420ea8ab,Hassan,Raza,KFN Holdings,hassan.raza@kfn.com.sa,+966551122334,NEW,LinkedIn,,95,LinkedIn Lead Gen Forms Mock,Enterprise Prefab Buildings,"{""simulated"":true,""linkedin_form_id"":""li_form_993"",""profile_url"":""linkedin.com/in/hassanraza""}",f,f,,,,adc833ad-1be5-41fe-9540-6f265e97aa49,,,,,,0,,email,2026-08-15 03:25:21.85+00,2026-08-15 04:16:08.887+00,255f20c1-f5f7-4cfc-b3c4-0c60e657b640,Hot,f,,0,AUTOMATIC,Reply to Lead,,,adc833ad-1be5-41fe-9540-6f265e97aa49,,,,,,,,
0324f08d-4800-4bb7-b869-a01ed2948cda,Majed,Al-Otaibi,Riyadh Construction,majed@riyadhconst.com,+966501234567,NEW,Email,,85,Gmail Mock Integration,GCC Site Cabin Campaign,"{""simulated"":true,""headers"":{""from"":""majed@riyadhconst.com"",""subject"":""Quote request for site cabins""}}",f,f,,,,e36adc11-50c5-40bd-b627-2db2eb404c50,,,,,,0,,email,2026-08-15 03:25:22.234+00,2026-08-15 04:16:08.95+00,255f20c1-f5f7-4cfc-b3c4-0c60e657b640,Hot,f,,0,AUTOMATIC,Reply to Lead,,,e36adc11-50c5-40bd-b627-2db2eb404c50,,,,,,,,
bd95009e-9558-4948-b08a-0bb37fd68fc7,Tariq,Jameel,BuildCorp LLC,tariq@buildcorp.ae,+971509876543,NEW,Facebook,,85,Meta Ads Lead Form Mock,Prefab Office Ads,"{""simulated"":true,""ad_id"":""meta_ad_prefab_101"",""lead_id"":""fb_lead_55029""}",f,f,,,,695729d5-b8d4-4caf-9188-262a2db133aa,,,,,,0,,email,2026-08-15 03:25:23.933+00,2026-08-15 04:16:09.012+00,255f20c1-f5f7-4cfc-b3c4-0c60e657b640,Hot,f,,0,AUTOMATIC,Reply to Lead,,,695729d5-b8d4-4caf-9188-262a2db133aa,,,,,,,,
d3fd31ed-bc89-40ae-bca0-a74bd569d7af,Hassan,Raza,KFN Holdings,hassan.raza@kfn.com.sa,+966551122334,NEW,LinkedIn,,95,LinkedIn Lead Gen Forms Mock,Enterprise Prefab Buildings,"{""simulated"":true,""linkedin_form_id"":""li_form_993"",""profile_url"":""linkedin.com/in/hassanraza""}",f,f,,,,adc833ad-1be5-41fe-9540-6f265e97aa49,,,,,,0,,email,2026-08-15 03:19:19.083+00,2026-08-15 04:16:07.26+00,a6b3cb0c-bce8-41fe-8eef-03e0c5490a6f,Hot,f,,0,AUTOMATIC,Reply to Lead,,,adc833ad-1be5-41fe-9540-6f265e97aa49,,,,,,,,
dbfb2ac4-ffe2-4958-8f06-9862852b2354,Majed,Al-Otaibi,Riyadh Construction,majed@riyadhconst.com,+966501234567,NEW,Email,,85,Gmail Mock Integration,GCC Site Cabin Campaign,"{""simulated"":true,""headers"":{""from"":""majed@riyadhconst.com"",""subject"":""Quote request for site cabins""}}",f,f,,,,e36adc11-50c5-40bd-b627-2db2eb404c50,,,,,,0,,email,2026-08-15 03:19:19.189+00,2026-08-15 04:16:07.322+00,a6b3cb0c-bce8-41fe-8eef-03e0c5490a6f,Hot,f,,0,AUTOMATIC,Reply to Lead,,,e36adc11-50c5-40bd-b627-2db2eb404c50,,,,,,,,
d559f6a3-d149-4332-8d58-871077c0b9f5,Hassan,Raza,KFN Holdings,hassan.raza@kfn.com.sa,+966551122334,NEW,LinkedIn,,95,LinkedIn Lead Gen Forms Mock,Enterprise Prefab Buildings,"{""simulated"":true,""linkedin_form_id"":""li_form_993"",""profile_url"":""linkedin.com/in/hassanraza""}",f,f,,,,adc833ad-1be5-41fe-9540-6f265e97aa49,,,,,,0,,email,2026-08-15 03:21:19.915+00,2026-08-15 04:16:07.385+00,a6b3cb0c-bce8-41fe-8eef-03e0c5490a6f,Hot,f,,0,AUTOMATIC,Reply to Lead,,,adc833ad-1be5-41fe-9540-6f265e97aa49,,,,,,,,
dac0f598-4dcf-44b9-8b69-065c853b7456,Majed,Al-Otaibi,Riyadh Construction,majed@riyadhconst.com,+966501234567,NEW,Email,,85,Gmail Mock Integration,GCC Site Cabin Campaign,"{""simulated"":true,""headers"":{""from"":""majed@riyadhconst.com"",""subject"":""Quote request for site cabins""}}",f,f,,,,e36adc11-50c5-40bd-b627-2db2eb404c50,,,,,,0,,email,2026-08-15 03:23:19.423+00,2026-08-15 04:16:07.447+00,255f20c1-f5f7-4cfc-b3c4-0c60e657b640,Hot,f,,0,AUTOMATIC,Reply to Lead,,,e36adc11-50c5-40bd-b627-2db2eb404c50,,,,,,,,
5a33a9d2-3c4f-4d8e-8a48-af4811010ab6,Hassan,Raza,KFN Holdings,hassan.raza@kfn.com.sa,+966551122334,NEW,LinkedIn,,95,LinkedIn Lead Gen Forms Mock,Enterprise Prefab Buildings,"{""simulated"":true,""linkedin_form_id"":""li_form_993"",""profile_url"":""linkedin.com/in/hassanraza""}",f,f,,,,adc833ad-1be5-41fe-9540-6f265e97aa49,,,,,,0,,email,2026-08-15 03:07:19.242+00,2026-08-15 04:16:07.571+00,eed70aae-cb82-42cc-a98a-d55cdf52d3b8,Hot,f,,0,AUTOMATIC,Reply to Lead,,,adc833ad-1be5-41fe-9540-6f265e97aa49,,,,,,,,
51374ee1-e09d-4d78-a4ed-1fb4d9a64cc7,Yasmin,Qureshi,Designers Hub,yasmin@designershub.com,+971509876543,NEW,Facebook,,85,Meta Ads Lead Form Mock,Prefab Office Ads,"{""simulated"":true,""ad_id"":""meta_ad_prefab_101"",""lead_id"":""fb_lead_55029""}",f,f,,,,c8790cac-50df-4f73-b38d-9f5ae1bf88ce,,,,,,0,,email,2026-08-15 03:07:22.596+00,2026-08-15 04:16:07.633+00,eed70aae-cb82-42cc-a98a-d55cdf52d3b8,Hot,f,,0,AUTOMATIC,Reply to Lead,,,c8790cac-50df-4f73-b38d-9f5ae1bf88ce,,,,,,,,
d117e628-dad3-4289-9758-b3f3f2feaf59,Majed,Al-Otaibi,Riyadh Construction,majed@riyadhconst.com,+966501234567,NEW,Email,,85,Gmail Mock Integration,GCC Site Cabin Campaign,"{""simulated"":true,""headers"":{""from"":""majed@riyadhconst.com"",""subject"":""Quote request for site cabins""}}",f,f,,,,e36adc11-50c5-40bd-b627-2db2eb404c50,,,,,,0,,email,2026-08-15 03:07:23.29+00,2026-08-15 04:16:07.697+00,eed70aae-cb82-42cc-a98a-d55cdf52d3b8,Hot,f,,0,AUTOMATIC,Reply to Lead,,,e36adc11-50c5-40bd-b627-2db2eb404c50,,,,,,,,
62939077-8bba-4fb7-97ff-c6b7e1115b59,Hassan,Raza,KFN Holdings,hassan.raza@kfn.com.sa,+966551122334,NEW,LinkedIn,,95,LinkedIn Lead Gen Forms Mock,Enterprise Prefab Buildings,"{""simulated"":true,""linkedin_form_id"":""li_form_993"",""profile_url"":""linkedin.com/in/hassanraza""}",f,f,,,,adc833ad-1be5-41fe-9540-6f265e97aa49,,,,,,0,,email,2026-08-15 03:09:20.75+00,2026-08-15 04:16:07.759+00,eed70aae-cb82-42cc-a98a-d55cdf52d3b8,Hot,f,,0,AUTOMATIC,Reply to Lead,,,adc833ad-1be5-41fe-9540-6f265e97aa49,,,,,,,,
001c7458-2a33-4962-9a9f-e3f7de48c29b,Majed,Al-Otaibi,Riyadh Construction,majed@riyadhconst.com,+966501234567,NEW,Email,,85,Gmail Mock Integration,GCC Site Cabin Campaign,"{""simulated"":true,""headers"":{""from"":""majed@riyadhconst.com"",""subject"":""Quote request for site cabins""}}",f,f,,,,e36adc11-50c5-40bd-b627-2db2eb404c50,,,,,,0,,email,2026-08-15 03:09:22.732+00,2026-08-15 04:16:07.821+00,eed70aae-cb82-42cc-a98a-d55cdf52d3b8,Hot,f,,0,AUTOMATIC,Reply to Lead,,,e36adc11-50c5-40bd-b627-2db2eb404c50,,,,,,,,
8c6ba43f-f1df-49f4-bb25-1bf168e864a3,Yasmin,Qureshi,Designers Hub,yasmin@designershub.com,+971509876543,NEW,Facebook,,85,Meta Ads Lead Form Mock,Prefab Office Ads,"{""simulated"":true,""ad_id"":""meta_ad_prefab_101"",""lead_id"":""fb_lead_55029""}",f,f,,,,c8790cac-50df-4f73-b38d-9f5ae1bf88ce,,,,,,0,,email,2026-08-15 03:09:23.511+00,2026-08-15 04:16:07.883+00,eed70aae-cb82-42cc-a98a-d55cdf52d3b8,Hot,f,,0,AUTOMATIC,Reply to Lead,,,c8790cac-50df-4f73-b38d-9f5ae1bf88ce,,,,,,,,
2bc7116e-579c-44a6-a109-147d3ff58280,Khaled,Al-Masri,Red Sea Dev,khaled@redseadev.sa,+966501234567,NEW,Email,,85,Gmail Mock Integration,GCC Site Cabin Campaign,"{""simulated"":true,""headers"":{""from"":""khaled@redseadev.sa"",""subject"":""Quote request for site cabins""}}",f,f,,,,d495c3f1-f1ca-4a27-b225-1a3bac55381b,,,,,,0,,email,2026-08-15 03:27:23.363+00,2026-08-15 04:16:09.261+00,a7059642-3c33-42b6-9307-4860753ba1cc,Hot,f,,0,AUTOMATIC,Reply to Lead,,,d495c3f1-f1ca-4a27-b225-1a3bac55381b,,,,,,,,
bfc69365-f215-40cc-b7c2-203961b89ae6,Hassan,Raza,KFN Holdings,hassan.raza@kfn.com.sa,+966551122334,NEW,LinkedIn,,95,LinkedIn Lead Gen Forms Mock,Enterprise Prefab Buildings,"{""simulated"":true,""linkedin_form_id"":""li_form_993"",""profile_url"":""linkedin.com/in/hassanraza""}",f,f,,,,adc833ad-1be5-41fe-9540-6f265e97aa49,,,,,,0,,email,2026-08-15 03:27:24.262+00,2026-08-15 04:16:09.323+00,a7059642-3c33-42b6-9307-4860753ba1cc,Hot,f,,0,AUTOMATIC,Reply to Lead,,,adc833ad-1be5-41fe-9540-6f265e97aa49,,,,,,,,
b00bf8c5-5d0c-48a1-8352-34399a8a27d6,Khaled,Al-Masri,Red Sea Dev,khaled@redseadev.sa,+966501234567,NEW,Email,,85,Gmail Mock Integration,GCC Site Cabin Campaign,"{""simulated"":true,""headers"":{""from"":""khaled@redseadev.sa"",""subject"":""Quote request for site cabins""}}",f,f,,,,d495c3f1-f1ca-4a27-b225-1a3bac55381b,,,,,,0,,email,2026-08-15 03:31:21.399+00,2026-08-15 04:16:09.385+00,ef8cd2d6-7fc3-43cc-adbc-a972880998af,Hot,f,,0,AUTOMATIC,Reply to Lead,,,d495c3f1-f1ca-4a27-b225-1a3bac55381b,,,,,,,,
02b94c70-1e43-42bd-99aa-8a325eed02bd,Tariq,Jameel,BuildCorp LLC,tariq@buildcorp.ae,+971509876543,NEW,Facebook,,85,Meta Ads Lead Form Mock,Prefab Office Ads,"{""simulated"":true,""ad_id"":""meta_ad_prefab_101"",""lead_id"":""fb_lead_55029""}",f,f,,,,695729d5-b8d4-4caf-9188-262a2db133aa,,,,,,0,,email,2026-08-15 03:31:21.551+00,2026-08-15 04:16:09.447+00,ef8cd2d6-7fc3-43cc-adbc-a972880998af,Hot,f,,0,AUTOMATIC,Reply to Lead,,,695729d5-b8d4-4caf-9188-262a2db133aa,,,,,,,,
0d494488-eb14-4368-b260-c5d691bf33c4,Hassan,Raza,KFN Holdings,hassan.raza@kfn.com.sa,+966551122334,NEW,LinkedIn,,95,LinkedIn Lead Gen Forms Mock,Enterprise Prefab Buildings,"{""simulated"":true,""linkedin_form_id"":""li_form_993"",""profile_url"":""linkedin.com/in/hassanraza""}",f,f,,,,adc833ad-1be5-41fe-9540-6f265e97aa49,,,,,,0,,email,2026-08-15 03:31:22.022+00,2026-08-15 04:16:09.509+00,ef8cd2d6-7fc3-43cc-adbc-a972880998af,Hot,f,,0,AUTOMATIC,Reply to Lead,,,adc833ad-1be5-41fe-9540-6f265e97aa49,,,,,,,,
256ec692-925f-408a-a6c7-35a91a9ddb5b,Hassan,Raza,KFN Holdings,hassan.raza@kfn.com.sa,+966551122334,NEW,LinkedIn,,95,LinkedIn Lead Gen Forms Mock,Enterprise Prefab Buildings,"{""simulated"":true,""linkedin_form_id"":""li_form_993"",""profile_url"":""linkedin.com/in/hassanraza""}",f,f,,,,adc833ad-1be5-41fe-9540-6f265e97aa49,,,,,,0,,email,2026-08-15 03:39:21.573+00,2026-08-15 04:16:09.571+00,a6b3cb0c-bce8-41fe-8eef-03e0c5490a6f,Hot,f,,0,AUTOMATIC,Reply to Lead,,,adc833ad-1be5-41fe-9540-6f265e97aa49,,,,,,,,
0b1b4fb8-d151-43ee-86a5-c9a91649e1d9,Khaled,Al-Masri,Red Sea Dev,khaled@redseadev.sa,+966501234567,NEW,Email,,85,Gmail Mock Integration,GCC Site Cabin Campaign,"{""simulated"":true,""headers"":{""from"":""khaled@redseadev.sa"",""subject"":""Quote request for site cabins""}}",f,f,,,,d495c3f1-f1ca-4a27-b225-1a3bac55381b,,,,,,0,,email,2026-08-15 03:41:20.158+00,2026-08-15 04:16:09.633+00,a6b3cb0c-bce8-41fe-8eef-03e0c5490a6f,Hot,f,,0,AUTOMATIC,Reply to Lead,,,d495c3f1-f1ca-4a27-b225-1a3bac55381b,,,,,,,,
37da3e99-50d3-4620-ad3a-cd702435906f,Hassan,Raza,KFN Holdings,hassan.raza@kfn.com.sa,+966551122334,NEW,LinkedIn,,95,LinkedIn Lead Gen Forms Mock,Enterprise Prefab Buildings,"{""simulated"":true,""linkedin_form_id"":""li_form_993"",""profile_url"":""linkedin.com/in/hassanraza""}",f,f,,,,adc833ad-1be5-41fe-9540-6f265e97aa49,,,,,,0,,email,2026-08-15 03:11:20.956+00,2026-08-15 04:16:07.946+00,75a47989-b9ac-4733-a4ba-d3568a7b193c,Hot,f,,0,AUTOMATIC,Reply to Lead,,,adc833ad-1be5-41fe-9540-6f265e97aa49,,,,,,,,
77cd2680-f1a9-42e8-966f-d8d5e5484a8f,Khaled,Al-Masri,Red Sea Dev,khaled@redseadev.sa,+966501234567,NEW,Email,,85,Gmail Mock Integration,GCC Site Cabin Campaign,"{""simulated"":true,""headers"":{""from"":""khaled@redseadev.sa"",""subject"":""Quote request for site cabins""}}",f,f,,,,d495c3f1-f1ca-4a27-b225-1a3bac55381b,,,,,,0,,email,2026-08-15 03:11:21.466+00,2026-08-15 04:16:08.008+00,75a47989-b9ac-4733-a4ba-d3568a7b193c,Hot,f,,0,AUTOMATIC,Reply to Lead,,,d495c3f1-f1ca-4a27-b225-1a3bac55381b,,,,,,,,
039332a3-3a40-42bf-b23a-2cc9590a276d,Majed,Al-Otaibi,Riyadh Construction,majed@riyadhconst.com,+966501234567,NEW,Email,,85,Gmail Mock Integration,GCC Site Cabin Campaign,"{""simulated"":true,""headers"":{""from"":""majed@riyadhconst.com"",""subject"":""Quote request for site cabins""}}",f,f,,,,e36adc11-50c5-40bd-b627-2db2eb404c50,,,,,,0,,email,2026-08-15 03:13:18.622+00,2026-08-15 04:16:08.07+00,75a47989-b9ac-4733-a4ba-d3568a7b193c,Hot,f,,0,AUTOMATIC,Reply to Lead,,,e36adc11-50c5-40bd-b627-2db2eb404c50,,,,,,,,
81240959-5b2d-4fd1-a7d2-b8cbde3b7ac9,Tariq,Jameel,BuildCorp LLC,tariq@buildcorp.ae,+971509876543,NEW,Facebook,,85,Meta Ads Lead Form Mock,Prefab Office Ads,"{""simulated"":true,""ad_id"":""meta_ad_prefab_101"",""lead_id"":""fb_lead_55029""}",f,f,,,,695729d5-b8d4-4caf-9188-262a2db133aa,,,,,,0,,email,2026-08-15 03:13:19.807+00,2026-08-15 04:16:08.132+00,75a47989-b9ac-4733-a4ba-d3568a7b193c,Hot,f,,0,AUTOMATIC,Reply to Lead,,,695729d5-b8d4-4caf-9188-262a2db133aa,,,,,,,,
0548185d-9e49-4d94-821f-7a2f74cd5e30,Hassan,Raza,KFN Holdings,hassan.raza@kfn.com.sa,+966551122334,NEW,LinkedIn,,95,LinkedIn Lead Gen Forms Mock,Enterprise Prefab Buildings,"{""simulated"":true,""linkedin_form_id"":""li_form_993"",""profile_url"":""linkedin.com/in/hassanraza""}",f,f,,,,adc833ad-1be5-41fe-9540-6f265e97aa49,,,,,,0,,email,2026-08-15 03:13:20.349+00,2026-08-15 04:16:08.194+00,75a47989-b9ac-4733-a4ba-d3568a7b193c,Hot,f,,0,AUTOMATIC,Reply to Lead,,,adc833ad-1be5-41fe-9540-6f265e97aa49,,,,,,,,
7090b44e-7da8-41de-a304-ed04b10d9fd8,Tariq,Jameel,BuildCorp LLC,tariq@buildcorp.ae,+971509876543,NEW,Facebook,,85,Meta Ads Lead Form Mock,Prefab Office Ads,"{""simulated"":true,""ad_id"":""meta_ad_prefab_101"",""lead_id"":""fb_lead_55029""}",f,f,,,,695729d5-b8d4-4caf-9188-262a2db133aa,,,,,,0,,email,2026-08-15 03:15:18.12+00,2026-08-15 04:16:08.256+00,75a47989-b9ac-4733-a4ba-d3568a7b193c,Hot,f,,0,AUTOMATIC,Reply to Lead,,,695729d5-b8d4-4caf-9188-262a2db133aa,,,,,,,,
46d8cc7d-6593-4d56-8f2a-4a7f0727749e,Saud,Sheik,Saud Sheik,sheiksaud671@gmail.com,,NEW,email,,50,Treadmill,,"{""subject"":""Treadmill"",""body"":""Info"",""recipientEmail"":""Leads@inbound.volvitech.com""}",f,f,,Info,,9b9bd9ba-de1b-4175-9a27-4fb648e379e5,,,,,,0,,email,2026-08-15 03:43:51.414+00,2026-08-15 03:43:51.414+00,8f71bfd4-bcc9-40d6-9621-904c8077d318,Warm,f,,0,AUTOMATIC,Reply to Lead,,,9b9bd9ba-de1b-4175-9a27-4fb648e379e5,,,,,,,,
16043592-525f-4737-9a4f-b9deade39fb2,Majed,Al-Otaibi,Riyadh Construction,majed@riyadhconst.com,+966501234567,NEW,Email,,85,Gmail Mock Integration,GCC Site Cabin Campaign,"{""simulated"":true,""headers"":{""from"":""majed@riyadhconst.com"",""subject"":""Quote request for site cabins""}}",f,f,,,,e36adc11-50c5-40bd-b627-2db2eb404c50,,,,,,0,,email,2026-08-15 03:15:18.176+00,2026-08-15 04:16:08.318+00,75a47989-b9ac-4733-a4ba-d3568a7b193c,Hot,f,,0,AUTOMATIC,Reply to Lead,,,e36adc11-50c5-40bd-b627-2db2eb404c50,,,,,,,,
163ab216-b915-456c-97d9-a047b7a28120,Hassan,Raza,KFN Holdings,hassan.raza@kfn.com.sa,+966551122334,NEW,LinkedIn,,95,LinkedIn Lead Gen Forms Mock,Enterprise Prefab Buildings,"{""simulated"":true,""linkedin_form_id"":""li_form_993"",""profile_url"":""linkedin.com/in/hassanraza""}",f,f,,,,adc833ad-1be5-41fe-9540-6f265e97aa49,,,,,,0,,email,2026-08-15 03:17:19.564+00,2026-08-15 04:16:08.381+00,a6b3cb0c-bce8-41fe-8eef-03e0c5490a6f,Hot,f,,0,AUTOMATIC,Reply to Lead,,,adc833ad-1be5-41fe-9540-6f265e97aa49,,,,,,,,
67d25147-3d54-428b-b6ba-1043cbd0d094,Khaled,Al-Masri,Red Sea Dev,khaled@redseadev.sa,+966501234567,NEW,Email,,85,Gmail Mock Integration,GCC Site Cabin Campaign,"{""simulated"":true,""headers"":{""from"":""khaled@redseadev.sa"",""subject"":""Quote request for site cabins""}}",f,f,,,,d495c3f1-f1ca-4a27-b225-1a3bac55381b,,,,,,0,,email,2026-08-15 03:17:20.429+00,2026-08-15 04:16:08.451+00,a6b3cb0c-bce8-41fe-8eef-03e0c5490a6f,Hot,f,,0,AUTOMATIC,Reply to Lead,,,d495c3f1-f1ca-4a27-b225-1a3bac55381b,,,,,,,,
09f9c9cb-f0a7-4b62-8c92-4af657eb0262,Yasmin,Qureshi,Designers Hub,yasmin@designershub.com,+971509876543,NEW,Facebook,,85,Meta Ads Lead Form Mock,Prefab Office Ads,"{""simulated"":true,""ad_id"":""meta_ad_prefab_101"",""lead_id"":""fb_lead_55029""}",f,f,,,,c8790cac-50df-4f73-b38d-9f5ae1bf88ce,,,,,,0,,email,2026-08-15 03:17:20.997+00,2026-08-15 04:16:08.513+00,a6b3cb0c-bce8-41fe-8eef-03e0c5490a6f,Hot,f,,0,AUTOMATIC,Reply to Lead,,,c8790cac-50df-4f73-b38d-9f5ae1bf88ce,,,,,,,,
ff677510-fe12-40d4-afc6-1b584e841349,Tariq,Jameel,BuildCorp LLC,tariq@buildcorp.ae,+971509876543,NEW,Facebook,,85,Meta Ads Lead Form Mock,Prefab Office Ads,"{""simulated"":true,""ad_id"":""meta_ad_prefab_101"",""lead_id"":""fb_lead_55029""}",f,f,,,,695729d5-b8d4-4caf-9188-262a2db133aa,,,,,,0,,email,2026-08-15 03:19:21.042+00,2026-08-15 04:16:08.575+00,a6b3cb0c-bce8-41fe-8eef-03e0c5490a6f,Hot,f,,0,AUTOMATIC,Reply to Lead,,,695729d5-b8d4-4caf-9188-262a2db133aa,,,,,,,,
93b3ec64-5908-4c2c-9d00-f8b83c52012f,Yasmin,Qureshi,Designers Hub,yasmin@designershub.com,+971509876543,NEW,Facebook,,85,Meta Ads Lead Form Mock,Prefab Office Ads,"{""simulated"":true,""ad_id"":""meta_ad_prefab_101"",""lead_id"":""fb_lead_55029""}",f,f,,,,c8790cac-50df-4f73-b38d-9f5ae1bf88ce,,,,,,0,,email,2026-08-15 03:21:20.448+00,2026-08-15 04:16:08.638+00,a6b3cb0c-bce8-41fe-8eef-03e0c5490a6f,Hot,f,,0,AUTOMATIC,Reply to Lead,,,c8790cac-50df-4f73-b38d-9f5ae1bf88ce,,,,,,,,
554e25f9-5a55-4462-a9da-1d7b3628370c,Majed,Al-Otaibi,Riyadh Construction,majed@riyadhconst.com,+966501234567,NEW,Email,,85,Gmail Mock Integration,GCC Site Cabin Campaign,"{""simulated"":true,""headers"":{""from"":""majed@riyadhconst.com"",""subject"":""Quote request for site cabins""}}",f,f,,,,e36adc11-50c5-40bd-b627-2db2eb404c50,,,,,,0,,email,2026-08-15 03:21:21.45+00,2026-08-15 04:16:08.7+00,255f20c1-f5f7-4cfc-b3c4-0c60e657b640,Hot,f,,0,AUTOMATIC,Reply to Lead,,,e36adc11-50c5-40bd-b627-2db2eb404c50,,,,,,,,
e9cc737c-10c8-4ab0-b5c3-c2984e595225,Khaled,Al-Masri,Red Sea Dev,khaled@redseadev.sa,+966501234567,NEW,Email,,85,Gmail Mock Integration,GCC Site Cabin Campaign,"{""simulated"":true,""headers"":{""from"":""khaled@redseadev.sa"",""subject"":""Quote request for site cabins""}}",f,f,,,,d495c3f1-f1ca-4a27-b225-1a3bac55381b,,,,,,0,,email,2026-08-15 03:35:21.032+00,2026-08-15 04:16:09.074+00,ef8cd2d6-7fc3-43cc-adbc-a972880998af,Hot,f,,0,AUTOMATIC,Reply to Lead,,,d495c3f1-f1ca-4a27-b225-1a3bac55381b,,,,,,,,
48369901-ba2a-4688-b426-97838928dac1,Tariq,Jameel,BuildCorp LLC,tariq@buildcorp.ae,+971509876543,NEW,Facebook,,85,Meta Ads Lead Form Mock,Prefab Office Ads,"{""simulated"":true,""ad_id"":""meta_ad_prefab_101"",""lead_id"":""fb_lead_55029""}",f,f,,,,695729d5-b8d4-4caf-9188-262a2db133aa,,,,,,0,,email,2026-08-15 03:39:20.171+00,2026-08-15 04:16:09.137+00,a6b3cb0c-bce8-41fe-8eef-03e0c5490a6f,Hot,f,,0,AUTOMATIC,Reply to Lead,,,695729d5-b8d4-4caf-9188-262a2db133aa,,,,,,,,
110213cb-a65f-43d1-b709-bd259b925b22,Khaled,Al-Masri,Red Sea Dev,khaled@redseadev.sa,+966501234567,NEW,Email,,85,Gmail Mock Integration,GCC Site Cabin Campaign,"{""simulated"":true,""headers"":{""from"":""khaled@redseadev.sa"",""subject"":""Quote request for site cabins""}}",f,f,,,,d495c3f1-f1ca-4a27-b225-1a3bac55381b,,,,,,0,,email,2026-08-15 03:39:20.312+00,2026-08-15 04:16:09.199+00,a6b3cb0c-bce8-41fe-8eef-03e0c5490a6f,Hot,f,,0,AUTOMATIC,Reply to Lead,,,d495c3f1-f1ca-4a27-b225-1a3bac55381b,,,,,,,,
fbf498f2-b933-4c1c-8cd0-03107afaa24b,Kane,Unknown,Kane Unknown,kane@gmail.com,56464548,NEW,Instagram,,75,Bio Link Form,Instagram Bio,"{""firstName"":""Kane"",""lastName"":""Unknown"",""phone"":""56464548"",""email"":""kane@gmail.com"",""message"":""Service Needed: Portable Setup Sales\n\nI need info related to your prices for treadmill"",""source"":""Instagram"",""sourceDetail"":""Bio Link Form"",""campaign"":""Instagram Bio""}",f,f,,"Service Needed: Portable Setup Sales

I need info related to your prices for treadmill",,b5138ce0-6fd2-4fc6-84a7-1052adccacd6,,,,,,0,,email,2026-08-15 03:42:08.253+00,2026-08-15 03:42:44.386+00,e059410e-b03d-4110-8dda-7e2322730e05,Warm,f,,0,AUTOMATIC,Reply to Lead,,,b5138ce0-6fd2-4fc6-84a7-1052adccacd6,,,,,,,,
b419fee9-99d5-45ca-8eea-6660a5256d62,Khaled,Al-Masri,Red Sea Dev,khaled@redseadev.sa,+966501234567,NEW,Email,,85,Gmail Mock Integration,GCC Site Cabin Campaign,"{""simulated"":true,""headers"":{""from"":""khaled@redseadev.sa"",""subject"":""Quote request for site cabins""}}",f,f,,,,d495c3f1-f1ca-4a27-b225-1a3bac55381b,,,,,,0,,email,2026-08-15 03:29:19.31+00,2026-08-15 04:16:09.757+00,a7059642-3c33-42b6-9307-4860753ba1cc,Hot,f,,0,AUTOMATIC,Reply to Lead,,,d495c3f1-f1ca-4a27-b225-1a3bac55381b,,,,,,,,
8892ea7f-7e75-4936-8cae-70500f721d39,Yasmin,Qureshi,Designers Hub,yasmin@designershub.com,+971509876543,NEW,Facebook,,85,Meta Ads Lead Form Mock,Prefab Office Ads,"{""simulated"":true,""ad_id"":""meta_ad_prefab_101"",""lead_id"":""fb_lead_55029""}",f,f,,,,c8790cac-50df-4f73-b38d-9f5ae1bf88ce,,,,,,0,,email,2026-08-15 03:29:20.967+00,2026-08-15 04:16:09.819+00,a7059642-3c33-42b6-9307-4860753ba1cc,Hot,f,,0,AUTOMATIC,Reply to Lead,,,c8790cac-50df-4f73-b38d-9f5ae1bf88ce,,,,,,,,
3ef4b41e-0d70-4ade-8921-c67013ee24f0,Hassan,Raza,KFN Holdings,hassan.raza@kfn.com.sa,+966551122334,NEW,LinkedIn,,95,LinkedIn Lead Gen Forms Mock,Enterprise Prefab Buildings,"{""simulated"":true,""linkedin_form_id"":""li_form_993"",""profile_url"":""linkedin.com/in/hassanraza""}",f,f,,,,adc833ad-1be5-41fe-9540-6f265e97aa49,,,,,,0,,email,2026-08-15 03:29:22.516+00,2026-08-15 04:16:09.881+00,a7059642-3c33-42b6-9307-4860753ba1cc,Hot,f,,0,AUTOMATIC,Reply to Lead,,,adc833ad-1be5-41fe-9540-6f265e97aa49,,,,,,,,
561bd4b3-a008-42d5-9724-c696a9b1ca4c,Khaled,Al-Masri,Red Sea Dev,khaled@redseadev.sa,+966501234567,NEW,Email,,85,Gmail Mock Integration,GCC Site Cabin Campaign,"{""simulated"":true,""headers"":{""from"":""khaled@redseadev.sa"",""subject"":""Quote request for site cabins""}}",f,f,,,,d495c3f1-f1ca-4a27-b225-1a3bac55381b,,,,,,0,,email,2026-08-15 03:33:19.321+00,2026-08-15 04:16:09.943+00,ef8cd2d6-7fc3-43cc-adbc-a972880998af,Hot,f,,0,AUTOMATIC,Reply to Lead,,,d495c3f1-f1ca-4a27-b225-1a3bac55381b,,,,,,,,
20266a39-72d3-4bae-b892-1a4220fd8a47,Yasmin,Qureshi,Designers Hub,yasmin@designershub.com,+971509876543,NEW,Facebook,,85,Meta Ads Lead Form Mock,Prefab Office Ads,"{""simulated"":true,""ad_id"":""meta_ad_prefab_101"",""lead_id"":""fb_lead_55029""}",f,f,,,,c8790cac-50df-4f73-b38d-9f5ae1bf88ce,,,,,,0,,email,2026-08-15 03:33:20.913+00,2026-08-15 04:16:10.005+00,ef8cd2d6-7fc3-43cc-adbc-a972880998af,Hot,f,,0,AUTOMATIC,Reply to Lead,,,c8790cac-50df-4f73-b38d-9f5ae1bf88ce,,,,,,,,
761455fa-6aea-4789-9021-bb2ee806eac9,Hassan,Raza,KFN Holdings,hassan.raza@kfn.com.sa,+966551122334,NEW,LinkedIn,,95,LinkedIn Lead Gen Forms Mock,Enterprise Prefab Buildings,"{""simulated"":true,""linkedin_form_id"":""li_form_993"",""profile_url"":""linkedin.com/in/hassanraza""}",f,f,,,,adc833ad-1be5-41fe-9540-6f265e97aa49,,,,,,0,,email,2026-08-15 03:33:21.504+00,2026-08-15 04:16:10.067+00,ef8cd2d6-7fc3-43cc-adbc-a972880998af,Hot,f,,0,AUTOMATIC,Reply to Lead,,,adc833ad-1be5-41fe-9540-6f265e97aa49,,,,,,,,
fa92843d-a3a0-408f-a5fc-37ad335be169,Tariq,Jameel,BuildCorp LLC,tariq@buildcorp.ae,+971509876543,NEW,Facebook,,85,Meta Ads Lead Form Mock,Prefab Office Ads,"{""simulated"":true,""ad_id"":""meta_ad_prefab_101"",""lead_id"":""fb_lead_55029""}",f,f,,,,695729d5-b8d4-4caf-9188-262a2db133aa,,,,,,0,,email,2026-08-15 03:35:19.131+00,2026-08-15 04:16:10.129+00,ef8cd2d6-7fc3-43cc-adbc-a972880998af,Hot,f,,0,AUTOMATIC,Reply to Lead,,,695729d5-b8d4-4caf-9188-262a2db133aa,,,,,,,,
83d52efc-98ff-4ca1-a053-0b5c045fcb60,Hassan,Raza,KFN Holdings,hassan.raza@kfn.com.sa,+966551122334,NEW,LinkedIn,,95,LinkedIn Lead Gen Forms Mock,Enterprise Prefab Buildings,"{""simulated"":true,""linkedin_form_id"":""li_form_993"",""profile_url"":""linkedin.com/in/hassanraza""}",f,f,,,,adc833ad-1be5-41fe-9540-6f265e97aa49,,,,,,0,,email,2026-08-15 03:45:19.938+00,2026-08-15 04:16:10.873+00,7df2b1eb-287b-4790-bc51-271d444a3d4e,Hot,f,,0,AUTOMATIC,Reply to Lead,,,adc833ad-1be5-41fe-9540-6f265e97aa49,,,,,,,,
c9e0cce4-ed53-4a4c-9987-fc1c01c6b183,Yasmin,Qureshi,Designers Hub,yasmin@designershub.com,+971509876543,NEW,Facebook,,85,Meta Ads Lead Form Mock,Prefab Office Ads,"{""simulated"":true,""ad_id"":""meta_ad_prefab_101"",""lead_id"":""fb_lead_55029""}",f,f,,,,c8790cac-50df-4f73-b38d-9f5ae1bf88ce,,,,,,0,,email,2026-08-15 03:47:21.094+00,2026-08-15 04:16:10.935+00,8fc38563-4b63-4f74-ab98-7e32e5476ef7,Hot,f,,0,AUTOMATIC,Reply to Lead,,,c8790cac-50df-4f73-b38d-9f5ae1bf88ce,,,,,,,,
12019960-6a2a-42f0-96a3-6bd53f920f97,Hassan,Raza,KFN Holdings,hassan.raza@kfn.com.sa,+966551122334,NEW,LinkedIn,,95,LinkedIn Lead Gen Forms Mock,Enterprise Prefab Buildings,"{""simulated"":true,""linkedin_form_id"":""li_form_993"",""profile_url"":""linkedin.com/in/hassanraza""}",f,f,,,,adc833ad-1be5-41fe-9540-6f265e97aa49,,,,,,0,,email,2026-08-15 03:47:21.238+00,2026-08-15 04:16:10.998+00,8fc38563-4b63-4f74-ab98-7e32e5476ef7,Hot,f,,0,AUTOMATIC,Reply to Lead,,,adc833ad-1be5-41fe-9540-6f265e97aa49,,,,,,,,
dfbfd9b7-8c6f-4bf2-9815-cc76ddb3cc78,Tariq,Jameel,BuildCorp LLC,tariq@buildcorp.ae,+971509876543,NEW,Facebook,,85,Meta Ads Lead Form Mock,Prefab Office Ads,"{""simulated"":true,""ad_id"":""meta_ad_prefab_101"",""lead_id"":""fb_lead_55029""}",f,f,,,,695729d5-b8d4-4caf-9188-262a2db133aa,,,,,,0,,email,2026-08-15 03:49:23.062+00,2026-08-15 04:16:11.06+00,8fc38563-4b63-4f74-ab98-7e32e5476ef7,Hot,f,,0,AUTOMATIC,Reply to Lead,,,695729d5-b8d4-4caf-9188-262a2db133aa,,,,,,,,
aefe9f78-d582-4a54-a6c1-bba94c5fe20f,Hassan,Raza,KFN Holdings,hassan.raza@kfn.com.sa,+966551122334,NEW,LinkedIn,,95,LinkedIn Lead Gen Forms Mock,Enterprise Prefab Buildings,"{""simulated"":true,""linkedin_form_id"":""li_form_993"",""profile_url"":""linkedin.com/in/hassanraza""}",f,f,,,,adc833ad-1be5-41fe-9540-6f265e97aa49,,,,,,0,,email,2026-08-15 03:49:23.619+00,2026-08-15 04:16:11.121+00,8fc38563-4b63-4f74-ab98-7e32e5476ef7,Hot,f,,0,AUTOMATIC,Reply to Lead,,,adc833ad-1be5-41fe-9540-6f265e97aa49,,,,,,,,
dcb7274c-4465-46a5-aa71-0cc27eaa6088,Tariq,Jameel,BuildCorp LLC,tariq@buildcorp.ae,+971509876543,NEW,Facebook,,85,Meta Ads Lead Form Mock,Prefab Office Ads,"{""simulated"":true,""ad_id"":""meta_ad_prefab_101"",""lead_id"":""fb_lead_55029""}",f,f,,,,695729d5-b8d4-4caf-9188-262a2db133aa,,,,,,0,,email,2026-08-15 03:51:18.965+00,2026-08-15 04:16:11.183+00,8fc38563-4b63-4f74-ab98-7e32e5476ef7,Hot,f,,0,AUTOMATIC,Reply to Lead,,,695729d5-b8d4-4caf-9188-262a2db133aa,,,,,,,,
f0dee9de-66bf-4588-b44f-b6ba4b075842,Hassan,Raza,KFN Holdings,hassan.raza@kfn.com.sa,+966551122334,NEW,LinkedIn,,95,LinkedIn Lead Gen Forms Mock,Enterprise Prefab Buildings,"{""simulated"":true,""linkedin_form_id"":""li_form_993"",""profile_url"":""linkedin.com/in/hassanraza""}",f,f,,,,adc833ad-1be5-41fe-9540-6f265e97aa49,,,,,,0,,email,2026-08-15 03:35:21.357+00,2026-08-15 04:16:10.191+00,ef8cd2d6-7fc3-43cc-adbc-a972880998af,Hot,f,,0,AUTOMATIC,Reply to Lead,,,adc833ad-1be5-41fe-9540-6f265e97aa49,,,,,,,,
a59a1a98-552b-4773-8d80-1eef38babef8,Hassan,Raza,KFN Holdings,hassan.raza@kfn.com.sa,+966551122334,NEW,LinkedIn,,95,LinkedIn Lead Gen Forms Mock,Enterprise Prefab Buildings,"{""simulated"":true,""linkedin_form_id"":""li_form_993"",""profile_url"":""linkedin.com/in/hassanraza""}",f,f,,,,adc833ad-1be5-41fe-9540-6f265e97aa49,,,,,,0,,email,2026-08-15 03:37:18.452+00,2026-08-15 04:16:10.254+00,eed70aae-cb82-42cc-a98a-d55cdf52d3b8,Hot,f,,0,AUTOMATIC,Reply to Lead,,,adc833ad-1be5-41fe-9540-6f265e97aa49,,,,,,,,
2bbfb93c-a61c-4704-890f-606e7056d131,Majed,Al-Otaibi,Riyadh Construction,majed@riyadhconst.com,+966501234567,NEW,Email,,85,Gmail Mock Integration,GCC Site Cabin Campaign,"{""simulated"":true,""headers"":{""from"":""majed@riyadhconst.com"",""subject"":""Quote request for site cabins""}}",f,f,,,,e36adc11-50c5-40bd-b627-2db2eb404c50,,,,,,0,,email,2026-08-15 03:37:18.515+00,2026-08-15 04:16:10.315+00,eed70aae-cb82-42cc-a98a-d55cdf52d3b8,Hot,f,,0,AUTOMATIC,Reply to Lead,,,e36adc11-50c5-40bd-b627-2db2eb404c50,,,,,,,,
73bbb084-de88-4c04-af1f-0a8038b20266,Tariq,Jameel,BuildCorp LLC,tariq@buildcorp.ae,+971509876543,NEW,Facebook,,85,Meta Ads Lead Form Mock,Prefab Office Ads,"{""simulated"":true,""ad_id"":""meta_ad_prefab_101"",""lead_id"":""fb_lead_55029""}",f,f,,,,695729d5-b8d4-4caf-9188-262a2db133aa,,,,,,0,,email,2026-08-15 03:37:21.887+00,2026-08-15 04:16:10.377+00,eed70aae-cb82-42cc-a98a-d55cdf52d3b8,Hot,f,,0,AUTOMATIC,Reply to Lead,,,695729d5-b8d4-4caf-9188-262a2db133aa,,,,,,,,
c626c739-dfd8-4b60-a2eb-36b8634f54da,Tariq,Jameel,BuildCorp LLC,tariq@buildcorp.ae,+971509876543,NEW,Facebook,,85,Meta Ads Lead Form Mock,Prefab Office Ads,"{""simulated"":true,""ad_id"":""meta_ad_prefab_101"",""lead_id"":""fb_lead_55029""}",f,f,,,,695729d5-b8d4-4caf-9188-262a2db133aa,,,,,,0,,email,2026-08-15 03:41:20.219+00,2026-08-15 04:16:10.439+00,a6b3cb0c-bce8-41fe-8eef-03e0c5490a6f,Hot,f,,0,AUTOMATIC,Reply to Lead,,,695729d5-b8d4-4caf-9188-262a2db133aa,,,,,,,,
b86ab0f5-e0ec-430f-9a1c-a2a07bdaa137,Hassan,Raza,KFN Holdings,hassan.raza@kfn.com.sa,+966551122334,NEW,LinkedIn,,95,LinkedIn Lead Gen Forms Mock,Enterprise Prefab Buildings,"{""simulated"":true,""linkedin_form_id"":""li_form_993"",""profile_url"":""linkedin.com/in/hassanraza""}",f,f,,,,adc833ad-1be5-41fe-9540-6f265e97aa49,,,,,,0,,email,2026-08-15 03:41:21.44+00,2026-08-15 04:16:10.502+00,a6b3cb0c-bce8-41fe-8eef-03e0c5490a6f,Hot,f,,0,AUTOMATIC,Reply to Lead,,,adc833ad-1be5-41fe-9540-6f265e97aa49,,,,,,,,
24fc70eb-da79-475f-b546-3fef4cea6562,Hassan,Raza,KFN Holdings,hassan.raza@kfn.com.sa,+966551122334,NEW,LinkedIn,,95,LinkedIn Lead Gen Forms Mock,Enterprise Prefab Buildings,"{""simulated"":true,""linkedin_form_id"":""li_form_993"",""profile_url"":""linkedin.com/in/hassanraza""}",f,f,,,,adc833ad-1be5-41fe-9540-6f265e97aa49,,,,,,0,,email,2026-08-15 03:43:20.281+00,2026-08-15 04:16:10.564+00,a6b3cb0c-bce8-41fe-8eef-03e0c5490a6f,Hot,f,,0,AUTOMATIC,Reply to Lead,,,adc833ad-1be5-41fe-9540-6f265e97aa49,,,,,,,,
f51a84ab-e43d-4c02-addb-47397fdea3a2,Yasmin,Qureshi,Designers Hub,yasmin@designershub.com,+971509876543,NEW,Facebook,,85,Meta Ads Lead Form Mock,Prefab Office Ads,"{""simulated"":true,""ad_id"":""meta_ad_prefab_101"",""lead_id"":""fb_lead_55029""}",f,f,,,,c8790cac-50df-4f73-b38d-9f5ae1bf88ce,,,,,,0,,email,2026-08-15 03:43:22.13+00,2026-08-15 04:16:10.626+00,a6b3cb0c-bce8-41fe-8eef-03e0c5490a6f,Hot,f,,0,AUTOMATIC,Reply to Lead,,,c8790cac-50df-4f73-b38d-9f5ae1bf88ce,,,,,,,,
9d6f9816-675c-40a6-a9de-1d0637f85dc2,Khaled,Al-Masri,Red Sea Dev,khaled@redseadev.sa,+966501234567,NEW,Email,,85,Gmail Mock Integration,GCC Site Cabin Campaign,"{""simulated"":true,""headers"":{""from"":""khaled@redseadev.sa"",""subject"":""Quote request for site cabins""}}",f,f,,,,d495c3f1-f1ca-4a27-b225-1a3bac55381b,,,,,,0,,email,2026-08-15 03:47:18.886+00,2026-08-15 04:16:11.805+00,8fc38563-4b63-4f74-ab98-7e32e5476ef7,Hot,f,,0,AUTOMATIC,Reply to Lead,,,d495c3f1-f1ca-4a27-b225-1a3bac55381b,,,,,,,,
ddcec4c1-9e62-4944-bd02-46cbb6630763,Tariq,Jameel,BuildCorp LLC,tariq@buildcorp.ae,+971509876543,NEW,Facebook,,85,Meta Ads Lead Form Mock,Prefab Office Ads,"{""simulated"":true,""ad_id"":""meta_ad_prefab_101"",""lead_id"":""fb_lead_55029""}",f,f,,,,695729d5-b8d4-4caf-9188-262a2db133aa,,,,,,0,,email,2026-08-15 04:01:18.514+00,2026-08-15 04:16:11.868+00,d71890f9-1f96-4d1d-be3b-bdd6832be466,Hot,f,,0,AUTOMATIC,Reply to Lead,,,695729d5-b8d4-4caf-9188-262a2db133aa,,,,,,,,
c0c167e7-d42e-422d-a669-7ea7a2912c05,Tariq,Jameel,BuildCorp LLC,tariq@buildcorp.ae,+971509876543,NEW,Facebook,,85,Meta Ads Lead Form Mock,Prefab Office Ads,"{""simulated"":true,""ad_id"":""meta_ad_prefab_101"",""lead_id"":""fb_lead_55029""}",f,f,,,,695729d5-b8d4-4caf-9188-262a2db133aa,,,,,,0,,email,2026-08-15 04:03:18.592+00,2026-08-15 04:16:11.93+00,d71890f9-1f96-4d1d-be3b-bdd6832be466,Hot,f,,0,AUTOMATIC,Reply to Lead,,,695729d5-b8d4-4caf-9188-262a2db133aa,,,,,,,,
e6d09717-9df4-4fbf-b782-729559a5567b,Khaled,Al-Masri,Red Sea Dev,khaled@redseadev.sa,+966501234567,NEW,Email,,85,Gmail Mock Integration,GCC Site Cabin Campaign,"{""simulated"":true,""headers"":{""from"":""khaled@redseadev.sa"",""subject"":""Quote request for site cabins""}}",f,f,,,,d495c3f1-f1ca-4a27-b225-1a3bac55381b,,,,,,0,,email,2026-08-15 04:03:18.648+00,2026-08-15 04:16:11.992+00,d71890f9-1f96-4d1d-be3b-bdd6832be466,Hot,f,,0,AUTOMATIC,Reply to Lead,,,d495c3f1-f1ca-4a27-b225-1a3bac55381b,,,,,,,,
d453484a-8a08-4d09-a56d-c30264e91a18,Khaled,Al-Masri,Red Sea Dev,khaled@redseadev.sa,+966501234567,NEW,Email,,85,Gmail Mock Integration,GCC Site Cabin Campaign,"{""simulated"":true,""headers"":{""from"":""khaled@redseadev.sa"",""subject"":""Quote request for site cabins""}}",f,f,,,,d495c3f1-f1ca-4a27-b225-1a3bac55381b,,,,,,0,,email,2026-08-15 03:43:23.216+00,2026-08-15 04:16:10.688+00,a6b3cb0c-bce8-41fe-8eef-03e0c5490a6f,Hot,f,,0,AUTOMATIC,Reply to Lead,,,d495c3f1-f1ca-4a27-b225-1a3bac55381b,,,,,,,,
b4365613-1405-494e-910d-d75c253dcd58,Yasmin,Qureshi,Designers Hub,yasmin@designershub.com,+971509876543,NEW,Facebook,,85,Meta Ads Lead Form Mock,Prefab Office Ads,"{""simulated"":true,""ad_id"":""meta_ad_prefab_101"",""lead_id"":""fb_lead_55029""}",f,f,,,,c8790cac-50df-4f73-b38d-9f5ae1bf88ce,,,,,,0,,email,2026-08-15 03:45:19.345+00,2026-08-15 04:16:10.75+00,7df2b1eb-287b-4790-bc51-271d444a3d4e,Hot,f,,0,AUTOMATIC,Reply to Lead,,,c8790cac-50df-4f73-b38d-9f5ae1bf88ce,,,,,,,,
39cf9c9e-54bc-4d10-9e8c-12ba0c87fb1e,Majed,Al-Otaibi,Riyadh Construction,majed@riyadhconst.com,+966501234567,NEW,Email,,85,Gmail Mock Integration,GCC Site Cabin Campaign,"{""simulated"":true,""headers"":{""from"":""majed@riyadhconst.com"",""subject"":""Quote request for site cabins""}}",f,f,,,,e36adc11-50c5-40bd-b627-2db2eb404c50,,,,,,0,,email,2026-08-15 03:45:19.462+00,2026-08-15 04:16:10.812+00,7df2b1eb-287b-4790-bc51-271d444a3d4e,Hot,f,,0,AUTOMATIC,Reply to Lead,,,e36adc11-50c5-40bd-b627-2db2eb404c50,,,,,,,,
9b4baa88-957e-4fbb-b21e-4dab7074dc2b,Majed,Al-Otaibi,Riyadh Construction,majed@riyadhconst.com,+966501234567,NEW,Email,,85,Gmail Mock Integration,GCC Site Cabin Campaign,"{""simulated"":true,""headers"":{""from"":""majed@riyadhconst.com"",""subject"":""Quote request for site cabins""}}",f,f,,,,e36adc11-50c5-40bd-b627-2db2eb404c50,,,,,,0,,email,2026-08-15 03:51:19.023+00,2026-08-15 04:16:11.245+00,8fc38563-4b63-4f74-ab98-7e32e5476ef7,Hot,f,,0,AUTOMATIC,Reply to Lead,,,e36adc11-50c5-40bd-b627-2db2eb404c50,,,,,,,,
adb1cc51-6d43-4755-85b0-56b300d88c71,Tariq,Jameel,BuildCorp LLC,tariq@buildcorp.ae,+971509876543,NEW,Facebook,,85,Meta Ads Lead Form Mock,Prefab Office Ads,"{""simulated"":true,""ad_id"":""meta_ad_prefab_101"",""lead_id"":""fb_lead_55029""}",f,f,,,,695729d5-b8d4-4caf-9188-262a2db133aa,,,,,,0,,email,2026-08-15 03:53:19.069+00,2026-08-15 04:16:11.307+00,75a47989-b9ac-4733-a4ba-d3568a7b193c,Hot,f,,0,AUTOMATIC,Reply to Lead,,,695729d5-b8d4-4caf-9188-262a2db133aa,,,,,,,,
46c890ad-1110-4d7c-822b-c6d2b2a34c50,Khaled,Al-Masri,Red Sea Dev,khaled@redseadev.sa,+966501234567,NEW,Email,,85,Gmail Mock Integration,GCC Site Cabin Campaign,"{""simulated"":true,""headers"":{""from"":""khaled@redseadev.sa"",""subject"":""Quote request for site cabins""}}",f,f,,,,d495c3f1-f1ca-4a27-b225-1a3bac55381b,,,,,,0,,email,2026-08-15 03:53:19.128+00,2026-08-15 04:16:11.369+00,75a47989-b9ac-4733-a4ba-d3568a7b193c,Hot,f,,0,AUTOMATIC,Reply to Lead,,,d495c3f1-f1ca-4a27-b225-1a3bac55381b,,,,,,,,
7cf44acd-aac6-40bf-afbb-cab2c6812c92,Hassan,Raza,KFN Holdings,hassan.raza@kfn.com.sa,+966551122334,NEW,LinkedIn,,95,LinkedIn Lead Gen Forms Mock,Enterprise Prefab Buildings,"{""simulated"":true,""linkedin_form_id"":""li_form_993"",""profile_url"":""linkedin.com/in/hassanraza""}",f,f,,,,adc833ad-1be5-41fe-9540-6f265e97aa49,,,,,,0,,email,2026-08-15 03:55:19.007+00,2026-08-15 04:16:11.431+00,75a47989-b9ac-4733-a4ba-d3568a7b193c,Hot,f,,0,AUTOMATIC,Reply to Lead,,,adc833ad-1be5-41fe-9540-6f265e97aa49,,,,,,,,
57a9157f-defa-4ab9-8ea6-fffbdee4dfd6,Tariq,Jameel,BuildCorp LLC,tariq@buildcorp.ae,+971509876543,NEW,Facebook,,85,Meta Ads Lead Form Mock,Prefab Office Ads,"{""simulated"":true,""ad_id"":""meta_ad_prefab_101"",""lead_id"":""fb_lead_55029""}",f,f,,,,695729d5-b8d4-4caf-9188-262a2db133aa,,,,,,0,,email,2026-08-15 03:55:21.442+00,2026-08-15 04:16:11.493+00,75a47989-b9ac-4733-a4ba-d3568a7b193c,Hot,f,,0,AUTOMATIC,Reply to Lead,,,695729d5-b8d4-4caf-9188-262a2db133aa,,,,,,,,
e2ceb52c-4f41-460a-9578-7064e1194786,Khaled,Al-Masri,Red Sea Dev,khaled@redseadev.sa,+966501234567,NEW,Email,,85,Gmail Mock Integration,GCC Site Cabin Campaign,"{""simulated"":true,""headers"":{""from"":""khaled@redseadev.sa"",""subject"":""Quote request for site cabins""}}",f,f,,,,d495c3f1-f1ca-4a27-b225-1a3bac55381b,,,,,,0,,email,2026-08-15 03:55:21.664+00,2026-08-15 04:16:11.555+00,75a47989-b9ac-4733-a4ba-d3568a7b193c,Hot,f,,0,AUTOMATIC,Reply to Lead,,,d495c3f1-f1ca-4a27-b225-1a3bac55381b,,,,,,,,
ebe91fc7-a0b5-4546-86ce-902190ea1e82,Majed,Al-Otaibi,Riyadh Construction,majed@riyadhconst.com,+966501234567,NEW,Email,,85,Gmail Mock Integration,GCC Site Cabin Campaign,"{""simulated"":true,""headers"":{""from"":""majed@riyadhconst.com"",""subject"":""Quote request for site cabins""}}",f,f,,,,e36adc11-50c5-40bd-b627-2db2eb404c50,,,,,,0,,email,2026-08-15 03:57:18.938+00,2026-08-15 04:16:11.617+00,255f20c1-f5f7-4cfc-b3c4-0c60e657b640,Hot,f,,0,AUTOMATIC,Reply to Lead,,,e36adc11-50c5-40bd-b627-2db2eb404c50,,,,,,,,
2ab36735-4cdf-4ed1-bbac-70f89a63968e,Hassan,Raza,KFN Holdings,hassan.raza@kfn.com.sa,+966551122334,NEW,LinkedIn,,95,LinkedIn Lead Gen Forms Mock,Enterprise Prefab Buildings,"{""simulated"":true,""linkedin_form_id"":""li_form_993"",""profile_url"":""linkedin.com/in/hassanraza""}",f,f,,,,adc833ad-1be5-41fe-9540-6f265e97aa49,,,,,,0,,email,2026-08-15 03:57:21.115+00,2026-08-15 04:16:11.679+00,255f20c1-f5f7-4cfc-b3c4-0c60e657b640,Hot,f,,0,AUTOMATIC,Reply to Lead,,,adc833ad-1be5-41fe-9540-6f265e97aa49,,,,,,,,
59257c83-738d-4913-bd44-06af31aeebb5,Khaled,Al-Masri,Red Sea Dev,khaled@redseadev.sa,+966501234567,NEW,Email,,85,Gmail Mock Integration,GCC Site Cabin Campaign,"{""simulated"":true,""headers"":{""from"":""khaled@redseadev.sa"",""subject"":""Quote request for site cabins""}}",f,f,,,,d495c3f1-f1ca-4a27-b225-1a3bac55381b,,,,,,0,,email,2026-08-15 03:59:19.381+00,2026-08-15 04:16:11.741+00,75a47989-b9ac-4733-a4ba-d3568a7b193c,Hot,f,,0,AUTOMATIC,Reply to Lead,,,d495c3f1-f1ca-4a27-b225-1a3bac55381b,,,,,,,,
fb812e18-d696-4b24-8e89-36e7cbd9f3b5,Michael,Hill,PepsiCo Global Corp 1786516750097,mhill_1786516750097@pepsico.com,,NEW,WhatsApp,,90,,,,f,f,,,,d860ab7a-4b82-4bcc-b94f-6700a436b91f,LD-2026-00579,,,,,0,,,2026-08-12 06:39:13.473+00,2026-08-12 06:46:55.012+00,a7059642-3c33-42b6-9307-4860753ba1cc,Hot,f,,0,AUTOMATIC,Reply to Lead,,,d860ab7a-4b82-4bcc-b94f-6700a436b91f,,,,,,,,
399e43ab-32bc-4d73-b128-f9e135c380a7,Michael,Hill,PepsiCo Global Corp 1786516650048,mhill_1786516650048@pepsico.com,,NEW,WhatsApp,,90,,,,f,f,,,,a7816d40-7724-438d-9fb3-352682da3b1e,LD-2026-00556,,,,,0,,,2026-08-12 06:37:33.068+00,2026-08-12 06:46:55.072+00,8f71bfd4-bcc9-40d6-9621-904c8077d318,Hot,f,,0,AUTOMATIC,Reply to Lead,,,a7816d40-7724-438d-9fb3-352682da3b1e,,,,,,,,
0e0aa279-3d10-43f3-a624-2a45aa1ca693,Khaled,Al-Masri,Red Sea Dev,khaled@redseadev.sa,+966501234567,NEW,Email,,85,Gmail Mock Integration,GCC Site Cabin Campaign,"{""simulated"":true,""headers"":{""from"":""khaled@redseadev.sa"",""subject"":""Quote request for site cabins""}}",f,f,,,,d495c3f1-f1ca-4a27-b225-1a3bac55381b,,,,,,0,,email,2026-08-15 03:05:22.34+00,2026-08-15 04:16:07.509+00,eed70aae-cb82-42cc-a98a-d55cdf52d3b8,Hot,f,,0,AUTOMATIC,Reply to Lead,,,d495c3f1-f1ca-4a27-b225-1a3bac55381b,,,,,,,,
c6776496-ffc6-4e78-8391-1844f7849980,Yasmin,Qureshi,Designers Hub,yasmin@designershub.com,+971509876543,NEW,Facebook,,85,Meta Ads Lead Form Mock,Prefab Office Ads,"{""simulated"":true,""ad_id"":""meta_ad_prefab_101"",""lead_id"":""fb_lead_55029""}",f,f,,,,c8790cac-50df-4f73-b38d-9f5ae1bf88ce,,,,,,0,,email,2026-08-15 03:27:26.716+00,2026-08-15 04:16:09.695+00,a7059642-3c33-42b6-9307-4860753ba1cc,Hot,f,,0,AUTOMATIC,Reply to Lead,,,c8790cac-50df-4f73-b38d-9f5ae1bf88ce,,,,,,,,
eed2d38c-3c6c-4270-a92c-075598edf69e,Khaled,Al-Masri,Red Sea Dev,khaled@redseadev.sa,+966501234567,NEW,Email,,85,Gmail Mock Integration,GCC Site Cabin Campaign,"{""simulated"":true,""headers"":{""from"":""khaled@redseadev.sa"",""subject"":""Quote request for site cabins""}}",f,f,,,,d495c3f1-f1ca-4a27-b225-1a3bac55381b,,,,,,0,,email,2026-08-15 03:49:21.365+00,2026-08-15 04:16:12.053+00,8fc38563-4b63-4f74-ab98-7e32e5476ef7,Hot,f,,0,AUTOMATIC,Reply to Lead,,,d495c3f1-f1ca-4a27-b225-1a3bac55381b,,,,,,,,
d98d99a2-dd43-4b0c-94b0-916791dd3b55,Hassan,Raza,KFN Holdings,hassan.raza@kfn.com.sa,+966551122334,NEW,LinkedIn,,95,LinkedIn Lead Gen Forms Mock,Enterprise Prefab Buildings,"{""simulated"":true,""linkedin_form_id"":""li_form_993"",""profile_url"":""linkedin.com/in/hassanraza""}",f,f,,,,adc833ad-1be5-41fe-9540-6f265e97aa49,,,,,,0,,email,2026-08-15 03:51:21.104+00,2026-08-15 04:16:12.116+00,8fc38563-4b63-4f74-ab98-7e32e5476ef7,Hot,f,,0,AUTOMATIC,Reply to Lead,,,adc833ad-1be5-41fe-9540-6f265e97aa49,,,,,,,,
fc870249-dd2d-4f2e-bd4c-277afe002991,Hassan,Raza,KFN Holdings,hassan.raza@kfn.com.sa,+966551122334,NEW,LinkedIn,,95,LinkedIn Lead Gen Forms Mock,Enterprise Prefab Buildings,"{""simulated"":true,""linkedin_form_id"":""li_form_993"",""profile_url"":""linkedin.com/in/hassanraza""}",f,f,,,,adc833ad-1be5-41fe-9540-6f265e97aa49,,,,,,0,,email,2026-08-15 03:53:21.561+00,2026-08-15 04:16:12.178+00,75a47989-b9ac-4733-a4ba-d3568a7b193c,Hot,f,,0,AUTOMATIC,Reply to Lead,,,adc833ad-1be5-41fe-9540-6f265e97aa49,,,,,,,,
6ccf6fd5-f0a0-47de-af86-3bd0e246a955,Yasmin,Qureshi,Designers Hub,yasmin@designershub.com,+971509876543,NEW,Facebook,,85,Meta Ads Lead Form Mock,Prefab Office Ads,"{""simulated"":true,""ad_id"":""meta_ad_prefab_101"",""lead_id"":""fb_lead_55029""}",f,f,,,,c8790cac-50df-4f73-b38d-9f5ae1bf88ce,,,,,,0,,email,2026-08-15 03:57:19.253+00,2026-08-15 04:16:12.241+00,255f20c1-f5f7-4cfc-b3c4-0c60e657b640,Hot,f,,0,AUTOMATIC,Reply to Lead,,,c8790cac-50df-4f73-b38d-9f5ae1bf88ce,,,,,,,,
8b415876-2e80-480f-8593-787fd09514f8,Tariq,Jameel,BuildCorp LLC,tariq@buildcorp.ae,+971509876543,NEW,Facebook,,85,Meta Ads Lead Form Mock,Prefab Office Ads,"{""simulated"":true,""ad_id"":""meta_ad_prefab_101"",""lead_id"":""fb_lead_55029""}",f,f,,,,695729d5-b8d4-4caf-9188-262a2db133aa,,,,,,0,,email,2026-08-15 03:59:19.382+00,2026-08-15 04:16:12.303+00,75a47989-b9ac-4733-a4ba-d3568a7b193c,Hot,f,,0,AUTOMATIC,Reply to Lead,,,695729d5-b8d4-4caf-9188-262a2db133aa,,,,,,,,
2c718970-c131-47fb-92ef-0753c1689d61,Hassan,Raza,KFN Holdings,hassan.raza@kfn.com.sa,+966551122334,NEW,LinkedIn,,95,LinkedIn Lead Gen Forms Mock,Enterprise Prefab Buildings,"{""simulated"":true,""linkedin_form_id"":""li_form_993"",""profile_url"":""linkedin.com/in/hassanraza""}",f,f,,,,adc833ad-1be5-41fe-9540-6f265e97aa49,,,,,,0,,email,2026-08-15 03:59:21.46+00,2026-08-15 04:16:12.365+00,75a47989-b9ac-4733-a4ba-d3568a7b193c,Hot,f,,0,AUTOMATIC,Reply to Lead,,,adc833ad-1be5-41fe-9540-6f265e97aa49,,,,,,,,
c6ca6b14-6a7d-478c-8139-31baa01cfd53,Hassan,Raza,KFN Holdings,hassan.raza@kfn.com.sa,+966551122334,NEW,LinkedIn,,95,LinkedIn Lead Gen Forms Mock,Enterprise Prefab Buildings,"{""simulated"":true,""linkedin_form_id"":""li_form_993"",""profile_url"":""linkedin.com/in/hassanraza""}",f,f,,,,adc833ad-1be5-41fe-9540-6f265e97aa49,,,,,,0,,email,2026-08-15 04:01:18.515+00,2026-08-15 04:16:12.427+00,d71890f9-1f96-4d1d-be3b-bdd6832be466,Hot,f,,0,AUTOMATIC,Reply to Lead,,,adc833ad-1be5-41fe-9540-6f265e97aa49,,,,,,,,
263c9b33-b167-43db-9186-4b084c5f6289,Majed,Al-Otaibi,Riyadh Construction,majed@riyadhconst.com,+966501234567,NEW,Email,,85,Gmail Mock Integration,GCC Site Cabin Campaign,"{""simulated"":true,""headers"":{""from"":""majed@riyadhconst.com"",""subject"":""Quote request for site cabins""}}",f,f,,,,e36adc11-50c5-40bd-b627-2db2eb404c50,,,,,,0,,email,2026-08-15 04:01:18.571+00,2026-08-15 04:16:12.489+00,d71890f9-1f96-4d1d-be3b-bdd6832be466,Hot,f,,0,AUTOMATIC,Reply to Lead,,,e36adc11-50c5-40bd-b627-2db2eb404c50,,,,,,,,
4ee6eacc-42ed-48cd-acc8-38da184c3866,Hassan,Raza,KFN Holdings,hassan.raza@kfn.com.sa,+966551122334,NEW,LinkedIn,,95,LinkedIn Lead Gen Forms Mock,Enterprise Prefab Buildings,"{""simulated"":true,""linkedin_form_id"":""li_form_993"",""profile_url"":""linkedin.com/in/hassanraza""}",f,f,,,,adc833ad-1be5-41fe-9540-6f265e97aa49,,,,,,0,,email,2026-08-15 04:03:18.591+00,2026-08-15 04:16:12.551+00,d71890f9-1f96-4d1d-be3b-bdd6832be466,Hot,f,,0,AUTOMATIC,Reply to Lead,,,adc833ad-1be5-41fe-9540-6f265e97aa49,,,,,,,,
f729d228-1e76-4b9b-82f6-8bcc5a66c65b,Tariq,Jameel,BuildCorp LLC,tariq@buildcorp.ae,+971509876543,NEW,Facebook,,85,Meta Ads Lead Form Mock,Prefab Office Ads,"{""simulated"":true,""ad_id"":""meta_ad_prefab_101"",""lead_id"":""fb_lead_55029""}",f,f,,,,695729d5-b8d4-4caf-9188-262a2db133aa,,,,,,0,,email,2026-08-15 04:18:19.296+00,2026-08-15 05:12:35.283+00,d71890f9-1f96-4d1d-be3b-bdd6832be466,Hot,f,,0,AUTOMATIC,Reply to Lead,,,695729d5-b8d4-4caf-9188-262a2db133aa,,,,,,,,
6d712135-59c6-4b01-83ae-a68a1b9167cb,Majed,Al-Otaibi,Riyadh Construction,majed@riyadhconst.com,+966501234567,NEW,Email,,85,Gmail Mock Integration,GCC Site Cabin Campaign,"{""simulated"":true,""headers"":{""from"":""majed@riyadhconst.com"",""subject"":""Quote request for site cabins""}}",f,f,,,,e36adc11-50c5-40bd-b627-2db2eb404c50,,,,,,0,,email,2026-08-15 04:18:21.122+00,2026-08-15 05:12:35.35+00,d71890f9-1f96-4d1d-be3b-bdd6832be466,Hot,f,,0,AUTOMATIC,Reply to Lead,,,e36adc11-50c5-40bd-b627-2db2eb404c50,,,,,,,,
dc3cc576-d4f4-4d54-b942-65f32540a829,Yasmin,Qureshi,Designers Hub,yasmin@designershub.com,+971509876543,NEW,Facebook,,85,Meta Ads Lead Form Mock,Prefab Office Ads,"{""simulated"":true,""ad_id"":""meta_ad_prefab_101"",""lead_id"":""fb_lead_55029""}",f,f,,,,c8790cac-50df-4f73-b38d-9f5ae1bf88ce,,,,,,0,,email,2026-08-15 04:20:16.267+00,2026-08-15 05:12:35.417+00,a7059642-3c33-42b6-9307-4860753ba1cc,Hot,f,,0,AUTOMATIC,Reply to Lead,,,c8790cac-50df-4f73-b38d-9f5ae1bf88ce,,,,,,,,
a5f35d45-a1ac-4673-b448-e257423ff21f,Majed,Al-Otaibi,Riyadh Construction,majed@riyadhconst.com,+966501234567,NEW,Email,,85,Gmail Mock Integration,GCC Site Cabin Campaign,"{""simulated"":true,""headers"":{""from"":""majed@riyadhconst.com"",""subject"":""Quote request for site cabins""}}",f,f,,,,e36adc11-50c5-40bd-b627-2db2eb404c50,,,,,,0,,email,2026-08-15 04:20:16.385+00,2026-08-15 05:12:35.484+00,a7059642-3c33-42b6-9307-4860753ba1cc,Hot,f,,0,AUTOMATIC,Reply to Lead,,,e36adc11-50c5-40bd-b627-2db2eb404c50,,,,,,,,
7dac162f-02fe-4b88-bbea-82b4a1779c80,Hassan,Raza,KFN Holdings,hassan.raza@kfn.com.sa,+966551122334,NEW,LinkedIn,,95,LinkedIn Lead Gen Forms Mock,Enterprise Prefab Buildings,"{""simulated"":true,""linkedin_form_id"":""li_form_993"",""profile_url"":""linkedin.com/in/hassanraza""}",f,f,,,,adc833ad-1be5-41fe-9540-6f265e97aa49,,,,,,0,,email,2026-08-15 04:20:16.97+00,2026-08-15 05:12:35.551+00,a7059642-3c33-42b6-9307-4860753ba1cc,Hot,f,,0,AUTOMATIC,Reply to Lead,,,adc833ad-1be5-41fe-9540-6f265e97aa49,,,,,,,,
90358746-69a4-4ead-bae3-2b274ac89255,Hassan,Raza,KFN Holdings,hassan.raza@kfn.com.sa,+966551122334,NEW,LinkedIn,,95,LinkedIn Lead Gen Forms Mock,Enterprise Prefab Buildings,"{""simulated"":true,""linkedin_form_id"":""li_form_993"",""profile_url"":""linkedin.com/in/hassanraza""}",f,f,,,,adc833ad-1be5-41fe-9540-6f265e97aa49,,,,,,0,,email,2026-08-15 04:36:15.563+00,2026-08-15 05:12:37.086+00,0d006baa-e2d4-4c4b-989e-9d8bbfe60dc1,Hot,f,,0,AUTOMATIC,Reply to Lead,,,adc833ad-1be5-41fe-9540-6f265e97aa49,,,,,,,,
2aa59e26-8ec7-484f-bbf3-765879ce7dbb,Hassan,Raza,KFN Holdings,hassan.raza@kfn.com.sa,+966551122334,NEW,LinkedIn,,95,LinkedIn Lead Gen Forms Mock,Enterprise Prefab Buildings,"{""simulated"":true,""linkedin_form_id"":""li_form_993"",""profile_url"":""linkedin.com/in/hassanraza""}",f,f,,,,adc833ad-1be5-41fe-9540-6f265e97aa49,,,,,,0,,email,2026-08-15 04:24:17.245+00,2026-08-15 05:12:35.885+00,a7059642-3c33-42b6-9307-4860753ba1cc,Hot,f,,0,AUTOMATIC,Reply to Lead,,,adc833ad-1be5-41fe-9540-6f265e97aa49,,,,,,,,
62d7c29a-ec07-4de4-8460-64aba64d23cf,Swastik,K,compact,swastik@volvitech.com,9878675656,NEW,Website,,100,Request a Quote Page,Website Quote Form,"{""firstName"":""Swastik"",""lastName"":""K"",""email"":""swastik@volvitech.com"",""phone"":""9878675656"",""company"":""compact"",""message"":""Service Needed: Industrial Services\n\nporta cabins"",""budgetRange"":""SAR 50,000 - 200,000"",""source"":""Website"",""sourceDetail"":""Request a Quote Page"",""campaign"":""Website Quote Form""}",f,f,,"Service Needed: Industrial Services

porta cabins","SAR 50,000 - 200,000",f8ccd1e7-d12e-4e0d-b7c4-aac79493f935,,,,,,0,,email,2026-08-15 04:21:21.851+00,2026-08-15 05:12:35.618+00,a7059642-3c33-42b6-9307-4860753ba1cc,Hot,f,,0,AUTOMATIC,Reply to Lead,,,f8ccd1e7-d12e-4e0d-b7c4-aac79493f935,,,,,,,,
d2040013-2a91-4009-bb43-a433c2de1ebe,Hassan,Raza,KFN Holdings,hassan.raza@kfn.com.sa,+966551122334,NEW,LinkedIn,,95,LinkedIn Lead Gen Forms Mock,Enterprise Prefab Buildings,"{""simulated"":true,""linkedin_form_id"":""li_form_993"",""profile_url"":""linkedin.com/in/hassanraza""}",f,f,,,,adc833ad-1be5-41fe-9540-6f265e97aa49,,,,,,0,,email,2026-08-15 04:22:16.774+00,2026-08-15 05:12:35.685+00,a7059642-3c33-42b6-9307-4860753ba1cc,Hot,f,,0,AUTOMATIC,Reply to Lead,,,adc833ad-1be5-41fe-9540-6f265e97aa49,,,,,,,,
7bd90aba-2117-4a77-86dc-c34aad0756e8,Yasmin,Qureshi,Designers Hub,yasmin@designershub.com,+971509876543,NEW,Facebook,,85,Meta Ads Lead Form Mock,Prefab Office Ads,"{""simulated"":true,""ad_id"":""meta_ad_prefab_101"",""lead_id"":""fb_lead_55029""}",f,f,,,,c8790cac-50df-4f73-b38d-9f5ae1bf88ce,,,,,,0,,email,2026-08-15 04:22:18.996+00,2026-08-15 05:12:35.751+00,a7059642-3c33-42b6-9307-4860753ba1cc,Hot,f,,0,AUTOMATIC,Reply to Lead,,,c8790cac-50df-4f73-b38d-9f5ae1bf88ce,,,,,,,,
55e1877e-4c1a-4cc8-8092-effdce0e4468,Tariq,Jameel,BuildCorp LLC,tariq@buildcorp.ae,+971509876543,NEW,Facebook,,85,Meta Ads Lead Form Mock,Prefab Office Ads,"{""simulated"":true,""ad_id"":""meta_ad_prefab_101"",""lead_id"":""fb_lead_55029""}",f,f,,,,695729d5-b8d4-4caf-9188-262a2db133aa,,,,,,0,,email,2026-08-15 04:24:18.59+00,2026-08-15 05:12:35.952+00,a7059642-3c33-42b6-9307-4860753ba1cc,Hot,f,,0,AUTOMATIC,Reply to Lead,,,695729d5-b8d4-4caf-9188-262a2db133aa,,,,,,,,
520b89be-3fda-4d94-9fc6-e7350a144ec8,Majed,Al-Otaibi,Riyadh Construction,majed@riyadhconst.com,+966501234567,NEW,Email,,85,Gmail Mock Integration,GCC Site Cabin Campaign,"{""simulated"":true,""headers"":{""from"":""majed@riyadhconst.com"",""subject"":""Quote request for site cabins""}}",f,f,,,,e36adc11-50c5-40bd-b627-2db2eb404c50,,,,,,0,,email,2026-08-15 04:24:21.104+00,2026-08-15 05:12:36.019+00,a7059642-3c33-42b6-9307-4860753ba1cc,Hot,f,,0,AUTOMATIC,Reply to Lead,,,e36adc11-50c5-40bd-b627-2db2eb404c50,,,,,,,,
d75ef5ef-c604-49c3-b321-afb902688a30,Khaled,Al-Masri,Red Sea Dev,khaled@redseadev.sa,+966501234567,NEW,Email,,85,Gmail Mock Integration,GCC Site Cabin Campaign,"{""simulated"":true,""headers"":{""from"":""khaled@redseadev.sa"",""subject"":""Quote request for site cabins""}}",f,f,,,,d495c3f1-f1ca-4a27-b225-1a3bac55381b,,,,,,0,,email,2026-08-15 04:26:16.645+00,2026-08-15 05:12:36.086+00,7df2b1eb-287b-4790-bc51-271d444a3d4e,Hot,f,,0,AUTOMATIC,Reply to Lead,,,d495c3f1-f1ca-4a27-b225-1a3bac55381b,,,,,,,,
a3a843c1-c21e-4165-a11d-4d3830a9c5d5,Yasmin,Qureshi,Designers Hub,yasmin@designershub.com,+971509876543,NEW,Facebook,,85,Meta Ads Lead Form Mock,Prefab Office Ads,"{""simulated"":true,""ad_id"":""meta_ad_prefab_101"",""lead_id"":""fb_lead_55029""}",f,f,,,,c8790cac-50df-4f73-b38d-9f5ae1bf88ce,,,,,,0,,email,2026-08-15 04:26:16.654+00,2026-08-15 05:12:36.152+00,7df2b1eb-287b-4790-bc51-271d444a3d4e,Hot,f,,0,AUTOMATIC,Reply to Lead,,,c8790cac-50df-4f73-b38d-9f5ae1bf88ce,,,,,,,,
6d1d4c5f-fbd0-41c1-9456-3c45953e02f3,Hassan,Raza,KFN Holdings,hassan.raza@kfn.com.sa,+966551122334,NEW,LinkedIn,,95,LinkedIn Lead Gen Forms Mock,Enterprise Prefab Buildings,"{""simulated"":true,""linkedin_form_id"":""li_form_993"",""profile_url"":""linkedin.com/in/hassanraza""}",f,f,,,,adc833ad-1be5-41fe-9540-6f265e97aa49,,,,,,0,,email,2026-08-15 04:26:18.374+00,2026-08-15 05:12:36.219+00,255f20c1-f5f7-4cfc-b3c4-0c60e657b640,Hot,f,,0,AUTOMATIC,Reply to Lead,,,adc833ad-1be5-41fe-9540-6f265e97aa49,,,,,,,,
0d228aac-6347-4bc0-b3b7-de35510345a4,Majed,Al-Otaibi,Riyadh Construction,majed@riyadhconst.com,+966501234567,NEW,Email,,85,Gmail Mock Integration,GCC Site Cabin Campaign,"{""simulated"":true,""headers"":{""from"":""majed@riyadhconst.com"",""subject"":""Quote request for site cabins""}}",f,f,,,,e36adc11-50c5-40bd-b627-2db2eb404c50,,,,,,0,,email,2026-08-15 04:28:16.64+00,2026-08-15 05:12:36.286+00,255f20c1-f5f7-4cfc-b3c4-0c60e657b640,Hot,f,,0,AUTOMATIC,Reply to Lead,,,e36adc11-50c5-40bd-b627-2db2eb404c50,,,,,,,,
a81ab1f6-c86d-479c-a5ac-670898f20a35,Tariq,Jameel,BuildCorp LLC,tariq@buildcorp.ae,+971509876543,NEW,Facebook,,85,Meta Ads Lead Form Mock,Prefab Office Ads,"{""simulated"":true,""ad_id"":""meta_ad_prefab_101"",""lead_id"":""fb_lead_55029""}",f,f,,,,695729d5-b8d4-4caf-9188-262a2db133aa,,,,,,0,,email,2026-08-15 04:28:18.717+00,2026-08-15 05:12:36.352+00,255f20c1-f5f7-4cfc-b3c4-0c60e657b640,Hot,f,,0,AUTOMATIC,Reply to Lead,,,695729d5-b8d4-4caf-9188-262a2db133aa,,,,,,,,
66cea4e3-ede0-4e52-89ff-de1f2362738a,Hassan,Raza,KFN Holdings,hassan.raza@kfn.com.sa,+966551122334,NEW,LinkedIn,,95,LinkedIn Lead Gen Forms Mock,Enterprise Prefab Buildings,"{""simulated"":true,""linkedin_form_id"":""li_form_993"",""profile_url"":""linkedin.com/in/hassanraza""}",f,f,,,,adc833ad-1be5-41fe-9540-6f265e97aa49,,,,,,0,,email,2026-08-15 04:28:19.803+00,2026-08-15 05:12:36.42+00,255f20c1-f5f7-4cfc-b3c4-0c60e657b640,Hot,f,,0,AUTOMATIC,Reply to Lead,,,adc833ad-1be5-41fe-9540-6f265e97aa49,,,,,,,,
26cea5a3-2ba9-454f-9c8a-3c4f7f2bfea1,Yasmin,Qureshi,Designers Hub,yasmin@designershub.com,+971509876543,NEW,Facebook,,85,Meta Ads Lead Form Mock,Prefab Office Ads,"{""simulated"":true,""ad_id"":""meta_ad_prefab_101"",""lead_id"":""fb_lead_55029""}",f,f,,,,c8790cac-50df-4f73-b38d-9f5ae1bf88ce,,,,,,0,,email,2026-08-15 04:30:16.999+00,2026-08-15 05:12:36.486+00,255f20c1-f5f7-4cfc-b3c4-0c60e657b640,Hot,f,,0,AUTOMATIC,Reply to Lead,,,c8790cac-50df-4f73-b38d-9f5ae1bf88ce,,,,,,,,
6f1d9152-3565-469e-a98f-dd3d6607fb5a,Majed,Al-Otaibi,Riyadh Construction,majed@riyadhconst.com,+966501234567,NEW,Email,,85,Gmail Mock Integration,GCC Site Cabin Campaign,"{""simulated"":true,""headers"":{""from"":""majed@riyadhconst.com"",""subject"":""Quote request for site cabins""}}",f,f,,,,e36adc11-50c5-40bd-b627-2db2eb404c50,,,,,,0,,email,2026-08-15 04:30:17.002+00,2026-08-15 05:12:36.553+00,255f20c1-f5f7-4cfc-b3c4-0c60e657b640,Hot,f,,0,AUTOMATIC,Reply to Lead,,,e36adc11-50c5-40bd-b627-2db2eb404c50,,,,,,,,
e227326d-9ed8-4aea-af8d-2bb429792e67,Hassan,Raza,KFN Holdings,hassan.raza@kfn.com.sa,+966551122334,NEW,LinkedIn,,95,LinkedIn Lead Gen Forms Mock,Enterprise Prefab Buildings,"{""simulated"":true,""linkedin_form_id"":""li_form_993"",""profile_url"":""linkedin.com/in/hassanraza""}",f,f,,,,adc833ad-1be5-41fe-9540-6f265e97aa49,,,,,,0,,email,2026-08-15 04:30:18.47+00,2026-08-15 05:12:36.62+00,255f20c1-f5f7-4cfc-b3c4-0c60e657b640,Hot,f,,0,AUTOMATIC,Reply to Lead,,,adc833ad-1be5-41fe-9540-6f265e97aa49,,,,,,,,
93ca1ad5-507f-45c7-aea3-d9171a60e850,Khaled,Al-Masri,Red Sea Dev,khaled@redseadev.sa,+966501234567,NEW,Email,,85,Gmail Mock Integration,GCC Site Cabin Campaign,"{""simulated"":true,""headers"":{""from"":""khaled@redseadev.sa"",""subject"":""Quote request for site cabins""}}",f,f,,,,d495c3f1-f1ca-4a27-b225-1a3bac55381b,,,,,,0,,email,2026-08-15 04:32:16.442+00,2026-08-15 05:12:36.686+00,0d006baa-e2d4-4c4b-989e-9d8bbfe60dc1,Hot,f,,0,AUTOMATIC,Reply to Lead,,,d495c3f1-f1ca-4a27-b225-1a3bac55381b,,,,,,,,
07aa7fae-fef7-49ba-a014-91caef1bfef7,Yasmin,Qureshi,Designers Hub,yasmin@designershub.com,+971509876543,NEW,Facebook,,85,Meta Ads Lead Form Mock,Prefab Office Ads,"{""simulated"":true,""ad_id"":""meta_ad_prefab_101"",""lead_id"":""fb_lead_55029""}",f,f,,,,c8790cac-50df-4f73-b38d-9f5ae1bf88ce,,,,,,0,,email,2026-08-15 04:32:17.372+00,2026-08-15 05:12:36.753+00,0d006baa-e2d4-4c4b-989e-9d8bbfe60dc1,Hot,f,,0,AUTOMATIC,Reply to Lead,,,c8790cac-50df-4f73-b38d-9f5ae1bf88ce,,,,,,,,
d931d289-8262-47b4-af9f-ffecf8249e5c,Hassan,Raza,KFN Holdings,hassan.raza@kfn.com.sa,+966551122334,NEW,LinkedIn,,95,LinkedIn Lead Gen Forms Mock,Enterprise Prefab Buildings,"{""simulated"":true,""linkedin_form_id"":""li_form_993"",""profile_url"":""linkedin.com/in/hassanraza""}",f,f,,,,adc833ad-1be5-41fe-9540-6f265e97aa49,,,,,,0,,email,2026-08-15 04:32:18.303+00,2026-08-15 05:12:36.82+00,0d006baa-e2d4-4c4b-989e-9d8bbfe60dc1,Hot,f,,0,AUTOMATIC,Reply to Lead,,,adc833ad-1be5-41fe-9540-6f265e97aa49,,,,,,,,
9e09f218-5cd3-4fb7-aa44-15bd1026055c,Tariq,Jameel,BuildCorp LLC,tariq@buildcorp.ae,+971509876543,NEW,Facebook,,85,Meta Ads Lead Form Mock,Prefab Office Ads,"{""simulated"":true,""ad_id"":""meta_ad_prefab_101"",""lead_id"":""fb_lead_55029""}",f,f,,,,695729d5-b8d4-4caf-9188-262a2db133aa,,,,,,0,,email,2026-08-15 04:36:17.939+00,2026-08-15 05:12:37.22+00,0d006baa-e2d4-4c4b-989e-9d8bbfe60dc1,Hot,f,,0,AUTOMATIC,Reply to Lead,,,695729d5-b8d4-4caf-9188-262a2db133aa,,,,,,,,
66435959-00f1-482e-ab2b-4195b2d37839,Yasmin,Qureshi,Designers Hub,yasmin@designershub.com,+971509876543,NEW,Facebook,,85,Meta Ads Lead Form Mock,Prefab Office Ads,"{""simulated"":true,""ad_id"":""meta_ad_prefab_101"",""lead_id"":""fb_lead_55029""}",f,f,,,,c8790cac-50df-4f73-b38d-9f5ae1bf88ce,,,,,,0,,email,2026-08-15 04:34:17.107+00,2026-08-15 05:12:36.886+00,0d006baa-e2d4-4c4b-989e-9d8bbfe60dc1,Hot,f,,0,AUTOMATIC,Reply to Lead,,,c8790cac-50df-4f73-b38d-9f5ae1bf88ce,,,,,,,,
ba63043d-85b7-403d-9b9f-531bb7b29fdd,Khaled,Al-Masri,Red Sea Dev,khaled@redseadev.sa,+966501234567,NEW,Email,,85,Gmail Mock Integration,GCC Site Cabin Campaign,"{""simulated"":true,""headers"":{""from"":""khaled@redseadev.sa"",""subject"":""Quote request for site cabins""}}",f,f,,,,d495c3f1-f1ca-4a27-b225-1a3bac55381b,,,,,,0,,email,2026-08-15 04:34:20.192+00,2026-08-15 05:12:36.953+00,0d006baa-e2d4-4c4b-989e-9d8bbfe60dc1,Hot,f,,0,AUTOMATIC,Reply to Lead,,,d495c3f1-f1ca-4a27-b225-1a3bac55381b,,,,,,,,
0b273fa4-21cd-4a44-a386-c61eb9c8d80e,Hassan,Raza,KFN Holdings,hassan.raza@kfn.com.sa,+966551122334,NEW,LinkedIn,,95,LinkedIn Lead Gen Forms Mock,Enterprise Prefab Buildings,"{""simulated"":true,""linkedin_form_id"":""li_form_993"",""profile_url"":""linkedin.com/in/hassanraza""}",f,f,,,,adc833ad-1be5-41fe-9540-6f265e97aa49,,,,,,0,,email,2026-08-15 04:34:20.773+00,2026-08-15 05:12:37.02+00,0d006baa-e2d4-4c4b-989e-9d8bbfe60dc1,Hot,f,,0,AUTOMATIC,Reply to Lead,,,adc833ad-1be5-41fe-9540-6f265e97aa49,,,,,,,,
a4eab907-df68-4d0c-8733-1cfc0101a75d,Majed,Al-Otaibi,Riyadh Construction,majed@riyadhconst.com,+966501234567,NEW,Email,,85,Gmail Mock Integration,GCC Site Cabin Campaign,"{""simulated"":true,""headers"":{""from"":""majed@riyadhconst.com"",""subject"":""Quote request for site cabins""}}",f,f,,,,e36adc11-50c5-40bd-b627-2db2eb404c50,,,,,,0,,email,2026-08-15 04:36:16.653+00,2026-08-15 05:12:37.153+00,0d006baa-e2d4-4c4b-989e-9d8bbfe60dc1,Hot,f,,0,AUTOMATIC,Reply to Lead,,,e36adc11-50c5-40bd-b627-2db2eb404c50,,,,,,,,
a87a89a7-f739-4151-8942-c700efd4c899,Hassan,Raza,KFN Holdings,hassan.raza@kfn.com.sa,+966551122334,NEW,LinkedIn,,95,LinkedIn Lead Gen Forms Mock,Enterprise Prefab Buildings,"{""simulated"":true,""linkedin_form_id"":""li_form_993"",""profile_url"":""linkedin.com/in/hassanraza""}",f,f,,,,adc833ad-1be5-41fe-9540-6f265e97aa49,,,,,,0,,email,2026-08-15 04:38:18.628+00,2026-08-15 05:12:37.42+00,eed70aae-cb82-42cc-a98a-d55cdf52d3b8,Hot,f,,0,AUTOMATIC,Reply to Lead,,,adc833ad-1be5-41fe-9540-6f265e97aa49,,,,,,,,
2fa53ec8-84a6-4a43-bf4c-843d60bf277e,Hassan,Raza,KFN Holdings,hassan.raza@kfn.com.sa,+966551122334,NEW,LinkedIn,,95,LinkedIn Lead Gen Forms Mock,Enterprise Prefab Buildings,"{""simulated"":true,""linkedin_form_id"":""li_form_993"",""profile_url"":""linkedin.com/in/hassanraza""}",f,f,,,,adc833ad-1be5-41fe-9540-6f265e97aa49,,,,,,0,,email,2026-08-15 04:40:18.32+00,2026-08-15 05:12:37.487+00,eed70aae-cb82-42cc-a98a-d55cdf52d3b8,Hot,f,,0,AUTOMATIC,Reply to Lead,,,adc833ad-1be5-41fe-9540-6f265e97aa49,,,,,,,,
6e9145d4-9357-4ec9-9868-b33451c8447f,Khaled,Al-Masri,Red Sea Dev,khaled@redseadev.sa,+966501234567,NEW,Email,,85,Gmail Mock Integration,GCC Site Cabin Campaign,"{""simulated"":true,""headers"":{""from"":""khaled@redseadev.sa"",""subject"":""Quote request for site cabins""}}",f,f,,,,d495c3f1-f1ca-4a27-b225-1a3bac55381b,,,,,,0,,email,2026-08-15 04:42:16.414+00,2026-08-15 05:12:37.553+00,eed70aae-cb82-42cc-a98a-d55cdf52d3b8,Hot,f,,0,AUTOMATIC,Reply to Lead,,,d495c3f1-f1ca-4a27-b225-1a3bac55381b,,,,,,,,
dd1703cd-09aa-444a-8ac7-7afbba09b098,Yasmin,Qureshi,Designers Hub,yasmin@designershub.com,+971509876543,NEW,Facebook,,85,Meta Ads Lead Form Mock,Prefab Office Ads,"{""simulated"":true,""ad_id"":""meta_ad_prefab_101"",""lead_id"":""fb_lead_55029""}",f,f,,,,c8790cac-50df-4f73-b38d-9f5ae1bf88ce,,,,,,0,,email,2026-08-15 04:42:18.186+00,2026-08-15 05:12:37.62+00,eed70aae-cb82-42cc-a98a-d55cdf52d3b8,Hot,f,,0,AUTOMATIC,Reply to Lead,,,c8790cac-50df-4f73-b38d-9f5ae1bf88ce,,,,,,,,
e079041e-56d4-4b64-b6f8-ac072b651bfd,Hassan,Raza,KFN Holdings,hassan.raza@kfn.com.sa,+966551122334,NEW,LinkedIn,,95,LinkedIn Lead Gen Forms Mock,Enterprise Prefab Buildings,"{""simulated"":true,""linkedin_form_id"":""li_form_993"",""profile_url"":""linkedin.com/in/hassanraza""}",f,f,,,,adc833ad-1be5-41fe-9540-6f265e97aa49,,,,,,0,,email,2026-08-15 04:42:18.664+00,2026-08-15 05:12:37.687+00,ef8cd2d6-7fc3-43cc-adbc-a972880998af,Hot,f,,0,AUTOMATIC,Reply to Lead,,,adc833ad-1be5-41fe-9540-6f265e97aa49,,,,,,,,
2b76d4b7-e2a4-44e3-a0ae-6aadf529811e,Khaled,Al-Masri,Red Sea Dev,khaled@redseadev.sa,+966501234567,NEW,Email,,85,Gmail Mock Integration,GCC Site Cabin Campaign,"{""simulated"":true,""headers"":{""from"":""khaled@redseadev.sa"",""subject"":""Quote request for site cabins""}}",f,f,,,,d495c3f1-f1ca-4a27-b225-1a3bac55381b,,,,,,0,,email,2026-08-15 04:44:16.701+00,2026-08-15 05:12:37.754+00,ef8cd2d6-7fc3-43cc-adbc-a972880998af,Hot,f,,0,AUTOMATIC,Reply to Lead,,,d495c3f1-f1ca-4a27-b225-1a3bac55381b,,,,,,,,
865769d4-f07a-4868-9e56-6beceb399ee3,Tariq,Jameel,BuildCorp LLC,tariq@buildcorp.ae,+971509876543,NEW,Facebook,,85,Meta Ads Lead Form Mock,Prefab Office Ads,"{""simulated"":true,""ad_id"":""meta_ad_prefab_101"",""lead_id"":""fb_lead_55029""}",f,f,,,,695729d5-b8d4-4caf-9188-262a2db133aa,,,,,,0,,email,2026-08-15 04:46:18.19+00,2026-08-15 05:12:37.82+00,ef8cd2d6-7fc3-43cc-adbc-a972880998af,Hot,f,,0,AUTOMATIC,Reply to Lead,,,695729d5-b8d4-4caf-9188-262a2db133aa,,,,,,,,
378b572e-3d79-41b3-85a2-0f7702ec7de2,Hassan,Raza,KFN Holdings,hassan.raza@kfn.com.sa,+966551122334,NEW,LinkedIn,,95,LinkedIn Lead Gen Forms Mock,Enterprise Prefab Buildings,"{""simulated"":true,""linkedin_form_id"":""li_form_993"",""profile_url"":""linkedin.com/in/hassanraza""}",f,f,,,,adc833ad-1be5-41fe-9540-6f265e97aa49,,,,,,0,,email,2026-08-15 04:46:18.307+00,2026-08-15 05:12:37.887+00,ef8cd2d6-7fc3-43cc-adbc-a972880998af,Hot,f,,0,AUTOMATIC,Reply to Lead,,,adc833ad-1be5-41fe-9540-6f265e97aa49,,,,,,,,
31176296-b4a2-47b4-83a6-9bde75bd590e,Khaled,Al-Masri,Red Sea Dev,khaled@redseadev.sa,+966501234567,NEW,Email,,85,Gmail Mock Integration,GCC Site Cabin Campaign,"{""simulated"":true,""headers"":{""from"":""khaled@redseadev.sa"",""subject"":""Quote request for site cabins""}}",f,f,,,,d495c3f1-f1ca-4a27-b225-1a3bac55381b,,,,,,0,,email,2026-08-15 04:48:16.859+00,2026-08-15 05:12:37.954+00,ef8cd2d6-7fc3-43cc-adbc-a972880998af,Hot,f,,0,AUTOMATIC,Reply to Lead,,,d495c3f1-f1ca-4a27-b225-1a3bac55381b,,,,,,,,
baa2b802-ab61-4374-a2e9-501b84ad5ff0,Khaled,Al-Masri,Red Sea Dev,khaled@redseadev.sa,+966501234567,NEW,Email,,85,Gmail Mock Integration,GCC Site Cabin Campaign,"{""simulated"":true,""headers"":{""from"":""khaled@redseadev.sa"",""subject"":""Quote request for site cabins""}}",f,f,,,,d495c3f1-f1ca-4a27-b225-1a3bac55381b,,,,,,0,,email,2026-08-15 04:52:18.336+00,2026-08-15 05:12:38.021+00,8fc38563-4b63-4f74-ab98-7e32e5476ef7,Hot,f,,0,AUTOMATIC,Reply to Lead,,,d495c3f1-f1ca-4a27-b225-1a3bac55381b,,,,,,,,
17339695-7814-4a18-b5ed-7086d86b95ee,Tariq,Jameel,BuildCorp LLC,tariq@buildcorp.ae,+971509876543,NEW,Facebook,,85,Meta Ads Lead Form Mock,Prefab Office Ads,"{""simulated"":true,""ad_id"":""meta_ad_prefab_101"",""lead_id"":""fb_lead_55029""}",f,f,,,,695729d5-b8d4-4caf-9188-262a2db133aa,,,,,,0,,email,2026-08-15 04:52:18.56+00,2026-08-15 05:12:38.088+00,8fc38563-4b63-4f74-ab98-7e32e5476ef7,Hot,f,,0,AUTOMATIC,Reply to Lead,,,695729d5-b8d4-4caf-9188-262a2db133aa,,,,,,,,
fe949342-f7c8-4b57-b4f3-3f18fe9bce9f,Hassan,Raza,KFN Holdings,hassan.raza@kfn.com.sa,+966551122334,NEW,LinkedIn,,95,LinkedIn Lead Gen Forms Mock,Enterprise Prefab Buildings,"{""simulated"":true,""linkedin_form_id"":""li_form_993"",""profile_url"":""linkedin.com/in/hassanraza""}",f,f,,,,adc833ad-1be5-41fe-9540-6f265e97aa49,,,,,,0,,email,2026-08-15 04:54:16.594+00,2026-08-15 05:12:38.154+00,8fc38563-4b63-4f74-ab98-7e32e5476ef7,Hot,f,,0,AUTOMATIC,Reply to Lead,,,adc833ad-1be5-41fe-9540-6f265e97aa49,,,,,,,,
ffc32bf1-e66b-4570-b579-701de94d842b,Khaled,Al-Masri,Red Sea Dev,khaled@redseadev.sa,+966501234567,NEW,Email,,85,Gmail Mock Integration,GCC Site Cabin Campaign,"{""simulated"":true,""headers"":{""from"":""khaled@redseadev.sa"",""subject"":""Quote request for site cabins""}}",f,f,,,,d495c3f1-f1ca-4a27-b225-1a3bac55381b,,,,,,0,,email,2026-08-15 04:56:16.96+00,2026-08-15 05:12:38.221+00,255f20c1-f5f7-4cfc-b3c4-0c60e657b640,Hot,f,,0,AUTOMATIC,Reply to Lead,,,d495c3f1-f1ca-4a27-b225-1a3bac55381b,,,,,,,,
5c238f3f-775e-4bfe-b568-a411c7693f54,Hassan,Raza,KFN Holdings,hassan.raza@kfn.com.sa,+966551122334,NEW,LinkedIn,,95,LinkedIn Lead Gen Forms Mock,Enterprise Prefab Buildings,"{""simulated"":true,""linkedin_form_id"":""li_form_993"",""profile_url"":""linkedin.com/in/hassanraza""}",f,f,,,,adc833ad-1be5-41fe-9540-6f265e97aa49,,,,,,0,,email,2026-08-15 04:56:18.616+00,2026-08-15 05:12:38.288+00,255f20c1-f5f7-4cfc-b3c4-0c60e657b640,Hot,f,,0,AUTOMATIC,Reply to Lead,,,adc833ad-1be5-41fe-9540-6f265e97aa49,,,,,,,,
b5a71c8f-32e6-463d-bb51-e0cea1dd9685,Yasmin,Qureshi,Designers Hub,yasmin@designershub.com,+971509876543,NEW,Facebook,,85,Meta Ads Lead Form Mock,Prefab Office Ads,"{""simulated"":true,""ad_id"":""meta_ad_prefab_101"",""lead_id"":""fb_lead_55029""}",f,f,,,,c8790cac-50df-4f73-b38d-9f5ae1bf88ce,,,,,,0,,email,2026-08-15 04:38:17.877+00,2026-08-15 05:12:37.353+00,eed70aae-cb82-42cc-a98a-d55cdf52d3b8,Hot,f,,0,AUTOMATIC,Reply to Lead,,,c8790cac-50df-4f73-b38d-9f5ae1bf88ce,,,,,,,,
cd3eeabb-d7d5-4a72-87be-ce5183edb212,Tariq,Jameel,BuildCorp LLC,tariq@buildcorp.ae,+971509876543,NEW,Facebook,,85,Meta Ads Lead Form Mock,Prefab Office Ads,"{""simulated"":true,""ad_id"":""meta_ad_prefab_101"",""lead_id"":""fb_lead_55029""}",f,f,,,,695729d5-b8d4-4caf-9188-262a2db133aa,,,,,,0,,email,2026-08-15 04:58:16.644+00,2026-08-15 05:12:38.355+00,eed70aae-cb82-42cc-a98a-d55cdf52d3b8,Hot,f,,0,AUTOMATIC,Reply to Lead,,,695729d5-b8d4-4caf-9188-262a2db133aa,,,,,,,,
a689a376-28e1-4b3e-8e5a-31992392b59b,Khaled,Al-Masri,Red Sea Dev,khaled@redseadev.sa,+966501234567,NEW,Email,,85,Gmail Mock Integration,GCC Site Cabin Campaign,"{""simulated"":true,""headers"":{""from"":""khaled@redseadev.sa"",""subject"":""Quote request for site cabins""}}",f,f,,,,d495c3f1-f1ca-4a27-b225-1a3bac55381b,,,,,,0,,email,2026-08-15 04:58:16.702+00,2026-08-15 05:12:38.421+00,eed70aae-cb82-42cc-a98a-d55cdf52d3b8,Hot,f,,0,AUTOMATIC,Reply to Lead,,,d495c3f1-f1ca-4a27-b225-1a3bac55381b,,,,,,,,
2ec7e0b3-0fa9-4962-acd5-5e8c93aed972,Hassan,Raza,KFN Holdings,hassan.raza@kfn.com.sa,+966551122334,NEW,LinkedIn,,95,LinkedIn Lead Gen Forms Mock,Enterprise Prefab Buildings,"{""simulated"":true,""linkedin_form_id"":""li_form_993"",""profile_url"":""linkedin.com/in/hassanraza""}",f,f,,,,adc833ad-1be5-41fe-9540-6f265e97aa49,,,,,,0,,email,2026-08-15 04:58:19.134+00,2026-08-15 05:12:38.488+00,eed70aae-cb82-42cc-a98a-d55cdf52d3b8,Hot,f,,0,AUTOMATIC,Reply to Lead,,,adc833ad-1be5-41fe-9540-6f265e97aa49,,,,,,,,
b4275531-9e03-4433-887b-85f47fd2bac7,Hassan,Raza,KFN Holdings,hassan.raza@kfn.com.sa,+966551122334,NEW,LinkedIn,,95,LinkedIn Lead Gen Forms Mock,Enterprise Prefab Buildings,"{""simulated"":true,""linkedin_form_id"":""li_form_993"",""profile_url"":""linkedin.com/in/hassanraza""}",f,f,,,,adc833ad-1be5-41fe-9540-6f265e97aa49,,,,,,0,,email,2026-08-15 05:00:17.122+00,2026-08-15 05:12:38.555+00,eed70aae-cb82-42cc-a98a-d55cdf52d3b8,Hot,f,,0,AUTOMATIC,Reply to Lead,,,adc833ad-1be5-41fe-9540-6f265e97aa49,,,,,,,,
6bfeed56-3e0a-4b85-bee2-c6aa877847f7,Yasmin,Qureshi,Designers Hub,yasmin@designershub.com,+971509876543,NEW,Facebook,,85,Meta Ads Lead Form Mock,Prefab Office Ads,"{""simulated"":true,""ad_id"":""meta_ad_prefab_101"",""lead_id"":""fb_lead_55029""}",f,f,,,,c8790cac-50df-4f73-b38d-9f5ae1bf88ce,,,,,,0,,email,2026-08-15 05:00:19.377+00,2026-08-15 05:12:38.622+00,eed70aae-cb82-42cc-a98a-d55cdf52d3b8,Hot,f,,0,AUTOMATIC,Reply to Lead,,,c8790cac-50df-4f73-b38d-9f5ae1bf88ce,,,,,,,,
a9bf680f-82ab-43c9-b5e8-193201f314cc,Khaled,Al-Masri,Red Sea Dev,khaled@redseadev.sa,+966501234567,NEW,Email,,85,Gmail Mock Integration,GCC Site Cabin Campaign,"{""simulated"":true,""headers"":{""from"":""khaled@redseadev.sa"",""subject"":""Quote request for site cabins""}}",f,f,,,,d495c3f1-f1ca-4a27-b225-1a3bac55381b,,,,,,0,,email,2026-08-15 04:22:19.91+00,2026-08-15 05:12:35.818+00,a7059642-3c33-42b6-9307-4860753ba1cc,Hot,f,,0,AUTOMATIC,Reply to Lead,,,d495c3f1-f1ca-4a27-b225-1a3bac55381b,,,,,,,,
89db4d1c-c646-4371-bc76-be50a3d866c8,Khaled,Al-Masri,Red Sea Dev,khaled@redseadev.sa,+966501234567,NEW,Email,,85,Gmail Mock Integration,GCC Site Cabin Campaign,"{""simulated"":true,""headers"":{""from"":""khaled@redseadev.sa"",""subject"":""Quote request for site cabins""}}",f,f,,,,d495c3f1-f1ca-4a27-b225-1a3bac55381b,,,,,,0,,email,2026-08-15 04:38:17.558+00,2026-08-15 05:12:37.286+00,eed70aae-cb82-42cc-a98a-d55cdf52d3b8,Hot,f,,0,AUTOMATIC,Reply to Lead,,,d495c3f1-f1ca-4a27-b225-1a3bac55381b,,,,,,,,
55b366c2-ed42-435d-a96d-999d57931fd5,Khaled,Al-Masri,Red Sea Dev,khaled@redseadev.sa,+966501234567,NEW,Email,,85,Gmail Mock Integration,GCC Site Cabin Campaign,"{""simulated"":true,""headers"":{""from"":""khaled@redseadev.sa"",""subject"":""Quote request for site cabins""}}",f,f,,,,d495c3f1-f1ca-4a27-b225-1a3bac55381b,,,,,,0,,email,2026-08-15 04:40:16.314+00,2026-08-15 05:12:38.755+00,eed70aae-cb82-42cc-a98a-d55cdf52d3b8,Hot,f,,0,AUTOMATIC,Reply to Lead,,,d495c3f1-f1ca-4a27-b225-1a3bac55381b,,,,,,,,
5f5e15fc-00d3-4166-aa2c-25f46278245c,Hassan,Raza,KFN Holdings,hassan.raza@kfn.com.sa,+966551122334,NEW,LinkedIn,,95,LinkedIn Lead Gen Forms Mock,Enterprise Prefab Buildings,"{""simulated"":true,""linkedin_form_id"":""li_form_993"",""profile_url"":""linkedin.com/in/hassanraza""}",f,f,,,,adc833ad-1be5-41fe-9540-6f265e97aa49,,,,,,0,,email,2026-08-15 04:44:16.37+00,2026-08-15 05:12:38.822+00,ef8cd2d6-7fc3-43cc-adbc-a972880998af,Hot,f,,0,AUTOMATIC,Reply to Lead,,,adc833ad-1be5-41fe-9540-6f265e97aa49,,,,,,,,
721c3c37-5f9a-40cf-9bf8-a4aedeeaddba,Tariq,Jameel,BuildCorp LLC,tariq@buildcorp.ae,+971509876543,NEW,Facebook,,85,Meta Ads Lead Form Mock,Prefab Office Ads,"{""simulated"":true,""ad_id"":""meta_ad_prefab_101"",""lead_id"":""fb_lead_55029""}",f,f,,,,695729d5-b8d4-4caf-9188-262a2db133aa,,,,,,0,,email,2026-08-15 04:44:20.307+00,2026-08-15 05:12:38.889+00,ef8cd2d6-7fc3-43cc-adbc-a972880998af,Hot,f,,0,AUTOMATIC,Reply to Lead,,,695729d5-b8d4-4caf-9188-262a2db133aa,,,,,,,,
d0685369-8778-4106-8562-9e26f950c135,Majed,Al-Otaibi,Riyadh Construction,majed@riyadhconst.com,+966501234567,NEW,Email,,85,Gmail Mock Integration,GCC Site Cabin Campaign,"{""simulated"":true,""headers"":{""from"":""majed@riyadhconst.com"",""subject"":""Quote request for site cabins""}}",f,f,,,,e36adc11-50c5-40bd-b627-2db2eb404c50,,,,,,0,,email,2026-08-15 04:46:16.627+00,2026-08-15 05:12:38.956+00,ef8cd2d6-7fc3-43cc-adbc-a972880998af,Hot,f,,0,AUTOMATIC,Reply to Lead,,,e36adc11-50c5-40bd-b627-2db2eb404c50,,,,,,,,
e5737cd2-bc0e-40dd-b6d3-0761705d4a89,Yasmin,Qureshi,Designers Hub,yasmin@designershub.com,+971509876543,NEW,Facebook,,85,Meta Ads Lead Form Mock,Prefab Office Ads,"{""simulated"":true,""ad_id"":""meta_ad_prefab_101"",""lead_id"":""fb_lead_55029""}",f,f,,,,c8790cac-50df-4f73-b38d-9f5ae1bf88ce,,,,,,0,,email,2026-08-15 04:48:18.659+00,2026-08-15 05:12:39.023+00,ef8cd2d6-7fc3-43cc-adbc-a972880998af,Hot,f,,0,AUTOMATIC,Reply to Lead,,,c8790cac-50df-4f73-b38d-9f5ae1bf88ce,,,,,,,,
7381f42a-da31-475e-9d31-8305f4c34879,Hassan,Raza,KFN Holdings,hassan.raza@kfn.com.sa,+966551122334,NEW,LinkedIn,,95,LinkedIn Lead Gen Forms Mock,Enterprise Prefab Buildings,"{""simulated"":true,""linkedin_form_id"":""li_form_993"",""profile_url"":""linkedin.com/in/hassanraza""}",f,f,,,,adc833ad-1be5-41fe-9540-6f265e97aa49,,,,,,0,,email,2026-08-15 04:48:19.109+00,2026-08-15 05:12:39.089+00,ef8cd2d6-7fc3-43cc-adbc-a972880998af,Hot,f,,0,AUTOMATIC,Reply to Lead,,,adc833ad-1be5-41fe-9540-6f265e97aa49,,,,,,,,
a96f674f-c57f-4f5d-bcd1-58022a4bb696,Khaled,Al-Masri,Red Sea Dev,khaled@redseadev.sa,+966501234567,NEW,Email,,85,Gmail Mock Integration,GCC Site Cabin Campaign,"{""simulated"":true,""headers"":{""from"":""khaled@redseadev.sa"",""subject"":""Quote request for site cabins""}}",f,f,,,,d495c3f1-f1ca-4a27-b225-1a3bac55381b,,,,,,0,,email,2026-08-15 04:50:17.5+00,2026-08-15 05:12:39.156+00,75a47989-b9ac-4733-a4ba-d3568a7b193c,Hot,f,,0,AUTOMATIC,Reply to Lead,,,d495c3f1-f1ca-4a27-b225-1a3bac55381b,,,,,,,,
86e012d7-11bf-49cf-a7d0-98a076d55af4,Tariq,Jameel,BuildCorp LLC,tariq@buildcorp.ae,+971509876543,NEW,Facebook,,85,Meta Ads Lead Form Mock,Prefab Office Ads,"{""simulated"":true,""ad_id"":""meta_ad_prefab_101"",""lead_id"":""fb_lead_55029""}",f,f,,,,695729d5-b8d4-4caf-9188-262a2db133aa,,,,,,0,,email,2026-08-15 04:50:17.895+00,2026-08-15 05:12:39.223+00,75a47989-b9ac-4733-a4ba-d3568a7b193c,Hot,f,,0,AUTOMATIC,Reply to Lead,,,695729d5-b8d4-4caf-9188-262a2db133aa,,,,,,,,
e1e1d07c-505c-4a56-b3d6-c6765c84927b,Hassan,Raza,KFN Holdings,hassan.raza@kfn.com.sa,+966551122334,NEW,LinkedIn,,95,LinkedIn Lead Gen Forms Mock,Enterprise Prefab Buildings,"{""simulated"":true,""linkedin_form_id"":""li_form_993"",""profile_url"":""linkedin.com/in/hassanraza""}",f,f,,,,adc833ad-1be5-41fe-9540-6f265e97aa49,,,,,,0,,email,2026-08-15 04:50:20.008+00,2026-08-15 05:12:39.29+00,75a47989-b9ac-4733-a4ba-d3568a7b193c,Hot,f,,0,AUTOMATIC,Reply to Lead,,,adc833ad-1be5-41fe-9540-6f265e97aa49,,,,,,,,
a4dfa23f-1b21-4fb2-b147-a3a93c2f0ab6,Hassan,Raza,KFN Holdings,hassan.raza@kfn.com.sa,+966551122334,NEW,LinkedIn,,95,LinkedIn Lead Gen Forms Mock,Enterprise Prefab Buildings,"{""simulated"":true,""linkedin_form_id"":""li_form_993"",""profile_url"":""linkedin.com/in/hassanraza""}",f,f,,,,adc833ad-1be5-41fe-9540-6f265e97aa49,,,,,,0,,email,2026-08-15 04:52:18.722+00,2026-08-15 05:12:39.356+00,8fc38563-4b63-4f74-ab98-7e32e5476ef7,Hot,f,,0,AUTOMATIC,Reply to Lead,,,adc833ad-1be5-41fe-9540-6f265e97aa49,,,,,,,,
3a13a2e1-2d30-4d62-83a8-57aa4b32232a,Tariq,Jameel,BuildCorp LLC,tariq@buildcorp.ae,+971509876543,NEW,Facebook,,85,Meta Ads Lead Form Mock,Prefab Office Ads,"{""simulated"":true,""ad_id"":""meta_ad_prefab_101"",""lead_id"":""fb_lead_55029""}",f,f,,,,695729d5-b8d4-4caf-9188-262a2db133aa,,,,,,0,,email,2026-08-15 04:54:18.545+00,2026-08-15 05:12:39.423+00,8fc38563-4b63-4f74-ab98-7e32e5476ef7,Hot,f,,0,AUTOMATIC,Reply to Lead,,,695729d5-b8d4-4caf-9188-262a2db133aa,,,,,,,,
54a93633-586a-40b2-b93d-85a7d17d5ca7,Hassan,Raza,KFN Holdings,hassan.raza@kfn.com.sa,+966551122334,NEW,LinkedIn,,95,LinkedIn Lead Gen Forms Mock,Enterprise Prefab Buildings,"{""simulated"":true,""linkedin_form_id"":""li_form_993"",""profile_url"":""linkedin.com/in/hassanraza""}",f,f,,,,adc833ad-1be5-41fe-9540-6f265e97aa49,,,,,,0,,email,2026-08-15 04:18:19.155+00,2026-08-15 05:12:35.189+00,d71890f9-1f96-4d1d-be3b-bdd6832be466,Hot,f,,0,AUTOMATIC,Reply to Lead,,,adc833ad-1be5-41fe-9540-6f265e97aa49,,,,,,,,
8edd25e1-dc8d-4b66-92b3-8371af10dcc2,Majed,Al-Otaibi,Riyadh Construction,majed@riyadhconst.com,+966501234567,NEW,Email,,85,Gmail Mock Integration,GCC Site Cabin Campaign,"{""simulated"":true,""headers"":{""from"":""majed@riyadhconst.com"",""subject"":""Quote request for site cabins""}}",f,f,,,,e36adc11-50c5-40bd-b627-2db2eb404c50,,,,,,0,,email,2026-08-15 04:54:20.069+00,2026-08-15 05:12:39.49+00,8fc38563-4b63-4f74-ab98-7e32e5476ef7,Hot,f,,0,AUTOMATIC,Reply to Lead,,,e36adc11-50c5-40bd-b627-2db2eb404c50,,,,,,,,
bd47e4c5-7a44-4972-b58c-66e547f5379b,Yasmin,Qureshi,Designers Hub,yasmin@designershub.com,+971509876543,NEW,Facebook,,85,Meta Ads Lead Form Mock,Prefab Office Ads,"{""simulated"":true,""ad_id"":""meta_ad_prefab_101"",""lead_id"":""fb_lead_55029""}",f,f,,,,c8790cac-50df-4f73-b38d-9f5ae1bf88ce,,,,,,0,,email,2026-08-15 04:56:18.11+00,2026-08-15 05:12:39.557+00,255f20c1-f5f7-4cfc-b3c4-0c60e657b640,Hot,f,,0,AUTOMATIC,Reply to Lead,,,c8790cac-50df-4f73-b38d-9f5ae1bf88ce,,,,,,,,
cf6ae638-99e0-452f-a1d2-47246c5d7b57,Khaled,Al-Masri,Red Sea Dev,khaled@redseadev.sa,+966501234567,NEW,Email,,85,Gmail Mock Integration,GCC Site Cabin Campaign,"{""simulated"":true,""headers"":{""from"":""khaled@redseadev.sa"",""subject"":""Quote request for site cabins""}}",f,f,,,,d495c3f1-f1ca-4a27-b225-1a3bac55381b,,,,,,0,,email,2026-08-15 05:00:20.561+00,2026-08-15 05:12:39.623+00,eed70aae-cb82-42cc-a98a-d55cdf52d3b8,Hot,f,,0,AUTOMATIC,Reply to Lead,,,d495c3f1-f1ca-4a27-b225-1a3bac55381b,,,,,,,,
3213472e-98c8-4440-b76c-f35aa09258cd,Tariq,Jameel,BuildCorp LLC,tariq@buildcorp.ae,+971509876543,NEW,Facebook,,85,Meta Ads Lead Form Mock,Prefab Office Ads,"{""simulated"":true,""ad_id"":""meta_ad_prefab_101"",""lead_id"":""fb_lead_55029""}",f,f,,,,695729d5-b8d4-4caf-9188-262a2db133aa,,,,,,0,,email,2026-08-15 05:02:16.232+00,2026-08-15 05:12:39.69+00,d71890f9-1f96-4d1d-be3b-bdd6832be466,Hot,f,,0,AUTOMATIC,Reply to Lead,,,695729d5-b8d4-4caf-9188-262a2db133aa,,,,,,,,
4e2d4edf-46d4-493a-9188-1f38ba80bc9e,Majed,Al-Otaibi,Riyadh Construction,majed@riyadhconst.com,+966501234567,NEW,Email,,85,Gmail Mock Integration,GCC Site Cabin Campaign,"{""simulated"":true,""headers"":{""from"":""majed@riyadhconst.com"",""subject"":""Quote request for site cabins""}}",f,f,,,,e36adc11-50c5-40bd-b627-2db2eb404c50,,,,,,0,,email,2026-08-15 05:02:16.403+00,2026-08-15 05:12:39.757+00,d71890f9-1f96-4d1d-be3b-bdd6832be466,Hot,f,,0,AUTOMATIC,Reply to Lead,,,e36adc11-50c5-40bd-b627-2db2eb404c50,,,,,,,,
2129d1d5-80b9-47e9-bb46-3f4c2cdf4b80,Hassan,Raza,KFN Holdings,hassan.raza@kfn.com.sa,+966551122334,NEW,LinkedIn,,95,LinkedIn Lead Gen Forms Mock,Enterprise Prefab Buildings,"{""simulated"":true,""linkedin_form_id"":""li_form_993"",""profile_url"":""linkedin.com/in/hassanraza""}",f,f,,,,adc833ad-1be5-41fe-9540-6f265e97aa49,,,,,,0,,email,2026-08-15 05:02:18.3+00,2026-08-15 05:12:39.824+00,d71890f9-1f96-4d1d-be3b-bdd6832be466,Hot,f,,0,AUTOMATIC,Reply to Lead,,,adc833ad-1be5-41fe-9540-6f265e97aa49,,,,,,,,
fecbb15e-05d7-4173-b930-bc2140a940e7,Hassan,Raza,KFN Holdings,hassan.raza@kfn.com.sa,+966551122334,NEW,LinkedIn,,95,LinkedIn Lead Gen Forms Mock,Enterprise Prefab Buildings,"{""simulated"":true,""linkedin_form_id"":""li_form_993"",""profile_url"":""linkedin.com/in/hassanraza""}",f,f,,,,adc833ad-1be5-41fe-9540-6f265e97aa49,,,,,,0,,email,2026-08-15 05:14:45.869+00,2026-08-15 06:05:06.999+00,eed70aae-cb82-42cc-a98a-d55cdf52d3b8,Hot,f,,0,AUTOMATIC,Reply to Lead,,,adc833ad-1be5-41fe-9540-6f265e97aa49,,,,,,,,
cedf281b-b0ec-4366-b94c-166fc74e4194,Hassan,Raza,KFN Holdings,hassan.raza@kfn.com.sa,+966551122334,NEW,LinkedIn,,95,LinkedIn Lead Gen Forms Mock,Enterprise Prefab Buildings,"{""simulated"":true,""linkedin_form_id"":""li_form_993"",""profile_url"":""linkedin.com/in/hassanraza""}",f,f,,,,adc833ad-1be5-41fe-9540-6f265e97aa49,,,,,,0,,email,2026-08-15 05:16:45.854+00,2026-08-15 06:05:07.059+00,a7059642-3c33-42b6-9307-4860753ba1cc,Hot,f,,0,AUTOMATIC,Reply to Lead,,,adc833ad-1be5-41fe-9540-6f265e97aa49,,,,,,,,
4f3eeb71-243f-4864-b352-0088343b992b,Khaled,Al-Masri,Red Sea Dev,khaled@redseadev.sa,+966501234567,NEW,Email,,85,Gmail Mock Integration,GCC Site Cabin Campaign,"{""simulated"":true,""headers"":{""from"":""khaled@redseadev.sa"",""subject"":""Quote request for site cabins""}}",f,f,,,,d495c3f1-f1ca-4a27-b225-1a3bac55381b,,,,,,0,,email,2026-08-15 05:16:46.103+00,2026-08-15 06:05:07.12+00,a7059642-3c33-42b6-9307-4860753ba1cc,Hot,f,,0,AUTOMATIC,Reply to Lead,,,d495c3f1-f1ca-4a27-b225-1a3bac55381b,,,,,,,,
7b96b809-9c4c-4508-8b18-d09170b9100c,Yasmin,Qureshi,Designers Hub,yasmin@designershub.com,+971509876543,NEW,Facebook,,85,Meta Ads Lead Form Mock,Prefab Office Ads,"{""simulated"":true,""ad_id"":""meta_ad_prefab_101"",""lead_id"":""fb_lead_55029""}",f,f,,,,c8790cac-50df-4f73-b38d-9f5ae1bf88ce,,,,,,0,,email,2026-08-15 05:16:48.084+00,2026-08-15 06:05:07.18+00,a7059642-3c33-42b6-9307-4860753ba1cc,Hot,f,,0,AUTOMATIC,Reply to Lead,,,c8790cac-50df-4f73-b38d-9f5ae1bf88ce,,,,,,,,
efeb5adf-f212-49aa-871b-10ff533542d4,Hassan,Raza,KFN Holdings,hassan.raza@kfn.com.sa,+966551122334,NEW,LinkedIn,,95,LinkedIn Lead Gen Forms Mock,Enterprise Prefab Buildings,"{""simulated"":true,""linkedin_form_id"":""li_form_993"",""profile_url"":""linkedin.com/in/hassanraza""}",f,f,,,,adc833ad-1be5-41fe-9540-6f265e97aa49,,,,,,0,,email,2026-08-15 05:18:45.746+00,2026-08-15 06:05:07.299+00,a7059642-3c33-42b6-9307-4860753ba1cc,Hot,f,,0,AUTOMATIC,Reply to Lead,,,adc833ad-1be5-41fe-9540-6f265e97aa49,,,,,,,,
28e715c2-2c78-4679-8d84-4d4a432e5420,Khaled,Al-Masri,Red Sea Dev,khaled@redseadev.sa,+966501234567,NEW,Email,,85,Gmail Mock Integration,GCC Site Cabin Campaign,"{""simulated"":true,""headers"":{""from"":""khaled@redseadev.sa"",""subject"":""Quote request for site cabins""}}",f,f,,,,d495c3f1-f1ca-4a27-b225-1a3bac55381b,,,,,,0,,email,2026-08-15 05:18:46.06+00,2026-08-15 06:05:07.359+00,a7059642-3c33-42b6-9307-4860753ba1cc,Hot,f,,0,AUTOMATIC,Reply to Lead,,,d495c3f1-f1ca-4a27-b225-1a3bac55381b,,,,,,,,
68ffdf78-7dac-4d20-81db-1f695aa0c6af,Yasmin,Qureshi,Designers Hub,yasmin@designershub.com,+971509876543,NEW,Facebook,,85,Meta Ads Lead Form Mock,Prefab Office Ads,"{""simulated"":true,""ad_id"":""meta_ad_prefab_101"",""lead_id"":""fb_lead_55029""}",f,f,,,,c8790cac-50df-4f73-b38d-9f5ae1bf88ce,,,,,,0,,email,2026-08-15 05:18:46.479+00,2026-08-15 06:05:07.422+00,a7059642-3c33-42b6-9307-4860753ba1cc,Hot,f,,0,AUTOMATIC,Reply to Lead,,,c8790cac-50df-4f73-b38d-9f5ae1bf88ce,,,,,,,,
d0e0a66d-54d8-4d07-b1e1-9615f1702cf5,Yasmin,Qureshi,Designers Hub,yasmin@designershub.com,+971509876543,NEW,Facebook,,85,Meta Ads Lead Form Mock,Prefab Office Ads,"{""simulated"":true,""ad_id"":""meta_ad_prefab_101"",""lead_id"":""fb_lead_55029""}",f,f,,,,c8790cac-50df-4f73-b38d-9f5ae1bf88ce,,,,,,0,,email,2026-08-15 05:20:46.369+00,2026-08-15 06:05:07.482+00,7df2b1eb-287b-4790-bc51-271d444a3d4e,Hot,f,,0,AUTOMATIC,Reply to Lead,,,c8790cac-50df-4f73-b38d-9f5ae1bf88ce,,,,,,,,
58751842-e69c-4bb3-aaae-c727b2f897bc,Khaled,Al-Masri,Red Sea Dev,khaled@redseadev.sa,+966501234567,NEW,Email,,85,Gmail Mock Integration,GCC Site Cabin Campaign,"{""simulated"":true,""headers"":{""from"":""khaled@redseadev.sa"",""subject"":""Quote request for site cabins""}}",f,f,,,,d495c3f1-f1ca-4a27-b225-1a3bac55381b,,,,,,0,,email,2026-08-15 05:20:46.81+00,2026-08-15 06:05:07.542+00,7df2b1eb-287b-4790-bc51-271d444a3d4e,Hot,f,,0,AUTOMATIC,Reply to Lead,,,d495c3f1-f1ca-4a27-b225-1a3bac55381b,,,,,,,,
6f7c303f-6e43-4a01-8724-7471ffdcb233,Hassan,Raza,KFN Holdings,hassan.raza@kfn.com.sa,+966551122334,NEW,LinkedIn,,95,LinkedIn Lead Gen Forms Mock,Enterprise Prefab Buildings,"{""simulated"":true,""linkedin_form_id"":""li_form_993"",""profile_url"":""linkedin.com/in/hassanraza""}",f,f,,,,adc833ad-1be5-41fe-9540-6f265e97aa49,,,,,,0,,email,2026-08-15 05:20:46.959+00,2026-08-15 06:05:07.602+00,7df2b1eb-287b-4790-bc51-271d444a3d4e,Hot,f,,0,AUTOMATIC,Reply to Lead,,,adc833ad-1be5-41fe-9540-6f265e97aa49,,,,,,,,
70bf015c-abef-4561-83ed-82f8c40a85d8,Tariq,Jameel,BuildCorp LLC,tariq@buildcorp.ae,+971509876543,NEW,Facebook,,85,Meta Ads Lead Form Mock,Prefab Office Ads,"{""simulated"":true,""ad_id"":""meta_ad_prefab_101"",""lead_id"":""fb_lead_55029""}",f,f,,,,695729d5-b8d4-4caf-9188-262a2db133aa,,,,,,0,,email,2026-08-15 05:22:43.41+00,2026-08-15 06:05:07.662+00,7df2b1eb-287b-4790-bc51-271d444a3d4e,Hot,f,,0,AUTOMATIC,Reply to Lead,,,695729d5-b8d4-4caf-9188-262a2db133aa,,,,,,,,
d029b7f2-f163-4701-bd42-91c5bab8829f,Hassan,Raza,KFN Holdings,hassan.raza@kfn.com.sa,+966551122334,NEW,LinkedIn,,95,LinkedIn Lead Gen Forms Mock,Enterprise Prefab Buildings,"{""simulated"":true,""linkedin_form_id"":""li_form_993"",""profile_url"":""linkedin.com/in/hassanraza""}",f,f,,,,adc833ad-1be5-41fe-9540-6f265e97aa49,,,,,,0,,email,2026-08-15 05:22:45.801+00,2026-08-15 06:05:07.722+00,7df2b1eb-287b-4790-bc51-271d444a3d4e,Hot,f,,0,AUTOMATIC,Reply to Lead,,,adc833ad-1be5-41fe-9540-6f265e97aa49,,,,,,,,
76bf3414-02c2-46cf-8fa5-4375daa72303,Yasmin,Qureshi,Designers Hub,yasmin@designershub.com,+971509876543,NEW,Facebook,,85,Meta Ads Lead Form Mock,Prefab Office Ads,"{""simulated"":true,""ad_id"":""meta_ad_prefab_101"",""lead_id"":""fb_lead_55029""}",f,f,,,,c8790cac-50df-4f73-b38d-9f5ae1bf88ce,,,,,,0,,email,2026-08-15 04:40:16.2+00,2026-08-15 05:12:38.688+00,eed70aae-cb82-42cc-a98a-d55cdf52d3b8,Hot,f,,0,AUTOMATIC,Reply to Lead,,,c8790cac-50df-4f73-b38d-9f5ae1bf88ce,,,,,,,,
36914611-0575-4ccc-92ac-3fa40d5fd7af,Tariq,Jameel,BuildCorp LLC,tariq@buildcorp.ae,+971509876543,NEW,Facebook,,85,Meta Ads Lead Form Mock,Prefab Office Ads,"{""simulated"":true,""ad_id"":""meta_ad_prefab_101"",""lead_id"":""fb_lead_55029""}",f,f,,,,695729d5-b8d4-4caf-9188-262a2db133aa,,,,,,0,,email,2026-08-15 05:14:45.561+00,2026-08-15 06:05:06.938+00,eed70aae-cb82-42cc-a98a-d55cdf52d3b8,Hot,f,,0,AUTOMATIC,Reply to Lead,,,695729d5-b8d4-4caf-9188-262a2db133aa,,,,,,,,
42459936-cf5b-4433-b4f1-aa07adff8d15,Majed,Al-Otaibi,Riyadh Construction,majed@riyadhconst.com,+966501234567,NEW,Email,,85,Gmail Mock Integration,GCC Site Cabin Campaign,"{""simulated"":true,""headers"":{""from"":""majed@riyadhconst.com"",""subject"":""Quote request for site cabins""}}",f,f,,,,e36adc11-50c5-40bd-b627-2db2eb404c50,,,,,,0,,email,2026-08-15 05:22:47.699+00,2026-08-15 06:05:07.782+00,a6b3cb0c-bce8-41fe-8eef-03e0c5490a6f,Hot,f,,0,AUTOMATIC,Reply to Lead,,,e36adc11-50c5-40bd-b627-2db2eb404c50,,,,,,,,
0302ea03-b176-46a5-9b88-853d74dd27ce,Khaled,Al-Masri,Red Sea Dev,khaled@redseadev.sa,+966501234567,NEW,Email,,85,Gmail Mock Integration,GCC Site Cabin Campaign,"{""simulated"":true,""headers"":{""from"":""khaled@redseadev.sa"",""subject"":""Quote request for site cabins""}}",f,f,,,,d495c3f1-f1ca-4a27-b225-1a3bac55381b,,,,,,0,,email,2026-08-15 05:24:47.165+00,2026-08-15 06:05:07.841+00,a6b3cb0c-bce8-41fe-8eef-03e0c5490a6f,Hot,f,,0,AUTOMATIC,Reply to Lead,,,d495c3f1-f1ca-4a27-b225-1a3bac55381b,,,,,,,,
d597dd42-ca80-4797-8f8d-1f50258a78d5,Tariq,Jameel,BuildCorp LLC,tariq@buildcorp.ae,+971509876543,NEW,Facebook,,85,Meta Ads Lead Form Mock,Prefab Office Ads,"{""simulated"":true,""ad_id"":""meta_ad_prefab_101"",""lead_id"":""fb_lead_55029""}",f,f,,,,695729d5-b8d4-4caf-9188-262a2db133aa,,,,,,0,,email,2026-08-15 05:24:47.562+00,2026-08-15 06:05:07.901+00,a6b3cb0c-bce8-41fe-8eef-03e0c5490a6f,Hot,f,,0,AUTOMATIC,Reply to Lead,,,695729d5-b8d4-4caf-9188-262a2db133aa,,,,,,,,
782d1c99-6b66-46dd-b9ff-ddf4fb5dba8a,Hassan,Raza,KFN Holdings,hassan.raza@kfn.com.sa,+966551122334,NEW,LinkedIn,,95,LinkedIn Lead Gen Forms Mock,Enterprise Prefab Buildings,"{""simulated"":true,""linkedin_form_id"":""li_form_993"",""profile_url"":""linkedin.com/in/hassanraza""}",f,f,,,,adc833ad-1be5-41fe-9540-6f265e97aa49,,,,,,0,,email,2026-08-15 05:24:47.733+00,2026-08-15 06:05:07.961+00,a6b3cb0c-bce8-41fe-8eef-03e0c5490a6f,Hot,f,,0,AUTOMATIC,Reply to Lead,,,adc833ad-1be5-41fe-9540-6f265e97aa49,,,,,,,,
9c0e5751-3824-470e-8edc-1372d428798d,Tariq,Jameel,BuildCorp LLC,tariq@buildcorp.ae,+971509876543,NEW,Facebook,,85,Meta Ads Lead Form Mock,Prefab Office Ads,"{""simulated"":true,""ad_id"":""meta_ad_prefab_101"",""lead_id"":""fb_lead_55029""}",f,f,,,,695729d5-b8d4-4caf-9188-262a2db133aa,,,,,,0,,email,2026-08-15 05:26:44.577+00,2026-08-15 06:05:08.02+00,a6b3cb0c-bce8-41fe-8eef-03e0c5490a6f,Hot,f,,0,AUTOMATIC,Reply to Lead,,,695729d5-b8d4-4caf-9188-262a2db133aa,,,,,,,,
e3842152-b19f-428f-ba38-551b3ee28f41,Majed,Al-Otaibi,Riyadh Construction,majed@riyadhconst.com,+966501234567,NEW,Email,,85,Gmail Mock Integration,GCC Site Cabin Campaign,"{""simulated"":true,""headers"":{""from"":""majed@riyadhconst.com"",""subject"":""Quote request for site cabins""}}",f,f,,,,e36adc11-50c5-40bd-b627-2db2eb404c50,,,,,,0,,email,2026-08-15 06:17:15.715+00,2026-08-15 06:51:02.272+00,1b707b38-8218-4114-a7a7-1000fdc3408c,Hot,f,,0,AUTOMATIC,Reply to Lead,,,e36adc11-50c5-40bd-b627-2db2eb404c50,,,,,,,,
4c1b435f-5259-4bbb-af6a-d4f2cc4af1f7,Yasmin,Qureshi,Designers Hub,yasmin@designershub.com,+971509876543,NEW,Facebook,,85,Meta Ads Lead Form Mock,Prefab Office Ads,"{""simulated"":true,""ad_id"":""meta_ad_prefab_101"",""lead_id"":""fb_lead_55029""}",f,f,,,,c8790cac-50df-4f73-b38d-9f5ae1bf88ce,,,,,,0,,email,2026-08-15 06:17:17.253+00,2026-08-15 06:51:03.048+00,1b707b38-8218-4114-a7a7-1000fdc3408c,Hot,f,,0,AUTOMATIC,Reply to Lead,,,c8790cac-50df-4f73-b38d-9f5ae1bf88ce,,,,,,,,
6d338e16-d92a-4559-b6f2-b7e7e8ca6abc,Hassan,Raza,KFN Holdings,hassan.raza@kfn.com.sa,+966551122334,NEW,LinkedIn,,95,LinkedIn Lead Gen Forms Mock,Enterprise Prefab Buildings,"{""simulated"":true,""linkedin_form_id"":""li_form_993"",""profile_url"":""linkedin.com/in/hassanraza""}",f,f,,,,adc833ad-1be5-41fe-9540-6f265e97aa49,,,,,,0,,email,2026-08-15 06:17:17.415+00,2026-08-15 06:51:03.25+00,1b707b38-8218-4114-a7a7-1000fdc3408c,Hot,f,,0,AUTOMATIC,Reply to Lead,,,adc833ad-1be5-41fe-9540-6f265e97aa49,,,,,,,,
dfcf5b03-a1e1-419b-a9f5-304af4dd23a2,Majed,Al-Otaibi,Riyadh Construction,majed@riyadhconst.com,+966501234567,NEW,Email,,85,Gmail Mock Integration,GCC Site Cabin Campaign,"{""simulated"":true,""headers"":{""from"":""majed@riyadhconst.com"",""subject"":""Quote request for site cabins""}}",f,f,,,,e36adc11-50c5-40bd-b627-2db2eb404c50,,,,,,0,,email,2026-08-15 05:38:45.622+00,2026-08-15 06:05:08.857+00,75a47989-b9ac-4733-a4ba-d3568a7b193c,Hot,f,,0,AUTOMATIC,Reply to Lead,,,e36adc11-50c5-40bd-b627-2db2eb404c50,,,,,,,,
0d801f5d-a25a-445e-8cc3-e6e3e87bb422,Hassan,Raza,KFN Holdings,hassan.raza@kfn.com.sa,+966551122334,NEW,LinkedIn,,95,LinkedIn Lead Gen Forms Mock,Enterprise Prefab Buildings,"{""simulated"":true,""linkedin_form_id"":""li_form_993"",""profile_url"":""linkedin.com/in/hassanraza""}",f,f,,,,adc833ad-1be5-41fe-9540-6f265e97aa49,,,,,,0,,email,2026-08-15 05:38:46.603+00,2026-08-15 06:05:08.917+00,75a47989-b9ac-4733-a4ba-d3568a7b193c,Hot,f,,0,AUTOMATIC,Reply to Lead,,,adc833ad-1be5-41fe-9540-6f265e97aa49,,,,,,,,
e68d7acc-4a8d-472b-b85e-aca306516ad6,Tariq,Jameel,BuildCorp LLC,tariq@buildcorp.ae,+971509876543,NEW,Facebook,,85,Meta Ads Lead Form Mock,Prefab Office Ads,"{""simulated"":true,""ad_id"":""meta_ad_prefab_101"",""lead_id"":""fb_lead_55029""}",f,f,,,,695729d5-b8d4-4caf-9188-262a2db133aa,,,,,,0,,email,2026-08-15 05:38:46.76+00,2026-08-15 06:05:08.976+00,75a47989-b9ac-4733-a4ba-d3568a7b193c,Hot,f,,0,AUTOMATIC,Reply to Lead,,,695729d5-b8d4-4caf-9188-262a2db133aa,,,,,,,,
d9e507fe-e313-4603-8d6b-6181b996b366,Hassan,Raza,KFN Holdings,hassan.raza@kfn.com.sa,+966551122334,NEW,LinkedIn,,95,LinkedIn Lead Gen Forms Mock,Enterprise Prefab Buildings,"{""simulated"":true,""linkedin_form_id"":""li_form_993"",""profile_url"":""linkedin.com/in/hassanraza""}",f,f,,,,adc833ad-1be5-41fe-9540-6f265e97aa49,,,,,,0,,email,2026-08-15 05:34:45.939+00,2026-08-15 06:05:09.231+00,d71890f9-1f96-4d1d-be3b-bdd6832be466,Hot,f,,0,AUTOMATIC,Reply to Lead,,,adc833ad-1be5-41fe-9540-6f265e97aa49,,,,,,,,
55436a60-a6c1-40e7-bbe2-b632407f0904,Yasmin,Qureshi,Designers Hub,yasmin@designershub.com,+971509876543,NEW,Facebook,,85,Meta Ads Lead Form Mock,Prefab Office Ads,"{""simulated"":true,""ad_id"":""meta_ad_prefab_101"",""lead_id"":""fb_lead_55029""}",f,f,,,,c8790cac-50df-4f73-b38d-9f5ae1bf88ce,,,,,,0,,email,2026-08-15 05:36:46.026+00,2026-08-15 06:05:09.292+00,d71890f9-1f96-4d1d-be3b-bdd6832be466,Hot,f,,0,AUTOMATIC,Reply to Lead,,,c8790cac-50df-4f73-b38d-9f5ae1bf88ce,,,,,,,,
db4dcf85-dfac-43d2-bdb3-634e72fbfa10,Hassan,Raza,KFN Holdings,hassan.raza@kfn.com.sa,+966551122334,NEW,LinkedIn,,95,LinkedIn Lead Gen Forms Mock,Enterprise Prefab Buildings,"{""simulated"":true,""linkedin_form_id"":""li_form_993"",""profile_url"":""linkedin.com/in/hassanraza""}",f,f,,,,adc833ad-1be5-41fe-9540-6f265e97aa49,,,,,,0,,email,2026-08-15 05:36:46.249+00,2026-08-15 06:05:09.366+00,d71890f9-1f96-4d1d-be3b-bdd6832be466,Hot,f,,0,AUTOMATIC,Reply to Lead,,,adc833ad-1be5-41fe-9540-6f265e97aa49,,,,,,,,
6f991348-a4d8-4cf2-abda-199a3cc9c488,Khaled,Al-Masri,Red Sea Dev,khaled@redseadev.sa,+966501234567,NEW,Email,,85,Gmail Mock Integration,GCC Site Cabin Campaign,"{""simulated"":true,""headers"":{""from"":""khaled@redseadev.sa"",""subject"":""Quote request for site cabins""}}",f,f,,,,d495c3f1-f1ca-4a27-b225-1a3bac55381b,,,,,,0,,email,2026-08-15 05:40:46.035+00,2026-08-15 06:05:09.446+00,75a47989-b9ac-4733-a4ba-d3568a7b193c,Hot,f,,0,AUTOMATIC,Reply to Lead,,,d495c3f1-f1ca-4a27-b225-1a3bac55381b,,,,,,,,
1189a671-037b-445d-b9cd-58cf5fd80a63,Tariq,Jameel,BuildCorp LLC,tariq@buildcorp.ae,+971509876543,NEW,Facebook,,85,Meta Ads Lead Form Mock,Prefab Office Ads,"{""simulated"":true,""ad_id"":""meta_ad_prefab_101"",""lead_id"":""fb_lead_55029""}",f,f,,,,695729d5-b8d4-4caf-9188-262a2db133aa,,,,,,0,,email,2026-08-15 05:40:46.271+00,2026-08-15 06:05:09.518+00,75a47989-b9ac-4733-a4ba-d3568a7b193c,Hot,f,,0,AUTOMATIC,Reply to Lead,,,695729d5-b8d4-4caf-9188-262a2db133aa,,,,,,,,
eff0507e-1dd6-435e-b6dd-94cdf415d1ad,Hassan,Raza,KFN Holdings,hassan.raza@kfn.com.sa,+966551122334,NEW,LinkedIn,,95,LinkedIn Lead Gen Forms Mock,Enterprise Prefab Buildings,"{""simulated"":true,""linkedin_form_id"":""li_form_993"",""profile_url"":""linkedin.com/in/hassanraza""}",f,f,,,,adc833ad-1be5-41fe-9540-6f265e97aa49,,,,,,0,,email,2026-08-15 05:26:44.618+00,2026-08-15 06:05:08.08+00,a6b3cb0c-bce8-41fe-8eef-03e0c5490a6f,Hot,f,,0,AUTOMATIC,Reply to Lead,,,adc833ad-1be5-41fe-9540-6f265e97aa49,,,,,,,,
6b9115bc-8c1b-4fdc-a3d4-cea3db7eed90,Majed,Al-Otaibi,Riyadh Construction,majed@riyadhconst.com,+966501234567,NEW,Email,,85,Gmail Mock Integration,GCC Site Cabin Campaign,"{""simulated"":true,""headers"":{""from"":""majed@riyadhconst.com"",""subject"":""Quote request for site cabins""}}",f,f,,,,e36adc11-50c5-40bd-b627-2db2eb404c50,,,,,,0,,email,2026-08-15 05:26:46.508+00,2026-08-15 06:05:08.14+00,a6b3cb0c-bce8-41fe-8eef-03e0c5490a6f,Hot,f,,0,AUTOMATIC,Reply to Lead,,,e36adc11-50c5-40bd-b627-2db2eb404c50,,,,,,,,
442c0322-89b9-473c-815a-d8639180b337,Khaled,Al-Masri,Red Sea Dev,khaled@redseadev.sa,+966501234567,NEW,Email,,85,Gmail Mock Integration,GCC Site Cabin Campaign,"{""simulated"":true,""headers"":{""from"":""khaled@redseadev.sa"",""subject"":""Quote request for site cabins""}}",f,f,,,,d495c3f1-f1ca-4a27-b225-1a3bac55381b,,,,,,0,,email,2026-08-15 05:36:44.416+00,2026-08-15 06:05:08.2+00,d71890f9-1f96-4d1d-be3b-bdd6832be466,Hot,f,,0,AUTOMATIC,Reply to Lead,,,d495c3f1-f1ca-4a27-b225-1a3bac55381b,,,,,,,,
0cebe22c-84f1-4e0a-b96a-49d2275b7b66,Hassan,Raza,KFN Holdings,hassan.raza@kfn.com.sa,+966551122334,NEW,LinkedIn,,95,LinkedIn Lead Gen Forms Mock,Enterprise Prefab Buildings,"{""simulated"":true,""linkedin_form_id"":""li_form_993"",""profile_url"":""linkedin.com/in/hassanraza""}",f,f,,,,adc833ad-1be5-41fe-9540-6f265e97aa49,,,,,,0,,email,2026-08-15 05:44:44.039+00,2026-08-15 06:05:08.26+00,0d006baa-e2d4-4c4b-989e-9d8bbfe60dc1,Hot,f,,0,AUTOMATIC,Reply to Lead,,,adc833ad-1be5-41fe-9540-6f265e97aa49,,,,,,,,
42302446-378f-4f70-abdd-c9abf5805a9b,Yasmin,Qureshi,Designers Hub,yasmin@designershub.com,+971509876543,NEW,Facebook,,85,Meta Ads Lead Form Mock,Prefab Office Ads,"{""simulated"":true,""ad_id"":""meta_ad_prefab_101"",""lead_id"":""fb_lead_55029""}",f,f,,,,c8790cac-50df-4f73-b38d-9f5ae1bf88ce,,,,,,0,,email,2026-08-15 05:48:46.017+00,2026-08-15 06:05:08.32+00,255f20c1-f5f7-4cfc-b3c4-0c60e657b640,Hot,f,,0,AUTOMATIC,Reply to Lead,,,c8790cac-50df-4f73-b38d-9f5ae1bf88ce,,,,,,,,
ba2d003b-5d99-402b-9eec-305c769ffda5,Yasmin,Qureshi,Designers Hub,yasmin@designershub.com,+971509876543,NEW,Facebook,,85,Meta Ads Lead Form Mock,Prefab Office Ads,"{""simulated"":true,""ad_id"":""meta_ad_prefab_101"",""lead_id"":""fb_lead_55029""}",f,f,,,,c8790cac-50df-4f73-b38d-9f5ae1bf88ce,,,,,,0,,email,2026-08-15 06:09:15.382+00,2026-08-15 06:51:02.046+00,ef8cd2d6-7fc3-43cc-adbc-a972880998af,Hot,f,,0,AUTOMATIC,Reply to Lead,,,c8790cac-50df-4f73-b38d-9f5ae1bf88ce,,,,,,,,
a4d73744-34e5-435a-90fc-e8af0cf5b18b,Hassan,Raza,KFN Holdings,hassan.raza@kfn.com.sa,+966551122334,NEW,LinkedIn,,95,LinkedIn Lead Gen Forms Mock,Enterprise Prefab Buildings,"{""simulated"":true,""linkedin_form_id"":""li_form_993"",""profile_url"":""linkedin.com/in/hassanraza""}",f,f,,,,adc833ad-1be5-41fe-9540-6f265e97aa49,,,,,,0,,email,2026-08-15 06:09:15.732+00,2026-08-15 06:51:02.143+00,ef8cd2d6-7fc3-43cc-adbc-a972880998af,Hot,f,,0,AUTOMATIC,Reply to Lead,,,adc833ad-1be5-41fe-9540-6f265e97aa49,,,,,,,,
88fb8f8b-d4db-418d-af98-b32d39c95ac4,Hassan,Raza,KFN Holdings,hassan.raza@kfn.com.sa,+966551122334,NEW,LinkedIn,,95,LinkedIn Lead Gen Forms Mock,Enterprise Prefab Buildings,"{""simulated"":true,""linkedin_form_id"":""li_form_993"",""profile_url"":""linkedin.com/in/hassanraza""}",f,f,,,,adc833ad-1be5-41fe-9540-6f265e97aa49,,,,,,0,,email,2026-08-15 06:15:17.608+00,2026-08-15 06:51:02.208+00,1b707b38-8218-4114-a7a7-1000fdc3408c,Hot,f,,0,AUTOMATIC,Reply to Lead,,,adc833ad-1be5-41fe-9540-6f265e97aa49,,,,,,,,
ca5d0cc4-690a-4317-ba14-27ce8f3c07d5,Hassan,Raza,KFN Holdings,hassan.raza@kfn.com.sa,+966551122334,NEW,LinkedIn,,95,LinkedIn Lead Gen Forms Mock,Enterprise Prefab Buildings,"{""simulated"":true,""linkedin_form_id"":""li_form_993"",""profile_url"":""linkedin.com/in/hassanraza""}",f,f,,,,adc833ad-1be5-41fe-9540-6f265e97aa49,,,,,,0,,email,2026-08-15 05:40:48.419+00,2026-08-15 06:05:09.676+00,75a47989-b9ac-4733-a4ba-d3568a7b193c,Hot,f,,0,AUTOMATIC,Reply to Lead,,,adc833ad-1be5-41fe-9540-6f265e97aa49,,,,,,,,
205f7650-79a6-43e3-8509-9008d410f3be,Khaled,Al-Masri,Red Sea Dev,khaled@redseadev.sa,+966501234567,NEW,Email,,85,Gmail Mock Integration,GCC Site Cabin Campaign,"{""simulated"":true,""headers"":{""from"":""khaled@redseadev.sa"",""subject"":""Quote request for site cabins""}}",f,f,,,,d495c3f1-f1ca-4a27-b225-1a3bac55381b,,,,,,0,,email,2026-08-15 05:42:44.639+00,2026-08-15 06:05:09.769+00,0d006baa-e2d4-4c4b-989e-9d8bbfe60dc1,Hot,f,,0,AUTOMATIC,Reply to Lead,,,d495c3f1-f1ca-4a27-b225-1a3bac55381b,,,,,,,,
ed4fe77b-fe9f-4d7b-b51f-b12cdd04d249,Yasmin,Qureshi,Designers Hub,yasmin@designershub.com,+971509876543,NEW,Facebook,,85,Meta Ads Lead Form Mock,Prefab Office Ads,"{""simulated"":true,""ad_id"":""meta_ad_prefab_101"",""lead_id"":""fb_lead_55029""}",f,f,,,,c8790cac-50df-4f73-b38d-9f5ae1bf88ce,,,,,,0,,email,2026-08-15 05:42:45.964+00,2026-08-15 06:05:10.244+00,0d006baa-e2d4-4c4b-989e-9d8bbfe60dc1,Hot,f,,0,AUTOMATIC,Reply to Lead,,,c8790cac-50df-4f73-b38d-9f5ae1bf88ce,,,,,,,,
09f72ad8-be29-48a1-8a0f-8fab026e7d03,Hassan,Raza,KFN Holdings,hassan.raza@kfn.com.sa,+966551122334,NEW,LinkedIn,,95,LinkedIn Lead Gen Forms Mock,Enterprise Prefab Buildings,"{""simulated"":true,""linkedin_form_id"":""li_form_993"",""profile_url"":""linkedin.com/in/hassanraza""}",f,f,,,,adc833ad-1be5-41fe-9540-6f265e97aa49,,,,,,0,,email,2026-08-15 05:42:46.466+00,2026-08-15 06:05:10.332+00,0d006baa-e2d4-4c4b-989e-9d8bbfe60dc1,Hot,f,,0,AUTOMATIC,Reply to Lead,,,adc833ad-1be5-41fe-9540-6f265e97aa49,,,,,,,,
8eca6505-2dd9-4941-a37e-2f182026e723,Hassan,Raza,KFN Holdings,hassan.raza@kfn.com.sa,+966551122334,NEW,LinkedIn,,95,LinkedIn Lead Gen Forms Mock,Enterprise Prefab Buildings,"{""simulated"":true,""linkedin_form_id"":""li_form_993"",""profile_url"":""linkedin.com/in/hassanraza""}",f,f,,,,adc833ad-1be5-41fe-9540-6f265e97aa49,,,,,,0,,email,2026-08-15 05:28:44.09+00,2026-08-15 06:05:08.379+00,a6b3cb0c-bce8-41fe-8eef-03e0c5490a6f,Hot,f,,0,AUTOMATIC,Reply to Lead,,,adc833ad-1be5-41fe-9540-6f265e97aa49,,,,,,,,
adb1b203-540e-46af-b303-679f3f52beb4,Tariq,Jameel,BuildCorp LLC,tariq@buildcorp.ae,+971509876543,NEW,Facebook,,85,Meta Ads Lead Form Mock,Prefab Office Ads,"{""simulated"":true,""ad_id"":""meta_ad_prefab_101"",""lead_id"":""fb_lead_55029""}",f,f,,,,695729d5-b8d4-4caf-9188-262a2db133aa,,,,,,0,,email,2026-08-15 05:28:44.125+00,2026-08-15 06:05:08.439+00,a6b3cb0c-bce8-41fe-8eef-03e0c5490a6f,Hot,f,,0,AUTOMATIC,Reply to Lead,,,695729d5-b8d4-4caf-9188-262a2db133aa,,,,,,,,
06966fbf-688b-47e2-8dd0-836a5bf78291,Khaled,Al-Masri,Red Sea Dev,khaled@redseadev.sa,+966501234567,NEW,Email,,85,Gmail Mock Integration,GCC Site Cabin Campaign,"{""simulated"":true,""headers"":{""from"":""khaled@redseadev.sa"",""subject"":""Quote request for site cabins""}}",f,f,,,,d495c3f1-f1ca-4a27-b225-1a3bac55381b,,,,,,0,,email,2026-08-15 05:28:46.488+00,2026-08-15 06:05:08.499+00,a6b3cb0c-bce8-41fe-8eef-03e0c5490a6f,Hot,f,,0,AUTOMATIC,Reply to Lead,,,d495c3f1-f1ca-4a27-b225-1a3bac55381b,,,,,,,,
61891404-8e69-4a84-9be1-0e9bf4c8ae96,Khaled,Al-Masri,Red Sea Dev,khaled@redseadev.sa,+966501234567,NEW,Email,,85,Gmail Mock Integration,GCC Site Cabin Campaign,"{""simulated"":true,""headers"":{""from"":""khaled@redseadev.sa"",""subject"":""Quote request for site cabins""}}",f,f,,,,d495c3f1-f1ca-4a27-b225-1a3bac55381b,,,,,,0,,email,2026-08-15 05:30:44.811+00,2026-08-15 06:05:08.559+00,8fc38563-4b63-4f74-ab98-7e32e5476ef7,Hot,f,,0,AUTOMATIC,Reply to Lead,,,d495c3f1-f1ca-4a27-b225-1a3bac55381b,,,,,,,,
fbae1971-37ca-41d7-aed6-b5422d1b757d,Yasmin,Qureshi,Designers Hub,yasmin@designershub.com,+971509876543,NEW,Facebook,,85,Meta Ads Lead Form Mock,Prefab Office Ads,"{""simulated"":true,""ad_id"":""meta_ad_prefab_101"",""lead_id"":""fb_lead_55029""}",f,f,,,,c8790cac-50df-4f73-b38d-9f5ae1bf88ce,,,,,,0,,email,2026-08-15 05:30:45.836+00,2026-08-15 06:05:08.618+00,8fc38563-4b63-4f74-ab98-7e32e5476ef7,Hot,f,,0,AUTOMATIC,Reply to Lead,,,c8790cac-50df-4f73-b38d-9f5ae1bf88ce,,,,,,,,
be19ba50-aba5-4147-8674-207dcd7107bf,Hassan,Raza,KFN Holdings,hassan.raza@kfn.com.sa,+966551122334,NEW,LinkedIn,,95,LinkedIn Lead Gen Forms Mock,Enterprise Prefab Buildings,"{""simulated"":true,""linkedin_form_id"":""li_form_993"",""profile_url"":""linkedin.com/in/hassanraza""}",f,f,,,,adc833ad-1be5-41fe-9540-6f265e97aa49,,,,,,0,,email,2026-08-15 05:30:47.156+00,2026-08-15 06:05:08.678+00,8fc38563-4b63-4f74-ab98-7e32e5476ef7,Hot,f,,0,AUTOMATIC,Reply to Lead,,,adc833ad-1be5-41fe-9540-6f265e97aa49,,,,,,,,
ac6be006-842d-4ccc-9858-340168fb1f03,Tariq,Jameel,BuildCorp LLC,tariq@buildcorp.ae,+971509876543,NEW,Facebook,,85,Meta Ads Lead Form Mock,Prefab Office Ads,"{""simulated"":true,""ad_id"":""meta_ad_prefab_101"",""lead_id"":""fb_lead_55029""}",f,f,,,,695729d5-b8d4-4caf-9188-262a2db133aa,,,,,,0,,email,2026-08-15 05:32:44.735+00,2026-08-15 06:05:08.738+00,a7059642-3c33-42b6-9307-4860753ba1cc,Hot,f,,0,AUTOMATIC,Reply to Lead,,,695729d5-b8d4-4caf-9188-262a2db133aa,,,,,,,,
9bd79be0-539e-4ab4-acd4-e3791ea7b7c9,Yasmin,Qureshi,Designers Hub,yasmin@designershub.com,+971509876543,NEW,Facebook,,85,Meta Ads Lead Form Mock,Prefab Office Ads,"{""simulated"":true,""ad_id"":""meta_ad_prefab_101"",""lead_id"":""fb_lead_55029""}",f,f,,,,c8790cac-50df-4f73-b38d-9f5ae1bf88ce,,,,,,0,,email,2026-08-15 05:34:44.313+00,2026-08-15 06:05:08.798+00,d71890f9-1f96-4d1d-be3b-bdd6832be466,Hot,f,,0,AUTOMATIC,Reply to Lead,,,c8790cac-50df-4f73-b38d-9f5ae1bf88ce,,,,,,,,
c8c1e80f-00fc-42dd-8feb-c44afe472ab6,Hassan,Raza,KFN Holdings,hassan.raza@kfn.com.sa,+966551122334,NEW,LinkedIn,,95,LinkedIn Lead Gen Forms Mock,Enterprise Prefab Buildings,"{""simulated"":true,""linkedin_form_id"":""li_form_993"",""profile_url"":""linkedin.com/in/hassanraza""}",f,f,,,,adc833ad-1be5-41fe-9540-6f265e97aa49,,,,,,0,,email,2026-08-15 05:48:43.748+00,2026-08-15 06:05:10.396+00,0d006baa-e2d4-4c4b-989e-9d8bbfe60dc1,Hot,f,,0,AUTOMATIC,Reply to Lead,,,adc833ad-1be5-41fe-9540-6f265e97aa49,,,,,,,,
d8e9c838-5057-429c-b1e7-364b85c278cf,Khaled,Al-Masri,Red Sea Dev,khaled@redseadev.sa,+966501234567,NEW,Email,,85,Gmail Mock Integration,GCC Site Cabin Campaign,"{""simulated"":true,""headers"":{""from"":""khaled@redseadev.sa"",""subject"":""Quote request for site cabins""}}",f,f,,,,d495c3f1-f1ca-4a27-b225-1a3bac55381b,,,,,,0,,email,2026-08-15 05:48:43.754+00,2026-08-15 06:05:10.465+00,0d006baa-e2d4-4c4b-989e-9d8bbfe60dc1,Hot,f,,0,AUTOMATIC,Reply to Lead,,,d495c3f1-f1ca-4a27-b225-1a3bac55381b,,,,,,,,
84882843-089a-4897-a6dc-5f000be09b7f,Khaled,Al-Masri,Red Sea Dev,khaled@redseadev.sa,+966501234567,NEW,Email,,85,Gmail Mock Integration,GCC Site Cabin Campaign,"{""simulated"":true,""headers"":{""from"":""khaled@redseadev.sa"",""subject"":""Quote request for site cabins""}}",f,f,,,,d495c3f1-f1ca-4a27-b225-1a3bac55381b,,,,,,0,,email,2026-08-15 05:50:43.814+00,2026-08-15 06:05:10.666+00,255f20c1-f5f7-4cfc-b3c4-0c60e657b640,Hot,f,,0,AUTOMATIC,Reply to Lead,,,d495c3f1-f1ca-4a27-b225-1a3bac55381b,,,,,,,,
69c509ea-62c8-465f-af85-11bd1e761509,Tariq,Jameel,BuildCorp LLC,tariq@buildcorp.ae,+971509876543,NEW,Facebook,,85,Meta Ads Lead Form Mock,Prefab Office Ads,"{""simulated"":true,""ad_id"":""meta_ad_prefab_101"",""lead_id"":""fb_lead_55029""}",f,f,,,,695729d5-b8d4-4caf-9188-262a2db133aa,,,,,,0,,email,2026-08-15 05:50:44.429+00,2026-08-15 06:05:10.726+00,255f20c1-f5f7-4cfc-b3c4-0c60e657b640,Hot,f,,0,AUTOMATIC,Reply to Lead,,,695729d5-b8d4-4caf-9188-262a2db133aa,,,,,,,,
69a760f2-ed4d-46b5-a200-b8320a22925b,Majed,Al-Otaibi,Riyadh Construction,majed@riyadhconst.com,+966501234567,NEW,Email,,85,Gmail Mock Integration,GCC Site Cabin Campaign,"{""simulated"":true,""headers"":{""from"":""majed@riyadhconst.com"",""subject"":""Quote request for site cabins""}}",f,f,,,,e36adc11-50c5-40bd-b627-2db2eb404c50,,,,,,0,,email,2026-08-15 05:32:44.432+00,2026-08-15 06:05:09.042+00,a7059642-3c33-42b6-9307-4860753ba1cc,Hot,f,,0,AUTOMATIC,Reply to Lead,,,e36adc11-50c5-40bd-b627-2db2eb404c50,,,,,,,,
37530576-4c20-46a5-a16b-276aff7f9eeb,Hassan,Raza,KFN Holdings,hassan.raza@kfn.com.sa,+966551122334,NEW,LinkedIn,,95,LinkedIn Lead Gen Forms Mock,Enterprise Prefab Buildings,"{""simulated"":true,""linkedin_form_id"":""li_form_993"",""profile_url"":""linkedin.com/in/hassanraza""}",f,f,,,,adc833ad-1be5-41fe-9540-6f265e97aa49,,,,,,0,,email,2026-08-15 05:32:46.164+00,2026-08-15 06:05:09.102+00,a7059642-3c33-42b6-9307-4860753ba1cc,Hot,f,,0,AUTOMATIC,Reply to Lead,,,adc833ad-1be5-41fe-9540-6f265e97aa49,,,,,,,,
eee92fe1-4845-4cbe-a05c-30373a87fe93,Majed,Al-Otaibi,Riyadh Construction,majed@riyadhconst.com,+966501234567,NEW,Email,,85,Gmail Mock Integration,GCC Site Cabin Campaign,"{""simulated"":true,""headers"":{""from"":""majed@riyadhconst.com"",""subject"":""Quote request for site cabins""}}",f,f,,,,e36adc11-50c5-40bd-b627-2db2eb404c50,,,,,,0,,email,2026-08-15 05:34:43.999+00,2026-08-15 06:05:09.163+00,d71890f9-1f96-4d1d-be3b-bdd6832be466,Hot,f,,0,AUTOMATIC,Reply to Lead,,,e36adc11-50c5-40bd-b627-2db2eb404c50,,,,,,,,
e03f7bb8-2a8c-4eba-b41f-c263c3ad3b7b,Hassan,Raza,KFN Holdings,hassan.raza@kfn.com.sa,+966551122334,NEW,LinkedIn,,95,LinkedIn Lead Gen Forms Mock,Enterprise Prefab Buildings,"{""simulated"":true,""linkedin_form_id"":""li_form_993"",""profile_url"":""linkedin.com/in/hassanraza""}",f,f,,,,adc833ad-1be5-41fe-9540-6f265e97aa49,,,,,,0,,email,2026-08-15 05:50:45.877+00,2026-08-15 06:05:10.785+00,255f20c1-f5f7-4cfc-b3c4-0c60e657b640,Hot,f,,0,AUTOMATIC,Reply to Lead,,,adc833ad-1be5-41fe-9540-6f265e97aa49,,,,,,,,
e4c29ac4-a268-462c-95db-c60ecd8861a8,Yasmin,Qureshi,Designers Hub,yasmin@designershub.com,+971509876543,NEW,Facebook,,85,Meta Ads Lead Form Mock,Prefab Office Ads,"{""simulated"":true,""ad_id"":""meta_ad_prefab_101"",""lead_id"":""fb_lead_55029""}",f,f,,,,c8790cac-50df-4f73-b38d-9f5ae1bf88ce,,,,,,0,,email,2026-08-15 05:52:47.618+00,2026-08-15 06:05:10.845+00,255f20c1-f5f7-4cfc-b3c4-0c60e657b640,Hot,f,,0,AUTOMATIC,Reply to Lead,,,c8790cac-50df-4f73-b38d-9f5ae1bf88ce,,,,,,,,
9428a26a-dad8-4b48-841f-6e942bc4284f,Majed,Al-Otaibi,Riyadh Construction,majed@riyadhconst.com,+966501234567,NEW,Email,,85,Gmail Mock Integration,GCC Site Cabin Campaign,"{""simulated"":true,""headers"":{""from"":""majed@riyadhconst.com"",""subject"":""Quote request for site cabins""}}",f,f,,,,e36adc11-50c5-40bd-b627-2db2eb404c50,,,,,,0,,email,2026-08-15 05:14:45.402+00,2026-08-15 06:05:06.787+00,eed70aae-cb82-42cc-a98a-d55cdf52d3b8,Hot,f,,0,AUTOMATIC,Reply to Lead,,,e36adc11-50c5-40bd-b627-2db2eb404c50,,,,,,,,
70cf37da-86df-482f-a0d4-699c3b73b3c0,Mehaboob,Ullal,TCS,m@m.com,1121212,NEW,Website,,100,Request a Quote Page,Website Quote Form,"{""firstName"":""Mehaboob"",""lastName"":""Ullal"",""email"":""m@m.com"",""phone"":""1121212"",""company"":""TCS"",""message"":""Service Needed: Industrial Services\n\nwe need a crane 50 tons"",""budgetRange"":""Under SAR 50,000"",""source"":""Website"",""sourceDetail"":""Request a Quote Page"",""campaign"":""Website Quote Form""}",f,f,,"Service Needed: Industrial Services

we need a crane 50 tons","Under SAR 50,000",5adf44be-7c15-49a2-bd17-f5286ae626dd,,,,,,0,,email,2026-08-15 05:18:19.006+00,2026-08-15 06:05:07.239+00,a7059642-3c33-42b6-9307-4860753ba1cc,Hot,f,,0,AUTOMATIC,Reply to Lead,,,5adf44be-7c15-49a2-bd17-f5286ae626dd,,,,,,,,
4215b513-2183-4fb9-9bce-56df15a6b6c3,Tariq,Jameel,BuildCorp LLC,tariq@buildcorp.ae,+971509876543,NEW,Facebook,,85,Meta Ads Lead Form Mock,Prefab Office Ads,"{""simulated"":true,""ad_id"":""meta_ad_prefab_101"",""lead_id"":""fb_lead_55029""}",f,f,,,,695729d5-b8d4-4caf-9188-262a2db133aa,,,,,,0,,email,2026-08-15 05:44:45.701+00,2026-08-15 06:05:10.904+00,0d006baa-e2d4-4c4b-989e-9d8bbfe60dc1,Hot,f,,0,AUTOMATIC,Reply to Lead,,,695729d5-b8d4-4caf-9188-262a2db133aa,,,,,,,,
27b452e2-050f-4dc1-b8cd-fb7b29a08e71,Khaled,Al-Masri,Red Sea Dev,khaled@redseadev.sa,+966501234567,NEW,Email,,85,Gmail Mock Integration,GCC Site Cabin Campaign,"{""simulated"":true,""headers"":{""from"":""khaled@redseadev.sa"",""subject"":""Quote request for site cabins""}}",f,f,,,,d495c3f1-f1ca-4a27-b225-1a3bac55381b,,,,,,0,,email,2026-08-15 05:44:46.927+00,2026-08-15 06:05:10.964+00,0d006baa-e2d4-4c4b-989e-9d8bbfe60dc1,Hot,f,,0,AUTOMATIC,Reply to Lead,,,d495c3f1-f1ca-4a27-b225-1a3bac55381b,,,,,,,,
cfcffb6f-3be8-4490-b2f1-3ec0dd68b0ce,Khaled,Al-Masri,Red Sea Dev,khaled@redseadev.sa,+966501234567,NEW,Email,,85,Gmail Mock Integration,GCC Site Cabin Campaign,"{""simulated"":true,""headers"":{""from"":""khaled@redseadev.sa"",""subject"":""Quote request for site cabins""}}",f,f,,,,d495c3f1-f1ca-4a27-b225-1a3bac55381b,,,,,,0,,email,2026-08-15 05:46:43.554+00,2026-08-15 06:05:11.023+00,0d006baa-e2d4-4c4b-989e-9d8bbfe60dc1,Hot,f,,0,AUTOMATIC,Reply to Lead,,,d495c3f1-f1ca-4a27-b225-1a3bac55381b,,,,,,,,
41e2eded-915c-4e6c-a79c-5a857e44d486,Yasmin,Qureshi,Designers Hub,yasmin@designershub.com,+971509876543,NEW,Facebook,,85,Meta Ads Lead Form Mock,Prefab Office Ads,"{""simulated"":true,""ad_id"":""meta_ad_prefab_101"",""lead_id"":""fb_lead_55029""}",f,f,,,,c8790cac-50df-4f73-b38d-9f5ae1bf88ce,,,,,,0,,email,2026-08-15 05:46:43.555+00,2026-08-15 06:05:11.083+00,0d006baa-e2d4-4c4b-989e-9d8bbfe60dc1,Hot,f,,0,AUTOMATIC,Reply to Lead,,,c8790cac-50df-4f73-b38d-9f5ae1bf88ce,,,,,,,,
fca52d18-2ab6-45cf-a6fe-ac134c3843d5,Hassan,Raza,KFN Holdings,hassan.raza@kfn.com.sa,+966551122334,NEW,LinkedIn,,95,LinkedIn Lead Gen Forms Mock,Enterprise Prefab Buildings,"{""simulated"":true,""linkedin_form_id"":""li_form_993"",""profile_url"":""linkedin.com/in/hassanraza""}",f,f,,,,adc833ad-1be5-41fe-9540-6f265e97aa49,,,,,,0,,email,2026-08-15 05:46:44.647+00,2026-08-15 06:05:11.143+00,0d006baa-e2d4-4c4b-989e-9d8bbfe60dc1,Hot,f,,0,AUTOMATIC,Reply to Lead,,,adc833ad-1be5-41fe-9540-6f265e97aa49,,,,,,,,
612919cb-6176-411c-8610-27ef1ce7bfd8,Hassan,Raza,KFN Holdings,hassan.raza@kfn.com.sa,+966551122334,NEW,LinkedIn,,95,LinkedIn Lead Gen Forms Mock,Enterprise Prefab Buildings,"{""simulated"":true,""linkedin_form_id"":""li_form_993"",""profile_url"":""linkedin.com/in/hassanraza""}",f,f,,,,adc833ad-1be5-41fe-9540-6f265e97aa49,,,,,,0,,email,2026-08-15 05:52:44.006+00,2026-08-15 06:05:11.202+00,255f20c1-f5f7-4cfc-b3c4-0c60e657b640,Hot,f,,0,AUTOMATIC,Reply to Lead,,,adc833ad-1be5-41fe-9540-6f265e97aa49,,,,,,,,
59d4b52d-831b-4452-a54d-3d1b02cb508c,Khaled,Al-Masri,Red Sea Dev,khaled@redseadev.sa,+966501234567,NEW,Email,,85,Gmail Mock Integration,GCC Site Cabin Campaign,"{""simulated"":true,""headers"":{""from"":""khaled@redseadev.sa"",""subject"":""Quote request for site cabins""}}",f,f,,,,d495c3f1-f1ca-4a27-b225-1a3bac55381b,,,,,,0,,email,2026-08-15 05:52:44.066+00,2026-08-15 06:05:11.262+00,255f20c1-f5f7-4cfc-b3c4-0c60e657b640,Hot,f,,0,AUTOMATIC,Reply to Lead,,,d495c3f1-f1ca-4a27-b225-1a3bac55381b,,,,,,,,
62a205e1-5ae2-4fe7-861e-4bd1d76e745e,Khaled,Al-Masri,Red Sea Dev,khaled@redseadev.sa,+966501234567,NEW,Email,,85,Gmail Mock Integration,GCC Site Cabin Campaign,"{""simulated"":true,""headers"":{""from"":""khaled@redseadev.sa"",""subject"":""Quote request for site cabins""}}",f,f,,,,d495c3f1-f1ca-4a27-b225-1a3bac55381b,,,,,,0,,email,2026-08-15 06:07:17.631+00,2026-08-15 06:51:03.445+00,ef8cd2d6-7fc3-43cc-adbc-a972880998af,Hot,f,,0,AUTOMATIC,Reply to Lead,,,d495c3f1-f1ca-4a27-b225-1a3bac55381b,,,,,,,,
1e0ebe45-ce52-4741-ba0b-7caee679a5f8,Hassan,Raza,KFN Holdings,hassan.raza@kfn.com.sa,+966551122334,NEW,LinkedIn,,95,LinkedIn Lead Gen Forms Mock,Enterprise Prefab Buildings,"{""simulated"":true,""linkedin_form_id"":""li_form_993"",""profile_url"":""linkedin.com/in/hassanraza""}",f,f,,,,adc833ad-1be5-41fe-9540-6f265e97aa49,,,,,,0,,email,2026-08-15 06:07:17.952+00,2026-08-15 06:51:03.509+00,ef8cd2d6-7fc3-43cc-adbc-a972880998af,Hot,f,,0,AUTOMATIC,Reply to Lead,,,adc833ad-1be5-41fe-9540-6f265e97aa49,,,,,,,,
880344a0-1c63-4c59-8fec-4802ade7a572,Emily,King,Dynamic Energy Inc.,emily.king@dynamicenergyinc.com,+1 (681) 149-3953,NEW,Google Search Ads,Retail,77,,Direct Executive Outreach,,f,f,,,$243k,45880b56-5d45-41a6-8fdb-7cf7d415fee9,LD-2025-01319,,,,,0,,,2026-07-15 11:10:22.516+00,2026-08-05 11:10:22.516+00,e7de7c5d-e62d-48de-9ef9-3791d955ebe1,Warm,f,,0,AUTOMATIC,Reply to Lead,,,45880b56-5d45-41a6-8fdb-7cf7d415fee9,,,,,,,,
c7fea3fb-d554-481f-b2df-19bc45e04f00,Kenneth,Hill,Global Robotics Inc.,kenneth.hill@globalroboticsinc.com,+1 (328) 889-8553,NEW,Webinar Series,Healthcare,71,,Executive CXO Summit,,f,f,,,$460k,d968ffca-de67-45e0-9f70-e3e506e21219,LD-2025-01320,,,,,0,,,2026-03-12 11:10:22.754+00,2026-08-05 11:10:22.755+00,23ed5e20-b1a5-47fc-ba66-f316a7583f6e,Warm,f,,0,AUTOMATIC,Reply to Lead,,,d968ffca-de67-45e0-9f70-e3e506e21219,,,,,,,,
0c97c1cc-c3ae-4d93-86c7-9da67b2db083,Khaled,Al-Masri,Red Sea Dev,khaled@redseadev.sa,+966501234567,NEW,Email,,85,Gmail Mock Integration,GCC Site Cabin Campaign,"{""simulated"":true,""headers"":{""from"":""khaled@redseadev.sa"",""subject"":""Quote request for site cabins""}}",f,f,,,,d495c3f1-f1ca-4a27-b225-1a3bac55381b,,,,,,0,,email,2026-08-15 06:09:15.5+00,2026-08-15 06:51:03.574+00,ef8cd2d6-7fc3-43cc-adbc-a972880998af,Hot,f,,0,AUTOMATIC,Reply to Lead,,,d495c3f1-f1ca-4a27-b225-1a3bac55381b,,,,,,,,
816656d4-9da8-40f8-8b2c-c9a6acc1ceb2,Tariq,Jameel,BuildCorp LLC,tariq@buildcorp.ae,+971509876543,NEW,Facebook,,85,Meta Ads Lead Form Mock,Prefab Office Ads,"{""simulated"":true,""ad_id"":""meta_ad_prefab_101"",""lead_id"":""fb_lead_55029""}",f,f,,,,695729d5-b8d4-4caf-9188-262a2db133aa,,,,,,0,,email,2026-08-15 06:11:15.018+00,2026-08-15 06:51:03.638+00,ef8cd2d6-7fc3-43cc-adbc-a972880998af,Hot,f,,0,AUTOMATIC,Reply to Lead,,,695729d5-b8d4-4caf-9188-262a2db133aa,,,,,,,,
5e609a50-f668-4453-8dbb-e1a656462100,Hassan,Raza,KFN Holdings,hassan.raza@kfn.com.sa,+966551122334,NEW,LinkedIn,,95,LinkedIn Lead Gen Forms Mock,Enterprise Prefab Buildings,"{""simulated"":true,""linkedin_form_id"":""li_form_993"",""profile_url"":""linkedin.com/in/hassanraza""}",f,f,,,,adc833ad-1be5-41fe-9540-6f265e97aa49,,,,,,0,,email,2026-08-15 06:11:18.202+00,2026-08-15 06:51:03.744+00,ef8cd2d6-7fc3-43cc-adbc-a972880998af,Hot,f,,0,AUTOMATIC,Reply to Lead,,,adc833ad-1be5-41fe-9540-6f265e97aa49,,,,,,,,
9a8b293e-05a2-45a2-b686-df75067fa6af,Khaled,Al-Masri,Red Sea Dev,khaled@redseadev.sa,+966501234567,NEW,Email,,85,Gmail Mock Integration,GCC Site Cabin Campaign,"{""simulated"":true,""headers"":{""from"":""khaled@redseadev.sa"",""subject"":""Quote request for site cabins""}}",f,f,,,,d495c3f1-f1ca-4a27-b225-1a3bac55381b,,,,,,0,,email,2026-08-15 06:11:18.464+00,2026-08-15 06:51:03.808+00,ef8cd2d6-7fc3-43cc-adbc-a972880998af,Hot,f,,0,AUTOMATIC,Reply to Lead,,,d495c3f1-f1ca-4a27-b225-1a3bac55381b,,,,,,,,
b401d0ba-2558-420c-9e34-2816ffd8aa88,Hassan,Raza,KFN Holdings,hassan.raza@kfn.com.sa,+966551122334,NEW,LinkedIn,,95,LinkedIn Lead Gen Forms Mock,Enterprise Prefab Buildings,"{""simulated"":true,""linkedin_form_id"":""li_form_993"",""profile_url"":""linkedin.com/in/hassanraza""}",f,f,,,,adc833ad-1be5-41fe-9540-6f265e97aa49,,,,,,0,,email,2026-08-15 06:13:15.705+00,2026-08-15 06:51:03.873+00,ef8cd2d6-7fc3-43cc-adbc-a972880998af,Hot,f,,0,AUTOMATIC,Reply to Lead,,,adc833ad-1be5-41fe-9540-6f265e97aa49,,,,,,,,
62f499d1-0bb8-46e5-b69f-bc5f3b2b2e53,Yasmin,Qureshi,Designers Hub,yasmin@designershub.com,+971509876543,NEW,Facebook,,85,Meta Ads Lead Form Mock,Prefab Office Ads,"{""simulated"":true,""ad_id"":""meta_ad_prefab_101"",""lead_id"":""fb_lead_55029""}",f,f,,,,c8790cac-50df-4f73-b38d-9f5ae1bf88ce,,,,,,0,,email,2026-08-15 06:13:17.716+00,2026-08-15 06:51:03.937+00,ef8cd2d6-7fc3-43cc-adbc-a972880998af,Hot,f,,0,AUTOMATIC,Reply to Lead,,,c8790cac-50df-4f73-b38d-9f5ae1bf88ce,,,,,,,,
27c60b6c-e7b5-428c-89a0-00436311d825,Khaled,Al-Masri,Red Sea Dev,khaled@redseadev.sa,+966501234567,NEW,Email,,85,Gmail Mock Integration,GCC Site Cabin Campaign,"{""simulated"":true,""headers"":{""from"":""khaled@redseadev.sa"",""subject"":""Quote request for site cabins""}}",f,f,,,,d495c3f1-f1ca-4a27-b225-1a3bac55381b,,,,,,0,,email,2026-08-15 06:13:18.178+00,2026-08-15 06:51:04.004+00,ef8cd2d6-7fc3-43cc-adbc-a972880998af,Hot,f,,0,AUTOMATIC,Reply to Lead,,,d495c3f1-f1ca-4a27-b225-1a3bac55381b,,,,,,,,
403dc96e-4e8c-4649-856f-e10046bb276d,Majed,Al-Otaibi,Riyadh Construction,majed@riyadhconst.com,+966501234567,NEW,Email,,85,Gmail Mock Integration,GCC Site Cabin Campaign,"{""simulated"":true,""headers"":{""from"":""majed@riyadhconst.com"",""subject"":""Quote request for site cabins""}}",f,f,,,,e36adc11-50c5-40bd-b627-2db2eb404c50,,,,,,0,,email,2026-08-15 06:15:15.322+00,2026-08-15 06:51:04.069+00,1b707b38-8218-4114-a7a7-1000fdc3408c,Hot,f,,0,AUTOMATIC,Reply to Lead,,,e36adc11-50c5-40bd-b627-2db2eb404c50,,,,,,,,
bdec8e45-b5a5-4353-983c-1c4780857f6c,Tariq,Jameel,BuildCorp LLC,tariq@buildcorp.ae,+971509876543,NEW,Facebook,,85,Meta Ads Lead Form Mock,Prefab Office Ads,"{""simulated"":true,""ad_id"":""meta_ad_prefab_101"",""lead_id"":""fb_lead_55029""}",f,f,,,,695729d5-b8d4-4caf-9188-262a2db133aa,,,,,,0,,email,2026-08-15 06:15:15.639+00,2026-08-15 06:51:04.133+00,1b707b38-8218-4114-a7a7-1000fdc3408c,Hot,f,,0,AUTOMATIC,Reply to Lead,,,695729d5-b8d4-4caf-9188-262a2db133aa,,,,,,,,
49e00723-b6a0-4f77-9fb1-cc51f9aea8c2,Tariq,Jameel,BuildCorp LLC,tariq@buildcorp.ae,+971509876543,NEW,Facebook,,85,Meta Ads Lead Form Mock,Prefab Office Ads,"{""simulated"":true,""ad_id"":""meta_ad_prefab_101"",""lead_id"":""fb_lead_55029""}",f,f,,,,695729d5-b8d4-4caf-9188-262a2db133aa,,,,,,0,,email,2026-08-15 06:19:14.909+00,2026-08-15 06:51:04.198+00,1b707b38-8218-4114-a7a7-1000fdc3408c,Hot,f,,0,AUTOMATIC,Reply to Lead,,,695729d5-b8d4-4caf-9188-262a2db133aa,,,,,,,,
122e73f9-c18e-4de8-8144-5c5e26b7c974,Majed,Al-Otaibi,Riyadh Construction,majed@riyadhconst.com,+966501234567,NEW,Email,,85,Gmail Mock Integration,GCC Site Cabin Campaign,"{""simulated"":true,""headers"":{""from"":""majed@riyadhconst.com"",""subject"":""Quote request for site cabins""}}",f,f,,,,e36adc11-50c5-40bd-b627-2db2eb404c50,,,,,,0,,email,2026-08-15 06:19:14.967+00,2026-08-15 06:51:04.262+00,1b707b38-8218-4114-a7a7-1000fdc3408c,Hot,f,,0,AUTOMATIC,Reply to Lead,,,e36adc11-50c5-40bd-b627-2db2eb404c50,,,,,,,,
109159af-47f8-4645-aa5a-c4a0c8a5b2c9,Hassan,Raza,KFN Holdings,hassan.raza@kfn.com.sa,+966551122334,NEW,LinkedIn,,95,LinkedIn Lead Gen Forms Mock,Enterprise Prefab Buildings,"{""simulated"":true,""linkedin_form_id"":""li_form_993"",""profile_url"":""linkedin.com/in/hassanraza""}",f,f,,,,adc833ad-1be5-41fe-9540-6f265e97aa49,,,,,,0,,email,2026-08-15 06:19:17.409+00,2026-08-15 06:51:04.326+00,1b707b38-8218-4114-a7a7-1000fdc3408c,Hot,f,,0,AUTOMATIC,Reply to Lead,,,adc833ad-1be5-41fe-9540-6f265e97aa49,,,,,,,,
f3882982-8fab-4d2a-95e8-c14b40a5099d,Hassan,Raza,KFN Holdings,hassan.raza@kfn.com.sa,+966551122334,NEW,LinkedIn,,95,LinkedIn Lead Gen Forms Mock,Enterprise Prefab Buildings,"{""simulated"":true,""linkedin_form_id"":""li_form_993"",""profile_url"":""linkedin.com/in/hassanraza""}",f,f,,,,adc833ad-1be5-41fe-9540-6f265e97aa49,,,,,,0,,email,2026-08-15 06:53:14.482+00,2026-08-16 05:11:51.581+00,eed70aae-cb82-42cc-a98a-d55cdf52d3b8,Hot,f,,0,AUTOMATIC,Reply to Lead,,,adc833ad-1be5-41fe-9540-6f265e97aa49,,,,,,,,
61bb892d-cc26-439f-9753-c23754db54c5,Khaled,Al-Masri,Red Sea Dev,khaled@redseadev.sa,+966501234567,NEW,Email,,85,Gmail Mock Integration,GCC Site Cabin Campaign,"{""simulated"":true,""headers"":{""from"":""khaled@redseadev.sa"",""subject"":""Quote request for site cabins""}}",f,f,,,,d495c3f1-f1ca-4a27-b225-1a3bac55381b,,,,,,0,,email,2026-08-15 06:53:14.753+00,2026-08-16 05:11:51.83+00,eed70aae-cb82-42cc-a98a-d55cdf52d3b8,Hot,f,,0,AUTOMATIC,Reply to Lead,,,d495c3f1-f1ca-4a27-b225-1a3bac55381b,,,,,,,,
fd86a879-5af1-4050-92ad-d7244b3a65c7,Majed,Al-Otaibi,Riyadh Construction,majed@riyadhconst.com,+966501234567,NEW,Email,,85,Gmail Mock Integration,GCC Site Cabin Campaign,"{""simulated"":true,""headers"":{""from"":""majed@riyadhconst.com"",""subject"":""Quote request for site cabins""}}",f,f,,,,e36adc11-50c5-40bd-b627-2db2eb404c50,,,,,,0,,email,2026-08-15 06:55:10.959+00,2026-08-16 05:11:52.104+00,0d006baa-e2d4-4c4b-989e-9d8bbfe60dc1,Hot,f,,0,AUTOMATIC,Reply to Lead,,,e36adc11-50c5-40bd-b627-2db2eb404c50,,,,,,,,
5e813a53-3d96-41b1-8828-dd1b0d985f88,Yasmin,Qureshi,Designers Hub,yasmin@designershub.com,+971509876543,NEW,Facebook,,85,Meta Ads Lead Form Mock,Prefab Office Ads,"{""simulated"":true,""ad_id"":""meta_ad_prefab_101"",""lead_id"":""fb_lead_55029""}",f,f,,,,c8790cac-50df-4f73-b38d-9f5ae1bf88ce,,,,,,0,,email,2026-08-15 06:55:12.9+00,2026-08-16 05:11:52.356+00,0d006baa-e2d4-4c4b-989e-9d8bbfe60dc1,Hot,f,,0,AUTOMATIC,Reply to Lead,,,c8790cac-50df-4f73-b38d-9f5ae1bf88ce,,,,,,,,
bd290187-7c08-41ba-a8f1-0527ed787a92,Hassan,Raza,KFN Holdings,hassan.raza@kfn.com.sa,+966551122334,NEW,LinkedIn,,95,LinkedIn Lead Gen Forms Mock,Enterprise Prefab Buildings,"{""simulated"":true,""linkedin_form_id"":""li_form_993"",""profile_url"":""linkedin.com/in/hassanraza""}",f,f,,,,adc833ad-1be5-41fe-9540-6f265e97aa49,,,,,,0,,email,2026-08-15 06:55:13.213+00,2026-08-16 05:11:52.618+00,0d006baa-e2d4-4c4b-989e-9d8bbfe60dc1,Hot,f,,0,AUTOMATIC,Reply to Lead,,,adc833ad-1be5-41fe-9540-6f265e97aa49,,,,,,,,
5c44d489-b1e9-4089-aa04-250f7b882057,Yasmin,Qureshi,Designers Hub,yasmin@designershub.com,+971509876543,NEW,Facebook,,85,Meta Ads Lead Form Mock,Prefab Office Ads,"{""simulated"":true,""ad_id"":""meta_ad_prefab_101"",""lead_id"":""fb_lead_55029""}",f,f,,,,c8790cac-50df-4f73-b38d-9f5ae1bf88ce,,,,,,0,,email,2026-08-15 06:07:17.558+00,2026-08-15 06:51:03.341+00,ef8cd2d6-7fc3-43cc-adbc-a972880998af,Hot,f,,0,AUTOMATIC,Reply to Lead,,,c8790cac-50df-4f73-b38d-9f5ae1bf88ce,,,,,,,,
ba3e94fe-c2a5-486b-b539-1be26a4d3307,Yasmin,Qureshi,Designers Hub,yasmin@designershub.com,+971509876543,NEW,Facebook,,85,Meta Ads Lead Form Mock,Prefab Office Ads,"{""simulated"":true,""ad_id"":""meta_ad_prefab_101"",""lead_id"":""fb_lead_55029""}",f,f,,,,c8790cac-50df-4f73-b38d-9f5ae1bf88ce,,,,,,0,,email,2026-08-15 06:57:10.083+00,2026-08-16 05:11:52.888+00,0d006baa-e2d4-4c4b-989e-9d8bbfe60dc1,Hot,f,,0,AUTOMATIC,Reply to Lead,,,c8790cac-50df-4f73-b38d-9f5ae1bf88ce,,,,,,,,
9898b375-13a8-45fb-924a-37cbab7f38f6,Khaled,Al-Masri,Red Sea Dev,khaled@redseadev.sa,+966501234567,NEW,Email,,85,Gmail Mock Integration,GCC Site Cabin Campaign,"{""simulated"":true,""headers"":{""from"":""khaled@redseadev.sa"",""subject"":""Quote request for site cabins""}}",f,f,,,,d495c3f1-f1ca-4a27-b225-1a3bac55381b,,,,,,0,,email,2026-08-15 06:57:13.744+00,2026-08-16 05:11:53.148+00,0d006baa-e2d4-4c4b-989e-9d8bbfe60dc1,Hot,f,,0,AUTOMATIC,Reply to Lead,,,d495c3f1-f1ca-4a27-b225-1a3bac55381b,,,,,,,,
eb43bbd1-e659-44ae-b9ef-8499eff206a4,Hassan,Raza,KFN Holdings,hassan.raza@kfn.com.sa,+966551122334,NEW,LinkedIn,,95,LinkedIn Lead Gen Forms Mock,Enterprise Prefab Buildings,"{""simulated"":true,""linkedin_form_id"":""li_form_993"",""profile_url"":""linkedin.com/in/hassanraza""}",f,f,,,,adc833ad-1be5-41fe-9540-6f265e97aa49,,,,,,0,,email,2026-08-15 06:57:14.264+00,2026-08-16 05:11:53.412+00,0d006baa-e2d4-4c4b-989e-9d8bbfe60dc1,Hot,f,,0,AUTOMATIC,Reply to Lead,,,adc833ad-1be5-41fe-9540-6f265e97aa49,,,,,,,,
09dc2551-18f1-4620-ac72-7783208521c7,Khaled,Al-Masri,Red Sea Dev,khaled@redseadev.sa,+966501234567,NEW,Email,,85,Gmail Mock Integration,GCC Site Cabin Campaign,"{""simulated"":true,""headers"":{""from"":""khaled@redseadev.sa"",""subject"":""Quote request for site cabins""}}",f,f,,,,d495c3f1-f1ca-4a27-b225-1a3bac55381b,,,,,,0,,email,2026-08-15 06:59:12.191+00,2026-08-16 05:11:53.676+00,8fc38563-4b63-4f74-ab98-7e32e5476ef7,Hot,f,,0,AUTOMATIC,Reply to Lead,,,d495c3f1-f1ca-4a27-b225-1a3bac55381b,,,,,,,,
bb71bc78-3b8d-44b9-b999-6f8a584c351e,Yasmin,Qureshi,Designers Hub,yasmin@designershub.com,+971509876543,NEW,Facebook,,85,Meta Ads Lead Form Mock,Prefab Office Ads,"{""simulated"":true,""ad_id"":""meta_ad_prefab_101"",""lead_id"":""fb_lead_55029""}",f,f,,,,c8790cac-50df-4f73-b38d-9f5ae1bf88ce,,,,,,0,,email,2026-08-15 06:59:12.62+00,2026-08-16 05:11:53.921+00,8fc38563-4b63-4f74-ab98-7e32e5476ef7,Hot,f,,0,AUTOMATIC,Reply to Lead,,,c8790cac-50df-4f73-b38d-9f5ae1bf88ce,,,,,,,,
1d8c3386-2a7f-45bf-bfc6-faec2c5d46be,Hassan,Raza,KFN Holdings,hassan.raza@kfn.com.sa,+966551122334,NEW,LinkedIn,,95,LinkedIn Lead Gen Forms Mock,Enterprise Prefab Buildings,"{""simulated"":true,""linkedin_form_id"":""li_form_993"",""profile_url"":""linkedin.com/in/hassanraza""}",f,f,,,,adc833ad-1be5-41fe-9540-6f265e97aa49,,,,,,0,,email,2026-08-15 06:59:12.856+00,2026-08-16 05:11:54.169+00,8fc38563-4b63-4f74-ab98-7e32e5476ef7,Hot,f,,0,AUTOMATIC,Reply to Lead,,,adc833ad-1be5-41fe-9540-6f265e97aa49,,,,,,,,
f9f19f66-1904-45c6-b8b7-bb1a1ba3c61f,Hassan,Raza,KFN Holdings,hassan.raza@kfn.com.sa,+966551122334,NEW,LinkedIn,,95,LinkedIn Lead Gen Forms Mock,Enterprise Prefab Buildings,"{""simulated"":true,""linkedin_form_id"":""li_form_993"",""profile_url"":""linkedin.com/in/hassanraza""}",f,f,,,,adc833ad-1be5-41fe-9540-6f265e97aa49,,,,,,0,,email,2026-08-15 07:01:11.184+00,2026-08-16 05:11:54.42+00,d71890f9-1f96-4d1d-be3b-bdd6832be466,Hot,f,,0,AUTOMATIC,Reply to Lead,,,adc833ad-1be5-41fe-9540-6f265e97aa49,,,,,,,,
175e6364-1f7f-42ce-b139-f2a74362b79d,Khaled,Al-Masri,Red Sea Dev,khaled@redseadev.sa,+966501234567,NEW,Email,,85,Gmail Mock Integration,GCC Site Cabin Campaign,"{""simulated"":true,""headers"":{""from"":""khaled@redseadev.sa"",""subject"":""Quote request for site cabins""}}",f,f,,,,d495c3f1-f1ca-4a27-b225-1a3bac55381b,,,,,,0,,email,2026-08-15 07:01:11.401+00,2026-08-16 05:11:54.679+00,d71890f9-1f96-4d1d-be3b-bdd6832be466,Hot,f,,0,AUTOMATIC,Reply to Lead,,,d495c3f1-f1ca-4a27-b225-1a3bac55381b,,,,,,,,
39e0bd22-42ec-4641-9992-56559cd0b71f,Yasmin,Qureshi,Designers Hub,yasmin@designershub.com,+971509876543,NEW,Facebook,,85,Meta Ads Lead Form Mock,Prefab Office Ads,"{""simulated"":true,""ad_id"":""meta_ad_prefab_101"",""lead_id"":""fb_lead_55029""}",f,f,,,,c8790cac-50df-4f73-b38d-9f5ae1bf88ce,,,,,,0,,email,2026-08-15 07:01:13.997+00,2026-08-16 05:11:54.942+00,d71890f9-1f96-4d1d-be3b-bdd6832be466,Hot,f,,0,AUTOMATIC,Reply to Lead,,,c8790cac-50df-4f73-b38d-9f5ae1bf88ce,,,,,,,,
65aeeacc-2148-4c6b-bcae-78eba371cb80,Hassan,Raza,KFN Holdings,hassan.raza@kfn.com.sa,+966551122334,NEW,LinkedIn,,95,LinkedIn Lead Gen Forms Mock,Enterprise Prefab Buildings,"{""simulated"":true,""linkedin_form_id"":""li_form_993"",""profile_url"":""linkedin.com/in/hassanraza""}",f,f,,,,adc833ad-1be5-41fe-9540-6f265e97aa49,,,,,,0,,email,2026-08-15 07:03:11.108+00,2026-08-16 05:11:55.198+00,0d006baa-e2d4-4c4b-989e-9d8bbfe60dc1,Hot,f,,0,AUTOMATIC,Reply to Lead,,,adc833ad-1be5-41fe-9540-6f265e97aa49,,,,,,,,
9fb419ac-2768-4b90-8c6e-73bc3833b57c,Majed,Al-Otaibi,Riyadh Construction,majed@riyadhconst.com,+966501234567,NEW,Email,,85,Gmail Mock Integration,GCC Site Cabin Campaign,"{""simulated"":true,""headers"":{""from"":""majed@riyadhconst.com"",""subject"":""Quote request for site cabins""}}",f,f,,,,e36adc11-50c5-40bd-b627-2db2eb404c50,,,,,,0,,email,2026-08-15 07:05:12.459+00,2026-08-16 05:11:55.966+00,7df2b1eb-287b-4790-bc51-271d444a3d4e,Hot,f,,0,AUTOMATIC,Reply to Lead,,,e36adc11-50c5-40bd-b627-2db2eb404c50,,,,,,,,
3793600f-d08e-4439-9cf6-976bc1cf1ea3,Hassan,Raza,KFN Holdings,hassan.raza@kfn.com.sa,+966551122334,NEW,LinkedIn,,95,LinkedIn Lead Gen Forms Mock,Enterprise Prefab Buildings,"{""simulated"":true,""linkedin_form_id"":""li_form_993"",""profile_url"":""linkedin.com/in/hassanraza""}",f,f,,,,adc833ad-1be5-41fe-9540-6f265e97aa49,,,,,,0,,email,2026-08-15 07:05:13.622+00,2026-08-16 05:11:56.219+00,7df2b1eb-287b-4790-bc51-271d444a3d4e,Hot,f,,0,AUTOMATIC,Reply to Lead,,,adc833ad-1be5-41fe-9540-6f265e97aa49,,,,,,,,
cded25da-c465-486f-8b0f-5e11022e654d,Yasmin,Qureshi,Designers Hub,yasmin@designershub.com,+971509876543,NEW,Facebook,,85,Meta Ads Lead Form Mock,Prefab Office Ads,"{""simulated"":true,""ad_id"":""meta_ad_prefab_101"",""lead_id"":""fb_lead_55029""}",f,f,,,,c8790cac-50df-4f73-b38d-9f5ae1bf88ce,,,,,,0,,email,2026-08-15 07:05:13.684+00,2026-08-16 05:11:56.48+00,7df2b1eb-287b-4790-bc51-271d444a3d4e,Hot,f,,0,AUTOMATIC,Reply to Lead,,,c8790cac-50df-4f73-b38d-9f5ae1bf88ce,,,,,,,,
a6969acb-7477-4d37-9551-5e3330379af8,Hassan,Raza,KFN Holdings,hassan.raza@kfn.com.sa,+966551122334,NEW,LinkedIn,,95,LinkedIn Lead Gen Forms Mock,Enterprise Prefab Buildings,"{""simulated"":true,""linkedin_form_id"":""li_form_993"",""profile_url"":""linkedin.com/in/hassanraza""}",f,f,,,,adc833ad-1be5-41fe-9540-6f265e97aa49,,,,,,0,,email,2026-08-15 07:07:10.114+00,2026-08-16 05:11:56.726+00,7df2b1eb-287b-4790-bc51-271d444a3d4e,Hot,f,,0,AUTOMATIC,Reply to Lead,,,adc833ad-1be5-41fe-9540-6f265e97aa49,,,,,,,,
dfc13791-dc69-4aa3-b780-aaa89da83fd4,Majed,Al-Otaibi,Riyadh Construction,majed@riyadhconst.com,+966501234567,NEW,Email,,85,Gmail Mock Integration,GCC Site Cabin Campaign,"{""simulated"":true,""headers"":{""from"":""majed@riyadhconst.com"",""subject"":""Quote request for site cabins""}}",f,f,,,,e36adc11-50c5-40bd-b627-2db2eb404c50,,,,,,0,,email,2026-08-15 07:07:10.623+00,2026-08-16 05:11:56.978+00,7df2b1eb-287b-4790-bc51-271d444a3d4e,Hot,f,,0,AUTOMATIC,Reply to Lead,,,e36adc11-50c5-40bd-b627-2db2eb404c50,,,,,,,,
b8e48435-f9fb-485c-8293-f80376092028,Tariq,Jameel,BuildCorp LLC,tariq@buildcorp.ae,+971509876543,NEW,Facebook,,85,Meta Ads Lead Form Mock,Prefab Office Ads,"{""simulated"":true,""ad_id"":""meta_ad_prefab_101"",""lead_id"":""fb_lead_55029""}",f,f,,,,695729d5-b8d4-4caf-9188-262a2db133aa,,,,,,0,,email,2026-08-15 07:07:15.028+00,2026-08-16 05:11:57.243+00,a7059642-3c33-42b6-9307-4860753ba1cc,Hot,f,,0,AUTOMATIC,Reply to Lead,,,695729d5-b8d4-4caf-9188-262a2db133aa,,,,,,,,
b83ae17c-f968-4c36-b463-62da81902fb8,Khaled,Al-Masri,Red Sea Dev,khaled@redseadev.sa,+966501234567,NEW,Email,,85,Gmail Mock Integration,GCC Site Cabin Campaign,"{""simulated"":true,""headers"":{""from"":""khaled@redseadev.sa"",""subject"":""Quote request for site cabins""}}",f,f,,,,d495c3f1-f1ca-4a27-b225-1a3bac55381b,,,,,,0,,email,2026-08-15 07:09:10.525+00,2026-08-16 05:11:57.514+00,8fc38563-4b63-4f74-ab98-7e32e5476ef7,Hot,f,,0,AUTOMATIC,Reply to Lead,,,d495c3f1-f1ca-4a27-b225-1a3bac55381b,,,,,,,,
46de64b0-fd55-4bfe-af41-680681b36c8a,Yasmin,Qureshi,Designers Hub,yasmin@designershub.com,+971509876543,NEW,Facebook,,85,Meta Ads Lead Form Mock,Prefab Office Ads,"{""simulated"":true,""ad_id"":""meta_ad_prefab_101"",""lead_id"":""fb_lead_55029""}",f,f,,,,c8790cac-50df-4f73-b38d-9f5ae1bf88ce,,,,,,0,,email,2026-08-15 07:09:11.621+00,2026-08-16 05:11:57.78+00,8fc38563-4b63-4f74-ab98-7e32e5476ef7,Hot,f,,0,AUTOMATIC,Reply to Lead,,,c8790cac-50df-4f73-b38d-9f5ae1bf88ce,,,,,,,,
0f8877c3-b4b4-4a4d-8bbc-5d0d40b90e1d,Khaled,Al-Masri,Red Sea Dev,khaled@redseadev.sa,+966501234567,NEW,Email,,85,Gmail Mock Integration,GCC Site Cabin Campaign,"{""simulated"":true,""headers"":{""from"":""khaled@redseadev.sa"",""subject"":""Quote request for site cabins""}}",f,f,,,,d495c3f1-f1ca-4a27-b225-1a3bac55381b,,,,,,0,,email,2026-08-15 07:03:14.531+00,2026-08-16 05:11:55.711+00,0d006baa-e2d4-4c4b-989e-9d8bbfe60dc1,Hot,f,,0,AUTOMATIC,Reply to Lead,,,d495c3f1-f1ca-4a27-b225-1a3bac55381b,,,,,,,,
26f1c9cb-18da-47c9-9906-d67ea2de0c4d,Hassan,Raza,KFN Holdings,hassan.raza@kfn.com.sa,+966551122334,NEW,LinkedIn,,95,LinkedIn Lead Gen Forms Mock,Enterprise Prefab Buildings,"{""simulated"":true,""linkedin_form_id"":""li_form_993"",""profile_url"":""linkedin.com/in/hassanraza""}",f,f,,,,adc833ad-1be5-41fe-9540-6f265e97aa49,,,,,,0,,email,2026-08-15 07:09:12.775+00,2026-08-16 05:11:58.036+00,8fc38563-4b63-4f74-ab98-7e32e5476ef7,Hot,f,,0,AUTOMATIC,Reply to Lead,,,adc833ad-1be5-41fe-9540-6f265e97aa49,,,,,,,,
737f3bba-737b-4313-8edb-f00d52da22ef,Majed,Al-Otaibi,Riyadh Construction,majed@riyadhconst.com,+966501234567,NEW,Email,,85,Gmail Mock Integration,GCC Site Cabin Campaign,"{""simulated"":true,""headers"":{""from"":""majed@riyadhconst.com"",""subject"":""Quote request for site cabins""}}",f,f,,,,e36adc11-50c5-40bd-b627-2db2eb404c50,,,,,,0,,email,2026-08-15 07:11:10.905+00,2026-08-16 05:11:58.294+00,8fc38563-4b63-4f74-ab98-7e32e5476ef7,Hot,f,,0,AUTOMATIC,Reply to Lead,,,e36adc11-50c5-40bd-b627-2db2eb404c50,,,,,,,,
5b42529e-79fd-4c8b-98c0-c9085e6696bb,Hassan,Raza,KFN Holdings,hassan.raza@kfn.com.sa,+966551122334,NEW,LinkedIn,,95,LinkedIn Lead Gen Forms Mock,Enterprise Prefab Buildings,"{""simulated"":true,""linkedin_form_id"":""li_form_993"",""profile_url"":""linkedin.com/in/hassanraza""}",f,f,,,,adc833ad-1be5-41fe-9540-6f265e97aa49,,,,,,0,,email,2026-08-15 07:11:11.629+00,2026-08-16 05:11:58.548+00,8fc38563-4b63-4f74-ab98-7e32e5476ef7,Hot,f,,0,AUTOMATIC,Reply to Lead,,,adc833ad-1be5-41fe-9540-6f265e97aa49,,,,,,,,
69ca7f7c-f604-43ca-9a19-7aa24e035a3a,Yasmin,Qureshi,Designers Hub,yasmin@designershub.com,+971509876543,NEW,Facebook,,85,Meta Ads Lead Form Mock,Prefab Office Ads,"{""simulated"":true,""ad_id"":""meta_ad_prefab_101"",""lead_id"":""fb_lead_55029""}",f,f,,,,c8790cac-50df-4f73-b38d-9f5ae1bf88ce,,,,,,0,,email,2026-08-15 07:11:11.692+00,2026-08-16 05:11:58.799+00,8fc38563-4b63-4f74-ab98-7e32e5476ef7,Hot,f,,0,AUTOMATIC,Reply to Lead,,,c8790cac-50df-4f73-b38d-9f5ae1bf88ce,,,,,,,,
c0a926e4-c575-43c8-86b8-126780d4d8b7,Majed,Al-Otaibi,Riyadh Construction,majed@riyadhconst.com,+966501234567,NEW,Email,,85,Gmail Mock Integration,GCC Site Cabin Campaign,"{""simulated"":true,""headers"":{""from"":""majed@riyadhconst.com"",""subject"":""Quote request for site cabins""}}",f,f,,,,e36adc11-50c5-40bd-b627-2db2eb404c50,,,,,,0,,email,2026-08-15 07:13:11.673+00,2026-08-16 05:11:59.118+00,8fc38563-4b63-4f74-ab98-7e32e5476ef7,Hot,f,,0,AUTOMATIC,Reply to Lead,,,e36adc11-50c5-40bd-b627-2db2eb404c50,,,,,,,,
966d9282-523b-4a9d-949b-12efbf001059,Yasmin,Qureshi,Designers Hub,yasmin@designershub.com,+971509876543,NEW,Facebook,,85,Meta Ads Lead Form Mock,Prefab Office Ads,"{""simulated"":true,""ad_id"":""meta_ad_prefab_101"",""lead_id"":""fb_lead_55029""}",f,f,,,,c8790cac-50df-4f73-b38d-9f5ae1bf88ce,,,,,,0,,email,2026-08-15 07:13:12.26+00,2026-08-16 05:11:59.394+00,8fc38563-4b63-4f74-ab98-7e32e5476ef7,Hot,f,,0,AUTOMATIC,Reply to Lead,,,c8790cac-50df-4f73-b38d-9f5ae1bf88ce,,,,,,,,
48c2c04c-f2ae-452b-8c15-2d079bc65fef,Hassan,Raza,KFN Holdings,hassan.raza@kfn.com.sa,+966551122334,NEW,LinkedIn,,95,LinkedIn Lead Gen Forms Mock,Enterprise Prefab Buildings,"{""simulated"":true,""linkedin_form_id"":""li_form_993"",""profile_url"":""linkedin.com/in/hassanraza""}",f,f,,,,adc833ad-1be5-41fe-9540-6f265e97aa49,,,,,,0,,email,2026-08-15 07:13:12.75+00,2026-08-16 05:11:59.665+00,8fc38563-4b63-4f74-ab98-7e32e5476ef7,Hot,f,,0,AUTOMATIC,Reply to Lead,,,adc833ad-1be5-41fe-9540-6f265e97aa49,,,,,,,,
596e7e79-1f13-48ed-aa43-0505063a065e,Majed,Al-Otaibi,Riyadh Construction,majed@riyadhconst.com,+966501234567,NEW,Email,,85,Gmail Mock Integration,GCC Site Cabin Campaign,"{""simulated"":true,""headers"":{""from"":""majed@riyadhconst.com"",""subject"":""Quote request for site cabins""}}",f,f,,,,e36adc11-50c5-40bd-b627-2db2eb404c50,,,,,,0,,email,2026-08-15 07:15:10.726+00,2026-08-16 05:11:59.92+00,a6b3cb0c-bce8-41fe-8eef-03e0c5490a6f,Hot,f,,0,AUTOMATIC,Reply to Lead,,,e36adc11-50c5-40bd-b627-2db2eb404c50,,,,,,,,
4f8c4a50-bfa2-45dc-b312-402c0fbeafd1,Hassan,Raza,KFN Holdings,hassan.raza@kfn.com.sa,+966551122334,NEW,LinkedIn,,95,LinkedIn Lead Gen Forms Mock,Enterprise Prefab Buildings,"{""simulated"":true,""linkedin_form_id"":""li_form_993"",""profile_url"":""linkedin.com/in/hassanraza""}",f,f,,,,adc833ad-1be5-41fe-9540-6f265e97aa49,,,,,,0,,email,2026-08-15 07:15:12.333+00,2026-08-16 05:12:00.186+00,a6b3cb0c-bce8-41fe-8eef-03e0c5490a6f,Hot,f,,0,AUTOMATIC,Reply to Lead,,,adc833ad-1be5-41fe-9540-6f265e97aa49,,,,,,,,
fcaba250-0c19-44aa-a47f-ea1a3dfcfa30,Tariq,Jameel,BuildCorp LLC,tariq@buildcorp.ae,+971509876543,NEW,Facebook,,85,Meta Ads Lead Form Mock,Prefab Office Ads,"{""simulated"":true,""ad_id"":""meta_ad_prefab_101"",""lead_id"":""fb_lead_55029""}",f,f,,,,695729d5-b8d4-4caf-9188-262a2db133aa,,,,,,0,,email,2026-08-15 07:15:12.741+00,2026-08-16 05:12:00.475+00,a6b3cb0c-bce8-41fe-8eef-03e0c5490a6f,Hot,f,,0,AUTOMATIC,Reply to Lead,,,695729d5-b8d4-4caf-9188-262a2db133aa,,,,,,,,
35801792-6271-4a1d-b014-20a8d225e1b9,Tariq,Jameel,BuildCorp LLC,tariq@buildcorp.ae,+971509876543,NEW,Facebook,,85,Meta Ads Lead Form Mock,Prefab Office Ads,"{""simulated"":true,""ad_id"":""meta_ad_prefab_101"",""lead_id"":""fb_lead_55029""}",f,f,,,,695729d5-b8d4-4caf-9188-262a2db133aa,,,,,,0,,email,2026-08-15 07:17:10.286+00,2026-08-16 05:12:00.738+00,a6b3cb0c-bce8-41fe-8eef-03e0c5490a6f,Hot,f,,0,AUTOMATIC,Reply to Lead,,,695729d5-b8d4-4caf-9188-262a2db133aa,,,,,,,,
864c6b68-c77e-489b-a997-27a22d812f98,Khaled,Al-Masri,Red Sea Dev,khaled@redseadev.sa,+966501234567,NEW,Email,,85,Gmail Mock Integration,GCC Site Cabin Campaign,"{""simulated"":true,""headers"":{""from"":""khaled@redseadev.sa"",""subject"":""Quote request for site cabins""}}",f,f,,,,d495c3f1-f1ca-4a27-b225-1a3bac55381b,,,,,,0,,email,2026-08-15 07:19:11.879+00,2026-08-16 05:12:01.506+00,a6b3cb0c-bce8-41fe-8eef-03e0c5490a6f,Hot,f,,0,AUTOMATIC,Reply to Lead,,,d495c3f1-f1ca-4a27-b225-1a3bac55381b,,,,,,,,
426e7cad-cb53-4c80-aa52-b3a115784f59,Yasmin,Qureshi,Designers Hub,yasmin@designershub.com,+971509876543,NEW,Facebook,,85,Meta Ads Lead Form Mock,Prefab Office Ads,"{""simulated"":true,""ad_id"":""meta_ad_prefab_101"",""lead_id"":""fb_lead_55029""}",f,f,,,,c8790cac-50df-4f73-b38d-9f5ae1bf88ce,,,,,,0,,email,2026-08-15 07:19:14.338+00,2026-08-16 05:12:01.754+00,a6b3cb0c-bce8-41fe-8eef-03e0c5490a6f,Hot,f,,0,AUTOMATIC,Reply to Lead,,,c8790cac-50df-4f73-b38d-9f5ae1bf88ce,,,,,,,,
30d38956-ce67-4f07-af12-a480bf615632,Hassan,Raza,KFN Holdings,hassan.raza@kfn.com.sa,+966551122334,NEW,LinkedIn,,95,LinkedIn Lead Gen Forms Mock,Enterprise Prefab Buildings,"{""simulated"":true,""linkedin_form_id"":""li_form_993"",""profile_url"":""linkedin.com/in/hassanraza""}",f,f,,,,adc833ad-1be5-41fe-9540-6f265e97aa49,,,,,,0,,email,2026-08-15 07:21:12.283+00,2026-08-16 05:12:01.998+00,a6b3cb0c-bce8-41fe-8eef-03e0c5490a6f,Hot,f,,0,AUTOMATIC,Reply to Lead,,,adc833ad-1be5-41fe-9540-6f265e97aa49,,,,,,,,
6f547e7b-82b0-4830-ad3c-638f3036b742,Khaled,Al-Masri,Red Sea Dev,khaled@redseadev.sa,+966501234567,NEW,Email,,85,Gmail Mock Integration,GCC Site Cabin Campaign,"{""simulated"":true,""headers"":{""from"":""khaled@redseadev.sa"",""subject"":""Quote request for site cabins""}}",f,f,,,,d495c3f1-f1ca-4a27-b225-1a3bac55381b,,,,,,0,,email,2026-08-15 07:23:10.555+00,2026-08-16 05:12:02.254+00,d71890f9-1f96-4d1d-be3b-bdd6832be466,Hot,f,,0,AUTOMATIC,Reply to Lead,,,d495c3f1-f1ca-4a27-b225-1a3bac55381b,,,,,,,,
6ded3892-e469-497a-bbad-c9c743bef6ee,Tariq,Jameel,BuildCorp LLC,tariq@buildcorp.ae,+971509876543,NEW,Facebook,,85,Meta Ads Lead Form Mock,Prefab Office Ads,"{""simulated"":true,""ad_id"":""meta_ad_prefab_101"",""lead_id"":""fb_lead_55029""}",f,f,,,,695729d5-b8d4-4caf-9188-262a2db133aa,,,,,,0,,email,2026-08-15 07:23:12.656+00,2026-08-16 05:12:02.5+00,d71890f9-1f96-4d1d-be3b-bdd6832be466,Hot,f,,0,AUTOMATIC,Reply to Lead,,,695729d5-b8d4-4caf-9188-262a2db133aa,,,,,,,,
372b23d4-764e-47d5-bf95-e23d7a71946d,Hassan,Raza,KFN Holdings,hassan.raza@kfn.com.sa,+966551122334,NEW,LinkedIn,,95,LinkedIn Lead Gen Forms Mock,Enterprise Prefab Buildings,"{""simulated"":true,""linkedin_form_id"":""li_form_993"",""profile_url"":""linkedin.com/in/hassanraza""}",f,f,,,,adc833ad-1be5-41fe-9540-6f265e97aa49,,,,,,0,,email,2026-08-15 07:23:12.793+00,2026-08-16 05:12:02.76+00,d71890f9-1f96-4d1d-be3b-bdd6832be466,Hot,f,,0,AUTOMATIC,Reply to Lead,,,adc833ad-1be5-41fe-9540-6f265e97aa49,,,,,,,,
99c03506-daa4-4adf-987a-beee981bc089,Hassan,Raza,KFN Holdings,hassan.raza@kfn.com.sa,+966551122334,NEW,LinkedIn,,95,LinkedIn Lead Gen Forms Mock,Enterprise Prefab Buildings,"{""simulated"":true,""linkedin_form_id"":""li_form_993"",""profile_url"":""linkedin.com/in/hassanraza""}",f,f,,,,adc833ad-1be5-41fe-9540-6f265e97aa49,,,,,,0,,email,2026-08-15 07:25:11.413+00,2026-08-16 05:12:03.007+00,d71890f9-1f96-4d1d-be3b-bdd6832be466,Hot,f,,0,AUTOMATIC,Reply to Lead,,,adc833ad-1be5-41fe-9540-6f265e97aa49,,,,,,,,
cdfdf372-5cde-4aae-bf32-64b71569b620,Khaled,Al-Masri,Red Sea Dev,khaled@redseadev.sa,+966501234567,NEW,Email,,85,Gmail Mock Integration,GCC Site Cabin Campaign,"{""simulated"":true,""headers"":{""from"":""khaled@redseadev.sa"",""subject"":""Quote request for site cabins""}}",f,f,,,,d495c3f1-f1ca-4a27-b225-1a3bac55381b,,,,,,0,,email,2026-08-15 07:17:10.287+00,2026-08-16 05:12:00.985+00,a6b3cb0c-bce8-41fe-8eef-03e0c5490a6f,Hot,f,,0,AUTOMATIC,Reply to Lead,,,d495c3f1-f1ca-4a27-b225-1a3bac55381b,,,,,,,,
d2196c4e-7b03-4070-84e7-9d91e62d0659,Hassan,Raza,KFN Holdings,hassan.raza@kfn.com.sa,+966551122334,NEW,LinkedIn,,95,LinkedIn Lead Gen Forms Mock,Enterprise Prefab Buildings,"{""simulated"":true,""linkedin_form_id"":""li_form_993"",""profile_url"":""linkedin.com/in/hassanraza""}",f,f,,,,adc833ad-1be5-41fe-9540-6f265e97aa49,,,,,,0,,email,2026-08-15 07:19:10.123+00,2026-08-16 05:12:01.237+00,a6b3cb0c-bce8-41fe-8eef-03e0c5490a6f,Hot,f,,0,AUTOMATIC,Reply to Lead,,,adc833ad-1be5-41fe-9540-6f265e97aa49,,,,,,,,
0e817f41-7901-4830-a628-c5aaf2d6dbce,Tariq,Jameel,BuildCorp LLC,tariq@buildcorp.ae,+971509876543,NEW,Facebook,,85,Meta Ads Lead Form Mock,Prefab Office Ads,"{""simulated"":true,""ad_id"":""meta_ad_prefab_101"",""lead_id"":""fb_lead_55029""}",f,f,,,,695729d5-b8d4-4caf-9188-262a2db133aa,,,,,,0,,email,2026-08-15 07:25:13.102+00,2026-08-16 05:12:03.258+00,d71890f9-1f96-4d1d-be3b-bdd6832be466,Hot,f,,0,AUTOMATIC,Reply to Lead,,,695729d5-b8d4-4caf-9188-262a2db133aa,,,,,,,,
fd3ca1db-a27a-42e9-84ce-f6bbad3ab4b6,Majed,Al-Otaibi,Riyadh Construction,majed@riyadhconst.com,+966501234567,NEW,Email,,85,Gmail Mock Integration,GCC Site Cabin Campaign,"{""simulated"":true,""headers"":{""from"":""majed@riyadhconst.com"",""subject"":""Quote request for site cabins""}}",f,f,,,,e36adc11-50c5-40bd-b627-2db2eb404c50,,,,,,0,,email,2026-08-15 07:25:15.188+00,2026-08-16 05:12:03.51+00,d71890f9-1f96-4d1d-be3b-bdd6832be466,Hot,f,,0,AUTOMATIC,Reply to Lead,,,e36adc11-50c5-40bd-b627-2db2eb404c50,,,,,,,,
76c3f91a-224f-4c5b-af6d-f9cad1baa3e4,Hassan,Raza,KFN Holdings,hassan.raza@kfn.com.sa,+966551122334,NEW,LinkedIn,,95,LinkedIn Lead Gen Forms Mock,Enterprise Prefab Buildings,"{""simulated"":true,""linkedin_form_id"":""li_form_993"",""profile_url"":""linkedin.com/in/hassanraza""}",f,f,,,,adc833ad-1be5-41fe-9540-6f265e97aa49,,,,,,0,,email,2026-08-15 07:29:11.135+00,2026-08-16 05:12:03.76+00,a7059642-3c33-42b6-9307-4860753ba1cc,Hot,f,,0,AUTOMATIC,Reply to Lead,,,adc833ad-1be5-41fe-9540-6f265e97aa49,,,,,,,,
1f69f6ae-fd9a-461b-af1a-7f28fcb4af2d,Yasmin,Qureshi,Designers Hub,yasmin@designershub.com,+971509876543,NEW,Facebook,,85,Meta Ads Lead Form Mock,Prefab Office Ads,"{""simulated"":true,""ad_id"":""meta_ad_prefab_101"",""lead_id"":""fb_lead_55029""}",f,f,,,,c8790cac-50df-4f73-b38d-9f5ae1bf88ce,,,,,,0,,email,2026-08-15 07:33:13.97+00,2026-08-16 05:12:04.182+00,a7059642-3c33-42b6-9307-4860753ba1cc,Hot,f,,0,AUTOMATIC,Reply to Lead,,,c8790cac-50df-4f73-b38d-9f5ae1bf88ce,,,,,,,,
e5593112-cad6-4a10-86fb-5ea0c3219277,Hassan,Raza,KFN Holdings,hassan.raza@kfn.com.sa,+966551122334,NEW,LinkedIn,,95,LinkedIn Lead Gen Forms Mock,Enterprise Prefab Buildings,"{""simulated"":true,""linkedin_form_id"":""li_form_993"",""profile_url"":""linkedin.com/in/hassanraza""}",f,f,,,,adc833ad-1be5-41fe-9540-6f265e97aa49,,,,,,0,,email,2026-08-15 07:35:11.207+00,2026-08-16 05:12:04.438+00,75a47989-b9ac-4733-a4ba-d3568a7b193c,Hot,f,,0,AUTOMATIC,Reply to Lead,,,adc833ad-1be5-41fe-9540-6f265e97aa49,,,,,,,,
ee86fad1-43e5-411a-bfb0-6bfe2aeeaa0b,Majed,Al-Otaibi,Riyadh Construction,majed@riyadhconst.com,+966501234567,NEW,Email,,85,Gmail Mock Integration,GCC Site Cabin Campaign,"{""simulated"":true,""headers"":{""from"":""majed@riyadhconst.com"",""subject"":""Quote request for site cabins""}}",f,f,,,,e36adc11-50c5-40bd-b627-2db2eb404c50,,,,,,0,,email,2026-08-15 07:37:13.057+00,2026-08-16 05:12:04.693+00,75a47989-b9ac-4733-a4ba-d3568a7b193c,Hot,f,,0,AUTOMATIC,Reply to Lead,,,e36adc11-50c5-40bd-b627-2db2eb404c50,,,,,,,,
5fa2ae5a-f0e2-4579-8d10-49dd745e0916,Tariq,Jameel,BuildCorp LLC,tariq@buildcorp.ae,+971509876543,NEW,Facebook,,85,Meta Ads Lead Form Mock,Prefab Office Ads,"{""simulated"":true,""ad_id"":""meta_ad_prefab_101"",""lead_id"":""fb_lead_55029""}",f,f,,,,695729d5-b8d4-4caf-9188-262a2db133aa,,,,,,0,,email,2026-08-15 07:37:13.147+00,2026-08-16 05:12:04.953+00,75a47989-b9ac-4733-a4ba-d3568a7b193c,Hot,f,,0,AUTOMATIC,Reply to Lead,,,695729d5-b8d4-4caf-9188-262a2db133aa,,,,,,,,
affcade4-a8b6-4a95-957e-b943867a0ee3,Hassan,Raza,KFN Holdings,hassan.raza@kfn.com.sa,+966551122334,NEW,LinkedIn,,95,LinkedIn Lead Gen Forms Mock,Enterprise Prefab Buildings,"{""simulated"":true,""linkedin_form_id"":""li_form_993"",""profile_url"":""linkedin.com/in/hassanraza""}",f,f,,,,adc833ad-1be5-41fe-9540-6f265e97aa49,,,,,,0,,email,2026-08-15 07:37:13.619+00,2026-08-16 05:12:05.208+00,75a47989-b9ac-4733-a4ba-d3568a7b193c,Hot,f,,0,AUTOMATIC,Reply to Lead,,,adc833ad-1be5-41fe-9540-6f265e97aa49,,,,,,,,
97d499d5-e915-42c3-ac0f-d3b6827fa806,Yasmin,Qureshi,Designers Hub,yasmin@designershub.com,+971509876543,NEW,Facebook,,85,Meta Ads Lead Form Mock,Prefab Office Ads,"{""simulated"":true,""ad_id"":""meta_ad_prefab_101"",""lead_id"":""fb_lead_55029""}",f,f,,,,c8790cac-50df-4f73-b38d-9f5ae1bf88ce,,,,,,0,,email,2026-08-15 07:45:12.824+00,2026-08-16 05:12:05.457+00,255f20c1-f5f7-4cfc-b3c4-0c60e657b640,Hot,f,,0,AUTOMATIC,Reply to Lead,,,c8790cac-50df-4f73-b38d-9f5ae1bf88ce,,,,,,,,
7944880a-b645-4f74-aed1-a368a14355fc,Yasmin,Qureshi,Designers Hub,yasmin@designershub.com,+971509876543,NEW,Facebook,,85,Meta Ads Lead Form Mock,Prefab Office Ads,"{""simulated"":true,""ad_id"":""meta_ad_prefab_101"",""lead_id"":""fb_lead_55029""}",f,f,,,,c8790cac-50df-4f73-b38d-9f5ae1bf88ce,,,,,,0,,email,2026-08-15 07:49:12.344+00,2026-08-16 05:12:05.718+00,eed70aae-cb82-42cc-a98a-d55cdf52d3b8,Hot,f,,0,AUTOMATIC,Reply to Lead,,,c8790cac-50df-4f73-b38d-9f5ae1bf88ce,,,,,,,,
2f2a4bf2-304a-42c8-8c3b-d3e21120b728,Yasmin,Qureshi,Designers Hub,yasmin@designershub.com,+971509876543,NEW,Facebook,,85,Meta Ads Lead Form Mock,Prefab Office Ads,"{""simulated"":true,""ad_id"":""meta_ad_prefab_101"",""lead_id"":""fb_lead_55029""}",f,f,,,,c8790cac-50df-4f73-b38d-9f5ae1bf88ce,,,,,,0,,email,2026-08-15 07:21:10.157+00,2026-08-16 05:12:06.495+00,a6b3cb0c-bce8-41fe-8eef-03e0c5490a6f,Hot,f,,0,AUTOMATIC,Reply to Lead,,,c8790cac-50df-4f73-b38d-9f5ae1bf88ce,,,,,,,,
b69302dd-eb70-47dd-9fc1-088b19f08528,Yasmin,Qureshi,Designers Hub,yasmin@designershub.com,+971509876543,NEW,Facebook,,85,Meta Ads Lead Form Mock,Prefab Office Ads,"{""simulated"":true,""ad_id"":""meta_ad_prefab_101"",""lead_id"":""fb_lead_55029""}",f,f,,,,c8790cac-50df-4f73-b38d-9f5ae1bf88ce,,,,,,0,,email,2026-08-15 07:27:10.828+00,2026-08-16 05:12:06.756+00,d71890f9-1f96-4d1d-be3b-bdd6832be466,Hot,f,,0,AUTOMATIC,Reply to Lead,,,c8790cac-50df-4f73-b38d-9f5ae1bf88ce,,,,,,,,
ef22a138-8873-49c8-99ec-8b42c8f35b9b,Khaled,Al-Masri,Red Sea Dev,khaled@redseadev.sa,+966501234567,NEW,Email,,85,Gmail Mock Integration,GCC Site Cabin Campaign,"{""simulated"":true,""headers"":{""from"":""khaled@redseadev.sa"",""subject"":""Quote request for site cabins""}}",f,f,,,,d495c3f1-f1ca-4a27-b225-1a3bac55381b,,,,,,0,,email,2026-08-15 07:27:10.918+00,2026-08-16 05:12:07+00,d71890f9-1f96-4d1d-be3b-bdd6832be466,Hot,f,,0,AUTOMATIC,Reply to Lead,,,d495c3f1-f1ca-4a27-b225-1a3bac55381b,,,,,,,,
187e9205-3201-43e3-bf14-b96499829d60,Hassan,Raza,KFN Holdings,hassan.raza@kfn.com.sa,+966551122334,NEW,LinkedIn,,95,LinkedIn Lead Gen Forms Mock,Enterprise Prefab Buildings,"{""simulated"":true,""linkedin_form_id"":""li_form_993"",""profile_url"":""linkedin.com/in/hassanraza""}",f,f,,,,adc833ad-1be5-41fe-9540-6f265e97aa49,,,,,,0,,email,2026-08-15 07:27:11.41+00,2026-08-16 05:12:07.245+00,d71890f9-1f96-4d1d-be3b-bdd6832be466,Hot,f,,0,AUTOMATIC,Reply to Lead,,,adc833ad-1be5-41fe-9540-6f265e97aa49,,,,,,,,
ec8b6257-6969-42dd-82f2-7fc217153d57,Majed,Al-Otaibi,Riyadh Construction,majed@riyadhconst.com,+966501234567,NEW,Email,,85,Gmail Mock Integration,GCC Site Cabin Campaign,"{""simulated"":true,""headers"":{""from"":""majed@riyadhconst.com"",""subject"":""Quote request for site cabins""}}",f,f,,,,e36adc11-50c5-40bd-b627-2db2eb404c50,,,,,,0,,email,2026-08-15 07:29:11.818+00,2026-08-16 05:12:07.502+00,a7059642-3c33-42b6-9307-4860753ba1cc,Hot,f,,0,AUTOMATIC,Reply to Lead,,,e36adc11-50c5-40bd-b627-2db2eb404c50,,,,,,,,
ddc5ccae-e13c-40dd-96cd-8e70f542f59f,Tariq,Jameel,BuildCorp LLC,tariq@buildcorp.ae,+971509876543,NEW,Facebook,,85,Meta Ads Lead Form Mock,Prefab Office Ads,"{""simulated"":true,""ad_id"":""meta_ad_prefab_101"",""lead_id"":""fb_lead_55029""}",f,f,,,,695729d5-b8d4-4caf-9188-262a2db133aa,,,,,,0,,email,2026-08-15 07:29:13.198+00,2026-08-16 05:12:07.763+00,a7059642-3c33-42b6-9307-4860753ba1cc,Hot,f,,0,AUTOMATIC,Reply to Lead,,,695729d5-b8d4-4caf-9188-262a2db133aa,,,,,,,,
b7346070-367b-43aa-a917-1cee66a2628a,Majed,Al-Otaibi,Riyadh Construction,majed@riyadhconst.com,+966501234567,NEW,Email,,85,Gmail Mock Integration,GCC Site Cabin Campaign,"{""simulated"":true,""headers"":{""from"":""majed@riyadhconst.com"",""subject"":""Quote request for site cabins""}}",f,f,,,,e36adc11-50c5-40bd-b627-2db2eb404c50,,,,,,0,,email,2026-08-15 07:21:10.145+00,2026-08-16 05:12:06.231+00,a6b3cb0c-bce8-41fe-8eef-03e0c5490a6f,Hot,f,,0,AUTOMATIC,Reply to Lead,,,e36adc11-50c5-40bd-b627-2db2eb404c50,,,,,,,,
2fefede4-5cb6-4511-b36e-0692b931fb06,Khaled,Al-Masri,Red Sea Dev,khaled@redseadev.sa,+966501234567,NEW,Email,,85,Gmail Mock Integration,GCC Site Cabin Campaign,"{""simulated"":true,""headers"":{""from"":""khaled@redseadev.sa"",""subject"":""Quote request for site cabins""}}",f,f,,,,d495c3f1-f1ca-4a27-b225-1a3bac55381b,,,,,,0,,email,2026-08-15 07:31:11.087+00,2026-08-16 05:12:08.094+00,a7059642-3c33-42b6-9307-4860753ba1cc,Hot,f,,0,AUTOMATIC,Reply to Lead,,,d495c3f1-f1ca-4a27-b225-1a3bac55381b,,,,,,,,
88189f45-d794-4b50-8c02-50b1e0b054bd,Tariq,Jameel,BuildCorp LLC,tariq@buildcorp.ae,+971509876543,NEW,Facebook,,85,Meta Ads Lead Form Mock,Prefab Office Ads,"{""simulated"":true,""ad_id"":""meta_ad_prefab_101"",""lead_id"":""fb_lead_55029""}",f,f,,,,695729d5-b8d4-4caf-9188-262a2db133aa,,,,,,0,,email,2026-08-15 07:31:12.712+00,2026-08-16 05:12:08.377+00,a7059642-3c33-42b6-9307-4860753ba1cc,Hot,f,,0,AUTOMATIC,Reply to Lead,,,695729d5-b8d4-4caf-9188-262a2db133aa,,,,,,,,
91c8de7c-849c-4bf2-a4f4-cd0c185a71a7,Hassan,Raza,KFN Holdings,hassan.raza@kfn.com.sa,+966551122334,NEW,LinkedIn,,95,LinkedIn Lead Gen Forms Mock,Enterprise Prefab Buildings,"{""simulated"":true,""linkedin_form_id"":""li_form_993"",""profile_url"":""linkedin.com/in/hassanraza""}",f,f,,,,adc833ad-1be5-41fe-9540-6f265e97aa49,,,,,,0,,email,2026-08-15 07:31:12.943+00,2026-08-16 05:12:08.668+00,a7059642-3c33-42b6-9307-4860753ba1cc,Hot,f,,0,AUTOMATIC,Reply to Lead,,,adc833ad-1be5-41fe-9540-6f265e97aa49,,,,,,,,
77b90ded-c381-4a5c-b1f9-3832c6ec3411,Majed,Al-Otaibi,Riyadh Construction,majed@riyadhconst.com,+966501234567,NEW,Email,,85,Gmail Mock Integration,GCC Site Cabin Campaign,"{""simulated"":true,""headers"":{""from"":""majed@riyadhconst.com"",""subject"":""Quote request for site cabins""}}",f,f,,,,e36adc11-50c5-40bd-b627-2db2eb404c50,,,,,,0,,email,2026-08-15 07:33:13.798+00,2026-08-16 05:12:08.96+00,a7059642-3c33-42b6-9307-4860753ba1cc,Hot,f,,0,AUTOMATIC,Reply to Lead,,,e36adc11-50c5-40bd-b627-2db2eb404c50,,,,,,,,
be0f9f90-3277-4e30-a57e-8b2e41569f54,Hassan,Raza,KFN Holdings,hassan.raza@kfn.com.sa,+966551122334,NEW,LinkedIn,,95,LinkedIn Lead Gen Forms Mock,Enterprise Prefab Buildings,"{""simulated"":true,""linkedin_form_id"":""li_form_993"",""profile_url"":""linkedin.com/in/hassanraza""}",f,f,,,,adc833ad-1be5-41fe-9540-6f265e97aa49,,,,,,0,,email,2026-08-15 07:33:13.969+00,2026-08-16 05:12:09.223+00,a7059642-3c33-42b6-9307-4860753ba1cc,Hot,f,,0,AUTOMATIC,Reply to Lead,,,adc833ad-1be5-41fe-9540-6f265e97aa49,,,,,,,,
91e931e5-b831-4744-9974-805b59cd2d7c,Tariq,Jameel,BuildCorp LLC,tariq@buildcorp.ae,+971509876543,NEW,Facebook,,85,Meta Ads Lead Form Mock,Prefab Office Ads,"{""simulated"":true,""ad_id"":""meta_ad_prefab_101"",""lead_id"":""fb_lead_55029""}",f,f,,,,695729d5-b8d4-4caf-9188-262a2db133aa,,,,,,0,,email,2026-08-15 07:35:11.143+00,2026-08-16 05:12:09.556+00,75a47989-b9ac-4733-a4ba-d3568a7b193c,Hot,f,,0,AUTOMATIC,Reply to Lead,,,695729d5-b8d4-4caf-9188-262a2db133aa,,,,,,,,
8287ab9b-26d7-4189-9dc2-1a15f22f5bac,Majed,Al-Otaibi,Riyadh Construction,majed@riyadhconst.com,+966501234567,NEW,Email,,85,Gmail Mock Integration,GCC Site Cabin Campaign,"{""simulated"":true,""headers"":{""from"":""majed@riyadhconst.com"",""subject"":""Quote request for site cabins""}}",f,f,,,,e36adc11-50c5-40bd-b627-2db2eb404c50,,,,,,0,,email,2026-08-15 07:35:11.509+00,2026-08-16 05:12:09.808+00,75a47989-b9ac-4733-a4ba-d3568a7b193c,Hot,f,,0,AUTOMATIC,Reply to Lead,,,e36adc11-50c5-40bd-b627-2db2eb404c50,,,,,,,,
f5fcef40-a7ec-4771-be41-8a75a2eb98d2,Majed,Al-Otaibi,Riyadh Construction,majed@riyadhconst.com,+966501234567,NEW,Email,,85,Gmail Mock Integration,GCC Site Cabin Campaign,"{""simulated"":true,""headers"":{""from"":""majed@riyadhconst.com"",""subject"":""Quote request for site cabins""}}",f,f,,,,e36adc11-50c5-40bd-b627-2db2eb404c50,,,,,,0,,email,2026-08-15 07:39:10.473+00,2026-08-16 05:12:10.063+00,75a47989-b9ac-4733-a4ba-d3568a7b193c,Hot,f,,0,AUTOMATIC,Reply to Lead,,,e36adc11-50c5-40bd-b627-2db2eb404c50,,,,,,,,
647237e0-192d-45c8-b3df-e44f5219d52e,Yasmin,Qureshi,Designers Hub,yasmin@designershub.com,+971509876543,NEW,Facebook,,85,Meta Ads Lead Form Mock,Prefab Office Ads,"{""simulated"":true,""ad_id"":""meta_ad_prefab_101"",""lead_id"":""fb_lead_55029""}",f,f,,,,c8790cac-50df-4f73-b38d-9f5ae1bf88ce,,,,,,0,,email,2026-08-15 07:39:11.376+00,2026-08-16 05:12:10.32+00,75a47989-b9ac-4733-a4ba-d3568a7b193c,Hot,f,,0,AUTOMATIC,Reply to Lead,,,c8790cac-50df-4f73-b38d-9f5ae1bf88ce,,,,,,,,
4f9806a7-082e-49ef-a7db-540945475204,Hassan,Raza,KFN Holdings,hassan.raza@kfn.com.sa,+966551122334,NEW,LinkedIn,,95,LinkedIn Lead Gen Forms Mock,Enterprise Prefab Buildings,"{""simulated"":true,""linkedin_form_id"":""li_form_993"",""profile_url"":""linkedin.com/in/hassanraza""}",f,f,,,,adc833ad-1be5-41fe-9540-6f265e97aa49,,,,,,0,,email,2026-08-15 07:39:11.391+00,2026-08-16 05:12:10.565+00,75a47989-b9ac-4733-a4ba-d3568a7b193c,Hot,f,,0,AUTOMATIC,Reply to Lead,,,adc833ad-1be5-41fe-9540-6f265e97aa49,,,,,,,,
1d25f092-6565-460a-b878-67b7438d79e9,Khaled,Al-Masri,Red Sea Dev,khaled@redseadev.sa,+966501234567,NEW,Email,,85,Gmail Mock Integration,GCC Site Cabin Campaign,"{""simulated"":true,""headers"":{""from"":""khaled@redseadev.sa"",""subject"":""Quote request for site cabins""}}",f,f,,,,d495c3f1-f1ca-4a27-b225-1a3bac55381b,,,,,,0,,email,2026-08-15 07:41:12.951+00,2026-08-16 05:12:10.833+00,75a47989-b9ac-4733-a4ba-d3568a7b193c,Hot,f,,0,AUTOMATIC,Reply to Lead,,,d495c3f1-f1ca-4a27-b225-1a3bac55381b,,,,,,,,
edb01bf5-0328-4fcc-8cfa-49212360a722,Tariq,Jameel,BuildCorp LLC,tariq@buildcorp.ae,+971509876543,NEW,Facebook,,85,Meta Ads Lead Form Mock,Prefab Office Ads,"{""simulated"":true,""ad_id"":""meta_ad_prefab_101"",""lead_id"":""fb_lead_55029""}",f,f,,,,695729d5-b8d4-4caf-9188-262a2db133aa,,,,,,0,,email,2026-08-15 07:41:14.329+00,2026-08-16 05:12:11.093+00,75a47989-b9ac-4733-a4ba-d3568a7b193c,Hot,f,,0,AUTOMATIC,Reply to Lead,,,695729d5-b8d4-4caf-9188-262a2db133aa,,,,,,,,
cca52a63-f5ad-42ce-a384-45c415ce1f4f,Hassan,Raza,KFN Holdings,hassan.raza@kfn.com.sa,+966551122334,NEW,LinkedIn,,95,LinkedIn Lead Gen Forms Mock,Enterprise Prefab Buildings,"{""simulated"":true,""linkedin_form_id"":""li_form_993"",""profile_url"":""linkedin.com/in/hassanraza""}",f,f,,,,adc833ad-1be5-41fe-9540-6f265e97aa49,,,,,,0,,email,2026-08-15 07:41:14.795+00,2026-08-16 05:12:11.35+00,75a47989-b9ac-4733-a4ba-d3568a7b193c,Hot,f,,0,AUTOMATIC,Reply to Lead,,,adc833ad-1be5-41fe-9540-6f265e97aa49,,,,,,,,
6ecd4a27-3f0c-41a2-a9bf-9f82d56db989,Yasmin,Qureshi,Designers Hub,yasmin@designershub.com,+971509876543,NEW,Facebook,,85,Meta Ads Lead Form Mock,Prefab Office Ads,"{""simulated"":true,""ad_id"":""meta_ad_prefab_101"",""lead_id"":""fb_lead_55029""}",f,f,,,,c8790cac-50df-4f73-b38d-9f5ae1bf88ce,,,,,,0,,email,2026-08-15 08:05:13.349+00,2026-08-16 05:12:15.445+00,ef8cd2d6-7fc3-43cc-adbc-a972880998af,Hot,f,,0,AUTOMATIC,Reply to Lead,,,c8790cac-50df-4f73-b38d-9f5ae1bf88ce,,,,,,,,
ccfe2678-80cf-440f-a159-73b8fc4ca009,Yasmin,Qureshi,Designers Hub,yasmin@designershub.com,+971509876543,NEW,Facebook,,85,Meta Ads Lead Form Mock,Prefab Office Ads,"{""simulated"":true,""ad_id"":""meta_ad_prefab_101"",""lead_id"":""fb_lead_55029""}",f,f,,,,c8790cac-50df-4f73-b38d-9f5ae1bf88ce,,,,,,0,,email,2026-08-15 08:07:11.323+00,2026-08-16 05:12:15.695+00,ef8cd2d6-7fc3-43cc-adbc-a972880998af,Hot,f,,0,AUTOMATIC,Reply to Lead,,,c8790cac-50df-4f73-b38d-9f5ae1bf88ce,,,,,,,,
eb959bec-73ae-44b3-82d5-c263a1e4940d,Khaled,Al-Masri,Red Sea Dev,khaled@redseadev.sa,+966501234567,NEW,Email,,85,Gmail Mock Integration,GCC Site Cabin Campaign,"{""simulated"":true,""headers"":{""from"":""khaled@redseadev.sa"",""subject"":""Quote request for site cabins""}}",f,f,,,,d495c3f1-f1ca-4a27-b225-1a3bac55381b,,,,,,0,,email,2026-08-15 08:07:15.011+00,2026-08-16 05:12:15.945+00,ef8cd2d6-7fc3-43cc-adbc-a972880998af,Hot,f,,0,AUTOMATIC,Reply to Lead,,,d495c3f1-f1ca-4a27-b225-1a3bac55381b,,,,,,,,
ffd7a391-3a46-4f3f-bb33-3158a3876b2c,Tariq,Jameel,BuildCorp LLC,tariq@buildcorp.ae,+971509876543,NEW,Facebook,,85,Meta Ads Lead Form Mock,Prefab Office Ads,"{""simulated"":true,""ad_id"":""meta_ad_prefab_101"",""lead_id"":""fb_lead_55029""}",f,f,,,,695729d5-b8d4-4caf-9188-262a2db133aa,,,,,,0,,email,2026-08-15 07:03:12.948+00,2026-08-16 05:11:55.454+00,0d006baa-e2d4-4c4b-989e-9d8bbfe60dc1,Hot,f,,0,AUTOMATIC,Reply to Lead,,,695729d5-b8d4-4caf-9188-262a2db133aa,,,,,,,,
cf30257e-f757-4c12-98f8-51b2c5601262,Hassan,Raza,KFN Holdings,hassan.raza@kfn.com.sa,+966551122334,NEW,LinkedIn,,95,LinkedIn Lead Gen Forms Mock,Enterprise Prefab Buildings,"{""simulated"":true,""linkedin_form_id"":""li_form_993"",""profile_url"":""linkedin.com/in/hassanraza""}",f,f,,,,adc833ad-1be5-41fe-9540-6f265e97aa49,,,,,,0,,email,2026-08-15 07:45:13.801+00,2026-08-16 05:12:16.449+00,255f20c1-f5f7-4cfc-b3c4-0c60e657b640,Hot,f,,0,AUTOMATIC,Reply to Lead,,,adc833ad-1be5-41fe-9540-6f265e97aa49,,,,,,,,
9b5ebbb3-d637-4da3-9c5e-8b4a7b99c995,Majed,Al-Otaibi,Riyadh Construction,majed@riyadhconst.com,+966501234567,NEW,Email,,85,Gmail Mock Integration,GCC Site Cabin Campaign,"{""simulated"":true,""headers"":{""from"":""majed@riyadhconst.com"",""subject"":""Quote request for site cabins""}}",f,f,,,,e36adc11-50c5-40bd-b627-2db2eb404c50,,,,,,0,,email,2026-08-15 07:43:10.779+00,2026-08-16 05:12:11.604+00,255f20c1-f5f7-4cfc-b3c4-0c60e657b640,Hot,f,,0,AUTOMATIC,Reply to Lead,,,e36adc11-50c5-40bd-b627-2db2eb404c50,,,,,,,,
d5ed59b0-2fd5-43f8-a965-87335bf7d3b7,Tariq,Jameel,BuildCorp LLC,tariq@buildcorp.ae,+971509876543,NEW,Facebook,,85,Meta Ads Lead Form Mock,Prefab Office Ads,"{""simulated"":true,""ad_id"":""meta_ad_prefab_101"",""lead_id"":""fb_lead_55029""}",f,f,,,,695729d5-b8d4-4caf-9188-262a2db133aa,,,,,,0,,email,2026-08-15 07:55:10.759+00,2026-08-16 05:12:11.856+00,bb643de2-92dc-4e74-8a56-a275688b3f0e,Hot,f,,0,AUTOMATIC,Reply to Lead,,,695729d5-b8d4-4caf-9188-262a2db133aa,,,,,,,,
c180dc05-4993-4487-8958-b988c62c3e67,Majed,Al-Otaibi,Riyadh Construction,majed@riyadhconst.com,+966501234567,NEW,Email,,85,Gmail Mock Integration,GCC Site Cabin Campaign,"{""simulated"":true,""headers"":{""from"":""majed@riyadhconst.com"",""subject"":""Quote request for site cabins""}}",f,f,,,,e36adc11-50c5-40bd-b627-2db2eb404c50,,,,,,0,,email,2026-08-15 07:55:10.854+00,2026-08-16 05:12:12.11+00,bb643de2-92dc-4e74-8a56-a275688b3f0e,Hot,f,,0,AUTOMATIC,Reply to Lead,,,e36adc11-50c5-40bd-b627-2db2eb404c50,,,,,,,,
29d50365-3d4a-4e5d-b785-4fcb2b04e127,Hassan,Raza,KFN Holdings,hassan.raza@kfn.com.sa,+966551122334,NEW,LinkedIn,,95,LinkedIn Lead Gen Forms Mock,Enterprise Prefab Buildings,"{""simulated"":true,""linkedin_form_id"":""li_form_993"",""profile_url"":""linkedin.com/in/hassanraza""}",f,f,,,,adc833ad-1be5-41fe-9540-6f265e97aa49,,,,,,0,,email,2026-08-15 07:55:11.03+00,2026-08-16 05:12:12.362+00,bb643de2-92dc-4e74-8a56-a275688b3f0e,Hot,f,,0,AUTOMATIC,Reply to Lead,,,adc833ad-1be5-41fe-9540-6f265e97aa49,,,,,,,,
0a32f276-84ee-4c64-b7c8-ce3176e734ce,Hassan,Raza,KFN Holdings,hassan.raza@kfn.com.sa,+966551122334,NEW,LinkedIn,,95,LinkedIn Lead Gen Forms Mock,Enterprise Prefab Buildings,"{""simulated"":true,""linkedin_form_id"":""li_form_993"",""profile_url"":""linkedin.com/in/hassanraza""}",f,f,,,,adc833ad-1be5-41fe-9540-6f265e97aa49,,,,,,0,,email,2026-08-15 07:59:10.908+00,2026-08-16 05:12:12.613+00,aba0e0a8-5ab3-4f71-aa3f-84a3aab4d97a,Hot,f,,0,AUTOMATIC,Reply to Lead,,,adc833ad-1be5-41fe-9540-6f265e97aa49,,,,,,,,
38937a84-24ba-40d7-8ce8-d188ceb4d3ac,Yasmin,Qureshi,Designers Hub,yasmin@designershub.com,+971509876543,NEW,Facebook,,85,Meta Ads Lead Form Mock,Prefab Office Ads,"{""simulated"":true,""ad_id"":""meta_ad_prefab_101"",""lead_id"":""fb_lead_55029""}",f,f,,,,c8790cac-50df-4f73-b38d-9f5ae1bf88ce,,,,,,0,,email,2026-08-15 07:59:12.937+00,2026-08-16 05:12:12.87+00,aba0e0a8-5ab3-4f71-aa3f-84a3aab4d97a,Hot,f,,0,AUTOMATIC,Reply to Lead,,,c8790cac-50df-4f73-b38d-9f5ae1bf88ce,,,,,,,,
f98c81e3-498b-4971-98fc-1ec50a334a4b,Yasmin,Qureshi,Designers Hub,yasmin@designershub.com,+971509876543,NEW,Facebook,,85,Meta Ads Lead Form Mock,Prefab Office Ads,"{""simulated"":true,""ad_id"":""meta_ad_prefab_101"",""lead_id"":""fb_lead_55029""}",f,f,,,,c8790cac-50df-4f73-b38d-9f5ae1bf88ce,,,,,,0,,email,2026-08-15 08:01:15.152+00,2026-08-16 05:12:13.124+00,bfdf8c1f-fe23-4dfb-b2da-5faedf129c36,Hot,f,,0,AUTOMATIC,Reply to Lead,,,c8790cac-50df-4f73-b38d-9f5ae1bf88ce,,,,,,,,
b9093d44-68e1-49a8-a2c6-935a7a08717e,Khaled,Al-Masri,Red Sea Dev,khaled@redseadev.sa,+966501234567,NEW,Email,,85,Gmail Mock Integration,GCC Site Cabin Campaign,"{""simulated"":true,""headers"":{""from"":""khaled@redseadev.sa"",""subject"":""Quote request for site cabins""}}",f,f,,,,d495c3f1-f1ca-4a27-b225-1a3bac55381b,,,,,,0,,email,2026-08-15 08:03:10.699+00,2026-08-16 05:12:13.399+00,7cd4892f-38fe-4d5f-959c-14bf5029b5e6,Hot,f,,0,AUTOMATIC,Reply to Lead,,,d495c3f1-f1ca-4a27-b225-1a3bac55381b,,,,,,,,
c5881e30-31cf-4114-90ff-67088ed18843,Tariq,Jameel,BuildCorp LLC,tariq@buildcorp.ae,+971509876543,NEW,Facebook,,85,Meta Ads Lead Form Mock,Prefab Office Ads,"{""simulated"":true,""ad_id"":""meta_ad_prefab_101"",""lead_id"":""fb_lead_55029""}",f,f,,,,695729d5-b8d4-4caf-9188-262a2db133aa,,,,,,0,,email,2026-08-15 08:03:10.742+00,2026-08-16 05:12:13.668+00,7cd4892f-38fe-4d5f-959c-14bf5029b5e6,Hot,f,,0,AUTOMATIC,Reply to Lead,,,695729d5-b8d4-4caf-9188-262a2db133aa,,,,,,,,
7d34f568-70f9-413c-aff2-a8af78e05857,Hassan,Raza,KFN Holdings,hassan.raza@kfn.com.sa,+966551122334,NEW,LinkedIn,,95,LinkedIn Lead Gen Forms Mock,Enterprise Prefab Buildings,"{""simulated"":true,""linkedin_form_id"":""li_form_993"",""profile_url"":""linkedin.com/in/hassanraza""}",f,f,,,,adc833ad-1be5-41fe-9540-6f265e97aa49,,,,,,0,,email,2026-08-15 08:03:11.999+00,2026-08-16 05:12:13.925+00,7cd4892f-38fe-4d5f-959c-14bf5029b5e6,Hot,f,,0,AUTOMATIC,Reply to Lead,,,adc833ad-1be5-41fe-9540-6f265e97aa49,,,,,,,,
1f3782a1-e4cd-4764-953e-18b03da72562,Hassan,Raza,KFN Holdings,hassan.raza@kfn.com.sa,+966551122334,NEW,LinkedIn,,95,LinkedIn Lead Gen Forms Mock,Enterprise Prefab Buildings,"{""simulated"":true,""linkedin_form_id"":""li_form_993"",""profile_url"":""linkedin.com/in/hassanraza""}",f,f,,,,adc833ad-1be5-41fe-9540-6f265e97aa49,,,,,,0,,email,2026-08-15 07:43:12.631+00,2026-08-16 05:12:14.178+00,255f20c1-f5f7-4cfc-b3c4-0c60e657b640,Hot,f,,0,AUTOMATIC,Reply to Lead,,,adc833ad-1be5-41fe-9540-6f265e97aa49,,,,,,,,
259a708e-7d05-4b63-be3d-cfe73dc35133,Yasmin,Qureshi,Designers Hub,yasmin@designershub.com,+971509876543,NEW,Facebook,,85,Meta Ads Lead Form Mock,Prefab Office Ads,"{""simulated"":true,""ad_id"":""meta_ad_prefab_101"",""lead_id"":""fb_lead_55029""}",f,f,,,,c8790cac-50df-4f73-b38d-9f5ae1bf88ce,,,,,,0,,email,2026-08-15 07:43:12.63+00,2026-08-16 05:12:14.425+00,255f20c1-f5f7-4cfc-b3c4-0c60e657b640,Hot,f,,0,AUTOMATIC,Reply to Lead,,,c8790cac-50df-4f73-b38d-9f5ae1bf88ce,,,,,,,,
3ff8a8fe-b7ca-4344-94eb-f809fa4b2835,Majed,Al-Otaibi,Riyadh Construction,majed@riyadhconst.com,+966501234567,NEW,Email,,85,Gmail Mock Integration,GCC Site Cabin Campaign,"{""simulated"":true,""headers"":{""from"":""majed@riyadhconst.com"",""subject"":""Quote request for site cabins""}}",f,f,,,,e36adc11-50c5-40bd-b627-2db2eb404c50,,,,,,0,,email,2026-08-15 07:47:10.291+00,2026-08-16 05:12:14.677+00,255f20c1-f5f7-4cfc-b3c4-0c60e657b640,Hot,f,,0,AUTOMATIC,Reply to Lead,,,e36adc11-50c5-40bd-b627-2db2eb404c50,,,,,,,,
e87bceee-ff70-4f53-9d23-482445136e33,Tariq,Jameel,BuildCorp LLC,tariq@buildcorp.ae,+971509876543,NEW,Facebook,,85,Meta Ads Lead Form Mock,Prefab Office Ads,"{""simulated"":true,""ad_id"":""meta_ad_prefab_101"",""lead_id"":""fb_lead_55029""}",f,f,,,,695729d5-b8d4-4caf-9188-262a2db133aa,,,,,,0,,email,2026-08-15 07:47:10.814+00,2026-08-16 05:12:14.925+00,255f20c1-f5f7-4cfc-b3c4-0c60e657b640,Hot,f,,0,AUTOMATIC,Reply to Lead,,,695729d5-b8d4-4caf-9188-262a2db133aa,,,,,,,,
dd07d167-f3a1-4500-8644-2d9907d5df25,Hassan,Raza,KFN Holdings,hassan.raza@kfn.com.sa,+966551122334,NEW,LinkedIn,,95,LinkedIn Lead Gen Forms Mock,Enterprise Prefab Buildings,"{""simulated"":true,""linkedin_form_id"":""li_form_993"",""profile_url"":""linkedin.com/in/hassanraza""}",f,f,,,,adc833ad-1be5-41fe-9540-6f265e97aa49,,,,,,0,,email,2026-08-15 08:05:12.382+00,2026-08-16 05:12:15.183+00,ef8cd2d6-7fc3-43cc-adbc-a972880998af,Hot,f,,0,AUTOMATIC,Reply to Lead,,,adc833ad-1be5-41fe-9540-6f265e97aa49,,,,,,,,
da9e3795-a4ff-4e76-81d7-3b74a55acbbc,Hassan,Raza,KFN Holdings,hassan.raza@kfn.com.sa,+966551122334,NEW,LinkedIn,,95,LinkedIn Lead Gen Forms Mock,Enterprise Prefab Buildings,"{""simulated"":true,""linkedin_form_id"":""li_form_993"",""profile_url"":""linkedin.com/in/hassanraza""}",f,f,,,,adc833ad-1be5-41fe-9540-6f265e97aa49,,,,,,0,,email,2026-08-15 07:47:12.485+00,2026-08-16 05:12:16.708+00,255f20c1-f5f7-4cfc-b3c4-0c60e657b640,Hot,f,,0,AUTOMATIC,Reply to Lead,,,adc833ad-1be5-41fe-9540-6f265e97aa49,,,,,,,,
7ba71c3d-840f-4a0b-9b32-6b14898158fa,Khaled,Al-Masri,Red Sea Dev,khaled@redseadev.sa,+966501234567,NEW,Email,,85,Gmail Mock Integration,GCC Site Cabin Campaign,"{""simulated"":true,""headers"":{""from"":""khaled@redseadev.sa"",""subject"":""Quote request for site cabins""}}",f,f,,,,d495c3f1-f1ca-4a27-b225-1a3bac55381b,,,,,,0,,email,2026-08-15 07:49:09.764+00,2026-08-16 05:12:16.964+00,255f20c1-f5f7-4cfc-b3c4-0c60e657b640,Hot,f,,0,AUTOMATIC,Reply to Lead,,,d495c3f1-f1ca-4a27-b225-1a3bac55381b,,,,,,,,
9f0d8fac-4b38-4bcb-bf28-1f345dd31396,Hassan,Raza,KFN Holdings,hassan.raza@kfn.com.sa,+966551122334,NEW,LinkedIn,,95,LinkedIn Lead Gen Forms Mock,Enterprise Prefab Buildings,"{""simulated"":true,""linkedin_form_id"":""li_form_993"",""profile_url"":""linkedin.com/in/hassanraza""}",f,f,,,,adc833ad-1be5-41fe-9540-6f265e97aa49,,,,,,0,,email,2026-08-15 07:49:09.77+00,2026-08-16 05:12:17.214+00,255f20c1-f5f7-4cfc-b3c4-0c60e657b640,Hot,f,,0,AUTOMATIC,Reply to Lead,,,adc833ad-1be5-41fe-9540-6f265e97aa49,,,,,,,,
0085fdfb-fbff-452a-92cb-b0c5497d5401,Tariq,Jameel,BuildCorp LLC,tariq@buildcorp.ae,+971509876543,NEW,Facebook,,85,Meta Ads Lead Form Mock,Prefab Office Ads,"{""simulated"":true,""ad_id"":""meta_ad_prefab_101"",""lead_id"":""fb_lead_55029""}",f,f,,,,695729d5-b8d4-4caf-9188-262a2db133aa,,,,,,0,,email,2026-08-15 07:51:10.029+00,2026-08-16 05:12:17.46+00,eed70aae-cb82-42cc-a98a-d55cdf52d3b8,Hot,f,,0,AUTOMATIC,Reply to Lead,,,695729d5-b8d4-4caf-9188-262a2db133aa,,,,,,,,
bd637209-5645-4927-a73e-4a5b5ba807c8,Hassan,Raza,KFN Holdings,hassan.raza@kfn.com.sa,+966551122334,NEW,LinkedIn,,95,LinkedIn Lead Gen Forms Mock,Enterprise Prefab Buildings,"{""simulated"":true,""linkedin_form_id"":""li_form_993"",""profile_url"":""linkedin.com/in/hassanraza""}",f,f,,,,adc833ad-1be5-41fe-9540-6f265e97aa49,,,,,,0,,email,2026-08-15 07:51:10.03+00,2026-08-16 05:12:17.714+00,eed70aae-cb82-42cc-a98a-d55cdf52d3b8,Hot,f,,0,AUTOMATIC,Reply to Lead,,,adc833ad-1be5-41fe-9540-6f265e97aa49,,,,,,,,
6c4c3dcd-d49e-4c4d-ac54-7fc1218b12ee,Hassan,Raza,KFN Holdings,hassan.raza@kfn.com.sa,+966551122334,NEW,LinkedIn,,95,LinkedIn Lead Gen Forms Mock,Enterprise Prefab Buildings,"{""simulated"":true,""linkedin_form_id"":""li_form_993"",""profile_url"":""linkedin.com/in/hassanraza""}",f,f,,,,adc833ad-1be5-41fe-9540-6f265e97aa49,,,,,,0,,email,2026-08-15 07:57:12.568+00,2026-08-16 05:12:19.483+00,7486a411-91a0-45ef-80f5-4e0ed4bb891b,Hot,f,,0,AUTOMATIC,Reply to Lead,,,adc833ad-1be5-41fe-9540-6f265e97aa49,,,,,,,,
25a6dc5a-0f59-49c3-ab35-d45fec6f562b,Majed,Al-Otaibi,Riyadh Construction,majed@riyadhconst.com,+966501234567,NEW,Email,,85,Gmail Mock Integration,GCC Site Cabin Campaign,"{""simulated"":true,""headers"":{""from"":""majed@riyadhconst.com"",""subject"":""Quote request for site cabins""}}",f,f,,,,e36adc11-50c5-40bd-b627-2db2eb404c50,,,,,,0,,email,2026-08-15 07:59:13.867+00,2026-08-16 05:12:19.769+00,aba0e0a8-5ab3-4f71-aa3f-84a3aab4d97a,Hot,f,,0,AUTOMATIC,Reply to Lead,,,e36adc11-50c5-40bd-b627-2db2eb404c50,,,,,,,,
b3015850-40e4-4d92-8a51-f563866021b7,Hassan,Raza,KFN Holdings,hassan.raza@kfn.com.sa,+966551122334,NEW,LinkedIn,,95,LinkedIn Lead Gen Forms Mock,Enterprise Prefab Buildings,"{""simulated"":true,""linkedin_form_id"":""li_form_993"",""profile_url"":""linkedin.com/in/hassanraza""}",f,f,,,,adc833ad-1be5-41fe-9540-6f265e97aa49,,,,,,0,,email,2026-08-15 08:01:10.666+00,2026-08-16 05:12:20.226+00,bfdf8c1f-fe23-4dfb-b2da-5faedf129c36,Hot,f,,0,AUTOMATIC,Reply to Lead,,,adc833ad-1be5-41fe-9540-6f265e97aa49,,,,,,,,
923e2be1-47bf-4417-be45-9d2382b482f9,Khaled,Al-Masri,Red Sea Dev,khaled@redseadev.sa,+966501234567,NEW,Email,,85,Gmail Mock Integration,GCC Site Cabin Campaign,"{""simulated"":true,""headers"":{""from"":""khaled@redseadev.sa"",""subject"":""Quote request for site cabins""}}",f,f,,,,d495c3f1-f1ca-4a27-b225-1a3bac55381b,,,,,,0,,email,2026-08-15 08:01:11.084+00,2026-08-16 05:12:20.47+00,bfdf8c1f-fe23-4dfb-b2da-5faedf129c36,Hot,f,,0,AUTOMATIC,Reply to Lead,,,d495c3f1-f1ca-4a27-b225-1a3bac55381b,,,,,,,,
fb78250a-7b99-4f01-a5da-3acc7c6c7054,Majed,Al-Otaibi,Riyadh Construction,majed@riyadhconst.com,+966501234567,NEW,Email,,85,Gmail Mock Integration,GCC Site Cabin Campaign,"{""simulated"":true,""headers"":{""from"":""majed@riyadhconst.com"",""subject"":""Quote request for site cabins""}}",f,f,,,,e36adc11-50c5-40bd-b627-2db2eb404c50,,,,,,0,,email,2026-08-15 08:05:14.938+00,2026-08-16 05:12:22.115+00,ef8cd2d6-7fc3-43cc-adbc-a972880998af,Hot,f,,0,AUTOMATIC,Reply to Lead,,,e36adc11-50c5-40bd-b627-2db2eb404c50,,,,,,,,
77621547-a052-4462-91ca-6f89ee72e8cd,Tariq,Jameel,BuildCorp LLC,tariq@buildcorp.ae,+971509876543,NEW,Facebook,,85,Meta Ads Lead Form Mock,Prefab Office Ads,"{""simulated"":true,""ad_id"":""meta_ad_prefab_101"",""lead_id"":""fb_lead_55029""}",f,f,,,,695729d5-b8d4-4caf-9188-262a2db133aa,,,,,,0,,email,2026-08-15 06:53:13.837+00,2026-08-16 05:11:51.305+00,eed70aae-cb82-42cc-a98a-d55cdf52d3b8,Hot,f,,0,AUTOMATIC,Reply to Lead,,,695729d5-b8d4-4caf-9188-262a2db133aa,,,,,,,,
0a31f7f2-686a-45ff-86c0-c1f199c55260,Hassan,Raza,KFN Holdings,hassan.raza@kfn.com.sa,+966551122334,NEW,LinkedIn,,95,LinkedIn Lead Gen Forms Mock,Enterprise Prefab Buildings,"{""simulated"":true,""linkedin_form_id"":""li_form_993"",""profile_url"":""linkedin.com/in/hassanraza""}",f,f,,,,adc833ad-1be5-41fe-9540-6f265e97aa49,,,,,,0,,email,2026-08-15 08:07:15.012+00,2026-08-16 05:12:22.365+00,ef8cd2d6-7fc3-43cc-adbc-a972880998af,Hot,f,,0,AUTOMATIC,Reply to Lead,,,adc833ad-1be5-41fe-9540-6f265e97aa49,,,,,,,,
6b98a314-06b7-4fbf-bbae-c6fe86dcb803,Hassan,Raza,KFN Holdings,hassan.raza@kfn.com.sa,+966551122334,NEW,LinkedIn,,95,LinkedIn Lead Gen Forms Mock,Enterprise Prefab Buildings,"{""simulated"":true,""linkedin_form_id"":""li_form_993"",""profile_url"":""linkedin.com/in/hassanraza""}",f,f,,,,adc833ad-1be5-41fe-9540-6f265e97aa49,,,,,,0,,email,2026-08-15 07:17:12.475+00,2026-08-16 05:12:05.977+00,a6b3cb0c-bce8-41fe-8eef-03e0c5490a6f,Hot,f,,0,AUTOMATIC,Reply to Lead,,,adc833ad-1be5-41fe-9540-6f265e97aa49,,,,,,,,
390a9188-480b-4b2b-a52a-7afa945121b0,Majed,Al-Otaibi,Riyadh Construction,majed@riyadhconst.com,+966501234567,NEW,Email,,85,Gmail Mock Integration,GCC Site Cabin Campaign,"{""simulated"":true,""headers"":{""from"":""majed@riyadhconst.com"",""subject"":""Quote request for site cabins""}}",f,f,,,,e36adc11-50c5-40bd-b627-2db2eb404c50,,,,,,0,,email,2026-08-15 07:45:11.309+00,2026-08-16 05:12:16.199+00,255f20c1-f5f7-4cfc-b3c4-0c60e657b640,Hot,f,,0,AUTOMATIC,Reply to Lead,,,e36adc11-50c5-40bd-b627-2db2eb404c50,,,,,,,,
96e58d08-a193-41e4-8723-94e7de0a26b2,Karen,King,Quantum Holdings Inc.,karen.king@quantumholdingsinc.com,+1 (253) 425-9440,NEW,Webinar Series,Construction,62,,Q1 Enterprise Tech Expo,,f,f,,,$330k,8a6209ad-6e96-4d32-ba53-0649ffbcb709,LD-2025-01007,,,,,0,,,2026-06-27 11:09:08.022+00,2026-08-05 11:09:08.023+00,5579bbef-b890-4d99-91e2-e017decbd26e,Warm,f,,0,AUTOMATIC,Reply to Lead,,,8a6209ad-6e96-4d32-ba53-0649ffbcb709,,,,,,,,
d5d3f3e6-0241-46df-a6e7-77c8046261f9,Daniel,Hill,Nexus Systems Inc.,daniel.hill@nexussystemsinc.com,+1 (625) 686-5503,NEW,Partner Referral,Technology,58,,Direct Executive Outreach,,t,f,,,$66k,8ca41a77-2c11-499a-9db1-4646cc34946b,LD-2025-01008,,,,,0,,,2025-09-12 11:09:08.31+00,2026-08-05 11:09:08.31+00,5579bbef-b890-4d99-91e2-e017decbd26e,Warm,f,,0,AUTOMATIC,Reply to Lead,,,8ca41a77-2c11-499a-9db1-4646cc34946b,,,,,,,,
f597baf6-3c86-4f4f-ba73-c3dc9fc34f77,Majed,Al-Otaibi,Riyadh Construction,majed@riyadhconst.com,+966501234567,NEW,Email,,85,Gmail Mock Integration,GCC Site Cabin Campaign,"{""simulated"":true,""headers"":{""from"":""majed@riyadhconst.com"",""subject"":""Quote request for site cabins""}}",f,f,,,,e36adc11-50c5-40bd-b627-2db2eb404c50,,,,,,0,,email,2026-08-15 07:51:10.086+00,2026-08-16 05:12:17.968+00,eed70aae-cb82-42cc-a98a-d55cdf52d3b8,Hot,f,,0,AUTOMATIC,Reply to Lead,,,e36adc11-50c5-40bd-b627-2db2eb404c50,,,,,,,,
ea042079-5de1-4a15-9b16-034309db958f,Majed,Al-Otaibi,Riyadh Construction,majed@riyadhconst.com,+966501234567,NEW,Email,,85,Gmail Mock Integration,GCC Site Cabin Campaign,"{""simulated"":true,""headers"":{""from"":""majed@riyadhconst.com"",""subject"":""Quote request for site cabins""}}",f,f,,,,e36adc11-50c5-40bd-b627-2db2eb404c50,,,,,,0,,email,2026-08-15 07:53:12.393+00,2026-08-16 05:12:18.223+00,eed70aae-cb82-42cc-a98a-d55cdf52d3b8,Hot,f,,0,AUTOMATIC,Reply to Lead,,,e36adc11-50c5-40bd-b627-2db2eb404c50,,,,,,,,
9e254f37-0a8e-4302-a453-19cd54ea1e2d,Tariq,Jameel,BuildCorp LLC,tariq@buildcorp.ae,+971509876543,NEW,Facebook,,85,Meta Ads Lead Form Mock,Prefab Office Ads,"{""simulated"":true,""ad_id"":""meta_ad_prefab_101"",""lead_id"":""fb_lead_55029""}",f,f,,,,695729d5-b8d4-4caf-9188-262a2db133aa,,,,,,0,,email,2026-08-15 07:53:12.848+00,2026-08-16 05:12:18.48+00,eed70aae-cb82-42cc-a98a-d55cdf52d3b8,Hot,f,,0,AUTOMATIC,Reply to Lead,,,695729d5-b8d4-4caf-9188-262a2db133aa,,,,,,,,
43ab41e9-2112-4e63-9072-f6d4b4097bd3,Hassan,Raza,KFN Holdings,hassan.raza@kfn.com.sa,+966551122334,NEW,LinkedIn,,95,LinkedIn Lead Gen Forms Mock,Enterprise Prefab Buildings,"{""simulated"":true,""linkedin_form_id"":""li_form_993"",""profile_url"":""linkedin.com/in/hassanraza""}",f,f,,,,adc833ad-1be5-41fe-9540-6f265e97aa49,,,,,,0,,email,2026-08-15 07:53:13.603+00,2026-08-16 05:12:18.729+00,eed70aae-cb82-42cc-a98a-d55cdf52d3b8,Hot,f,,0,AUTOMATIC,Reply to Lead,,,adc833ad-1be5-41fe-9540-6f265e97aa49,,,,,,,,
20d5840f-3a63-4ad4-ad0d-160ac2ee989f,Khaled,Al-Masri,Red Sea Dev,khaled@redseadev.sa,+966501234567,NEW,Email,,85,Gmail Mock Integration,GCC Site Cabin Campaign,"{""simulated"":true,""headers"":{""from"":""khaled@redseadev.sa"",""subject"":""Quote request for site cabins""}}",f,f,,,,d495c3f1-f1ca-4a27-b225-1a3bac55381b,,,,,,0,,email,2026-08-15 07:57:10.591+00,2026-08-16 05:12:18.986+00,7486a411-91a0-45ef-80f5-4e0ed4bb891b,Hot,f,,0,AUTOMATIC,Reply to Lead,,,d495c3f1-f1ca-4a27-b225-1a3bac55381b,,,,,,,,
ee1269ef-3711-43a2-a822-7cb3d3fa2cf8,Tariq,Jameel,BuildCorp LLC,tariq@buildcorp.ae,+971509876543,NEW,Facebook,,85,Meta Ads Lead Form Mock,Prefab Office Ads,"{""simulated"":true,""ad_id"":""meta_ad_prefab_101"",""lead_id"":""fb_lead_55029""}",f,f,,,,695729d5-b8d4-4caf-9188-262a2db133aa,,,,,,0,,email,2026-08-15 07:57:12.349+00,2026-08-16 05:12:19.235+00,7486a411-91a0-45ef-80f5-4e0ed4bb891b,Hot,f,,0,AUTOMATIC,Reply to Lead,,,695729d5-b8d4-4caf-9188-262a2db133aa,,,,,,,,
